postId,postUrl,commentId,commentUrl,text,timestamp,likesCount,userId,username,userFullName,ownerProfilePicUrl,owner,ownerUsername,isVerified,hasLikedComment,childCommentCount,repliesCount
3891669691718832834,https://www.instagram.com/p/DYB_Pc2DhLC/?utm_source=ig_web_copy_link&igsh=MzRlODBiNWFlZA==,18114767350702733,https://www.instagram.com/p/DYB_Pc2DhLC/?utm_source=ig_web_copy_link&igsh=MzRlODBiNWFlZA==/c/18114767350702733/,Coba buat postingan kritik pemerintah kak,1778143560,9925,2235738709,gnrxxki,,https://scontent-iad6-1.cdninstagram.com/v/t51.82787-19/551057952_18479436106074710_8064216012374103146_n.jpg?stp=dst-jpg_s150x150_tt6&_nc_cat=100&ccb=7-5&_nc_sid=f7ccc5&efg=eyJ2ZW5jb2RlX3RhZyI6InByb2ZpbGVfcGljLnd3dy4xMDgwLkMzIn0%3D&_nc_ohc=zisp7lviP2UQ7kNvwGVckTa&_nc_oc=AdrP4WTEinqS-M0c1U5kitNgM9nRMhRgIz15SuIEqB1Icarxkh3GfM2v5jcWXonGHZs&_nc_zt=24&_nc_ht=scontent-iad6-1.cdninstagram.com&_nc_gid=WMI2tPWUAJnlmj3zmmGOgQ&_nc_ss=7d6a8&oh=00_Af6Pt6ofOyMjjmTz8I9Jp51xQ2V05t-WVRaS-M4bmdk-iw&oe=6A039416,gnrxxki,gnrxxki,FALSE,FALSE,44,44
3891669691718832834,https://www.instagram.com/p/DYB_Pc2DhLC/?utm_source=ig_web_copy_link&igsh=MzRlODBiNWFlZA==,18101576647954215,https://www.instagram.com/p/DYB_Pc2DhLC/?utm_source=ig_web_copy_link&igsh=MzRlODBiNWFlZA==/c/18101576647954215/,Tapi kok berita Bank BNI kemarin gak muncul? Tapi malah post Bank BNI lagi bagi bagi hadiah. Ehhhhh,1778143495,11651,1708501363,thomas_dyp,Thomas Dwi Yananto Putra,https://scontent-iad6-1.cdninstagram.com/v/t51.2885-19/441330365_956097942834876_9220006302506834693_n.jpg?stp=dst-jpg_s150x150_tt6&_nc_cat=106&ccb=7-5&_nc_sid=f7ccc5&efg=eyJ2ZW5jb2RlX3RhZyI6InByb2ZpbGVfcGljLnd3dy44MjguQzMifQ%3D%3D&_nc_ohc=yheEVs6OKR4Q7kNvwFq0LCu&_nc_oc=Adq-1f-JYqGX8FEDwAjPNV-EcT5YG3IzQLR0BfiXHU2NBS4bD2ukpD7MaqZ56zPLAIQ&_nc_zt=24&_nc_ht=scontent-iad6-1.cdninstagram.com&_nc_ss=7d6a8&oh=00_Af4IoLbmCRUjxql6QZyetfS2nlmgpRYJ3CdML_VhHlMiIg&oe=6A03A613,thomas_dyp,thomas_dyp,FALSE,FALSE,71,71
3891669691718832834,https://www.instagram.com/p/DYB_Pc2DhLC/?utm_source=ig_web_copy_link&igsh=MzRlODBiNWFlZA==,17913675480183330,https://www.instagram.com/p/DYB_Pc2DhLC/?utm_source=ig_web_copy_link&igsh=MzRlODBiNWFlZA==/c/17913675480183330/,"Time Will tell guys, apakah informasi yg jadi concern rakyat akan sering diposting atau ga kedepannya , mari kita tunggu🙌",1778143695,2433,68902757485,oh.ini.faktaa,FAKTA DUNIA | FAKTA UNIK | INFORMASI,https://scontent-iad3-1.cdninstagram.com/v/t51.2885-19/460285484_434954339698406_130147884719655572_n.jpg?stp=dst-jpg_s150x150_tt6&_nc_cat=1&ccb=7-5&_nc_sid=f7ccc5&efg=eyJ2ZW5jb2RlX3RhZyI6InByb2ZpbGVfcGljLnd3dy40MjUuQzMifQ%3D%3D&_nc_ohc=zazFeMiXTvMQ7kNvwFSkZP9&_nc_oc=AdocgU57FGdM3Hx0qzy_8dyknVgovTfoMHo-tEYX0T8SROs9bYTiVKoe9PtSBheOrgo&_nc_zt=24&_nc_ht=scontent-iad3-1.cdninstagram.com&_nc_ss=7d6a8&oh=00_Af57Pn1ufrbAbAbIYL2NMn31X7hmFyCkuTvs0zFKotk9Zg&oe=6A03914E,oh.ini.faktaa,oh.ini.faktaa,FALSE,FALSE,23,23
3891669691718832834,https://www.instagram.com/p/DYB_Pc2DhLC/?utm_source=ig_web_copy_link&igsh=MzRlODBiNWFlZA==,18067216796689966,https://www.instagram.com/p/DYB_Pc2DhLC/?utm_source=ig_web_copy_link&igsh=MzRlODBiNWFlZA==/c/18067216796689966/,apakah ini bagian dari brief pemerintahnya min? wkwkwkwk,1778145176,8379,1612399857,kemal_adr,Kemal Adrianto,https://scontent-iad3-2.cdninstagram.com/v/t51.2885-19/440877335_1233509484276712_4841147761753724267_n.jpg?stp=dst-jpg_s150x150_tt6&_nc_cat=105&ccb=7-5&_nc_sid=f7ccc5&efg=eyJ2ZW5jb2RlX3RhZyI6InByb2ZpbGVfcGljLnd3dy4xMDgwLkMzIn0%3D&_nc_ohc=2hawVYbYjPQQ7kNvwGthPkV&_nc_oc=AdpbOhBz8oDxwsu2hekpv8jlACy8T8r0sdxaEVCRnb9QkXvyhyS6KbNNTJo2SJDKjqc&_nc_zt=24&_nc_ht=scontent-iad3-2.cdninstagram.com&_nc_ss=7d6a8&oh=00_Af7l7sEKOIbfCDXYQ7YmPBnZ4Tr0_FlzOPVQhkZMJnVsaQ&oe=6A03B291,kemal_adr,kemal_adr,FALSE,FALSE,25,25
3891669691718832834,https://www.instagram.com/p/DYB_Pc2DhLC/?utm_source=ig_web_copy_link&igsh=MzRlODBiNWFlZA==,18099095351083359,https://www.instagram.com/p/DYB_Pc2DhLC/?utm_source=ig_web_copy_link&igsh=MzRlODBiNWFlZA==/c/18099095351083359/,CUCI TANGAN SAMPAI BERSIH YA 😹,1778143619,4939,2015768655,kuyangnatadecoco,kuyangnatadecoco,https://scontent-iad6-1.cdninstagram.com/v/t51.82787-19/612647197_18525654454064656_4118051445912587624_n.jpg?stp=dst-jpg_s150x150_tt6&_nc_cat=109&ccb=7-5&_nc_sid=f7ccc5&efg=eyJ2ZW5jb2RlX3RhZyI6InByb2ZpbGVfcGljLnd3dy4xMDgwLkMzIn0%3D&_nc_ohc=wcF_8xw4C3cQ7kNvwGRQXct&_nc_oc=Ado873TwQIiq9XCQo5nZNtl8wNdfQeF0xnD9qvVCIFUUhss4LZ6pVFV0oQVOMUP3n4Q&_nc_zt=24&_nc_ht=scontent-iad6-1.cdninstagram.com&_nc_gid=WMI2tPWUAJnlmj3zmmGOgQ&_nc_ss=7d6a8&oh=00_Af7HRfBXmAoSYIccsTAIoY3Cx6m8-bs26SSOd41sqAFzyA&oe=6A038A31,kuyangnatadecoco,kuyangnatadecoco,FALSE,FALSE,26,26
3891669691718832834,https://www.instagram.com/p/DYB_Pc2DhLC/?utm_source=ig_web_copy_link&igsh=MzRlODBiNWFlZA==,18124742164613355,https://www.instagram.com/p/DYB_Pc2DhLC/?utm_source=ig_web_copy_link&igsh=MzRlODBiNWFlZA==/c/18124742164613355/,semangat apus apusin komen🙌,1778146118,3415,1986012360,spertibersepeda,,https://scontent-iad3-1.cdninstagram.com/v/t51.82787-19/649157364_18530512438068361_1176022214145492965_n.jpg?stp=dst-jpg_s150x150_tt6&_nc_cat=110&ccb=7-5&_nc_sid=f7ccc5&efg=eyJ2ZW5jb2RlX3RhZyI6InByb2ZpbGVfcGljLnd3dy4xMDgwLkMzIn0%3D&_nc_ohc=DFLkYgeQzycQ7kNvwFKZhqG&_nc_oc=AdrICZXQ2qpJwLKdEw-lXFkCDXwTm3vJ5Ul8zvPlArCh7p0lUYAaA0FSG9zxpd1FdyU&_nc_zt=24&_nc_ht=scontent-iad3-1.cdninstagram.com&_nc_gid=WMI2tPWUAJnlmj3zmmGOgQ&_nc_ss=7d6a8&oh=00_Af7xrDOKbZSNrrXEnCfyodQqK4Uh87B6peX5hAqZHDjTKQ&oe=6A038C0B,spertibersepeda,spertibersepeda,FALSE,FALSE,12,12
3891669691718832834,https://www.instagram.com/p/DYB_Pc2DhLC/?utm_source=ig_web_copy_link&igsh=MzRlODBiNWFlZA==,18094276219899993,https://www.instagram.com/p/DYB_Pc2DhLC/?utm_source=ig_web_copy_link&igsh=MzRlODBiNWFlZA==/c/18094276219899993/,Folkative bukannya emang dari dulu memuja pemerintah apapun kebijakan yg merugikan rakyat? ☺️☺️,1778144670,3584,648038279,sofiadebi,Sofia Debi Puspa,https://scontent-iad6-1.cdninstagram.com/v/t51.82787-19/696121836_18587185267038280_8398845419852643438_n.jpg?stp=dst-jpg_s150x150_tt6&_nc_cat=106&ccb=7-5&_nc_sid=f7ccc5&efg=eyJ2ZW5jb2RlX3RhZyI6InByb2ZpbGVfcGljLnd3dy4xMDgwLkMzIn0%3D&_nc_ohc=MKd1OyjWj28Q7kNvwHKtdYQ&_nc_oc=Adre35lC_gJKpj4E7cI1k3Gw2fX1KguwgimendCp7TnPC-2b0D0YaHnL1HkGHKGEXu8&_nc_zt=24&_nc_ht=scontent-iad6-1.cdninstagram.com&_nc_gid=WMI2tPWUAJnlmj3zmmGOgQ&_nc_ss=7d6a8&oh=00_Af6Ma0wcHiyr8G_zWd0BbEo6m0q8giJTVDrogQmqyi00sA&oe=6A039966,sofiadebi,sofiadebi,FALSE,FALSE,14,14
3891669691718832834,https://www.instagram.com/p/DYB_Pc2DhLC/?utm_source=ig_web_copy_link&igsh=MzRlODBiNWFlZA==,18081224771147011,https://www.instagram.com/p/DYB_Pc2DhLC/?utm_source=ig_web_copy_link&igsh=MzRlODBiNWFlZA==/c/18081224771147011/,"Semua media klarifikasi gini wkwkwk, Mau ditaro dimana muka Qodari 😂😂😂",1778143317,5293,4202983922,ajaypardian,Ajay P Ardian,https://scontent-iad6-1.cdninstagram.com/v/t51.82787-19/659077070_18435860734143923_8927840907919203013_n.jpg?stp=dst-jpg_s150x150_tt6&_nc_cat=106&ccb=7-5&_nc_sid=f7ccc5&efg=eyJ2ZW5jb2RlX3RhZyI6InByb2ZpbGVfcGljLnd3dy4xMDgwLkMzIn0%3D&_nc_ohc=f-LHENCFsLkQ7kNvwG-405W&_nc_oc=AdqsIVnDgQS4ezNIN0Ow_ZpCEDthcA0oN6JPjz48HsuKTOg1wzMULD_epmyR3k0JZtw&_nc_zt=24&_nc_ht=scontent-iad6-1.cdninstagram.com&_nc_gid=WMI2tPWUAJnlmj3zmmGOgQ&_nc_ss=7d6a8&oh=00_Af6fGSu_IC9PONpQx5NcP3EkJzbAsqQAKY5hR7oRWXs88w&oe=6A03B887,ajaypardian,ajaypardian,FALSE,FALSE,42,42
3891669691718832834,https://www.instagram.com/p/DYB_Pc2DhLC/?utm_source=ig_web_copy_link&igsh=MzRlODBiNWFlZA==,18002457827873457,https://www.instagram.com/p/DYB_Pc2DhLC/?utm_source=ig_web_copy_link&igsh=MzRlODBiNWFlZA==/c/18002457827873457/,YUYUR YANGGHAL ✌🏻✌🏻,1778143359,1487,1270182817,illbesuccesful,Nin.,https://scontent-iad3-1.cdninstagram.com/v/t51.82787-19/542742280_18526005154038818_4622378683854550557_n.jpg?stp=dst-jpg_s150x150_tt6&_nc_cat=101&ccb=7-5&_nc_sid=f7ccc5&efg=eyJ2ZW5jb2RlX3RhZyI6InByb2ZpbGVfcGljLnd3dy44NjQuQzMifQ%3D%3D&_nc_ohc=cwon2P2i2LcQ7kNvwGTytur&_nc_oc=AdqfYlK3k7In_SMF8e0B90_1nK82S_1VBY99izec9vQ1omyuRlcME6LZKg00ui7PqkM&_nc_zt=24&_nc_ht=scontent-iad3-1.cdninstagram.com&_nc_gid=WMI2tPWUAJnlmj3zmmGOgQ&_nc_ss=7d6a8&oh=00_Af5s5IKFCb356YkL28z-vyw4eNsLbCpz61t9hU4f-1zN0g&oe=6A038590,illbesuccesful,illbesuccesful,FALSE,FALSE,6,6
3891669691718832834,https://www.instagram.com/p/DYB_Pc2DhLC/?utm_source=ig_web_copy_link&igsh=MzRlODBiNWFlZA==,18576175810031129,https://www.instagram.com/p/DYB_Pc2DhLC/?utm_source=ig_web_copy_link&igsh=MzRlODBiNWFlZA==/c/18576175810031129/,"Sebutkan kelebihan mu : Gamau Terima uang dari istana, Alhamdulillah masih cukup buat hidup 🔥🙌",1778143337,1891,1537495148,eza_hrsmann,𝚁𝚎𝚣𝚊 𝙷𝚘𝚛𝚒𝚜𝚖𝚊𝚗 𓃠,https://scontent-iad3-1.cdninstagram.com/v/t51.82787-19/591126028_18541044271023149_6980955022445556337_n.jpg?stp=dst-jpg_s150x150_tt6&_nc_cat=1&ccb=7-5&_nc_sid=f7ccc5&efg=eyJ2ZW5jb2RlX3RhZyI6InByb2ZpbGVfcGljLnd3dy4xMDgwLkMzIn0%3D&_nc_ohc=Il1990H9eNsQ7kNvwE6h2op&_nc_oc=Adpb2R79wRRSkaKVunJJu6cT-0A3IpPI4yXIloayFl8sNwCxJuyanEqW0h_8SJak0mg&_nc_zt=24&_nc_ht=scontent-iad3-1.cdninstagram.com&_nc_gid=WMI2tPWUAJnlmj3zmmGOgQ&_nc_ss=7d6a8&oh=00_Af6wjpc9HupOJoS8TM7eQNzuWHenWUMJMtbMqGRvfh4RaQ&oe=6A03B840,eza_hrsmann,eza_hrsmann,FALSE,FALSE,8,8
3891669691718832834,https://www.instagram.com/p/DYB_Pc2DhLC/?utm_source=ig_web_copy_link&igsh=MzRlODBiNWFlZA==,18168792631421633,https://www.instagram.com/p/DYB_Pc2DhLC/?utm_source=ig_web_copy_link&igsh=MzRlODBiNWFlZA==/c/18168792631421633/,WADAWW UDAH BEBERAPA AKUN MEDIA SAMPE KLARIFIKASI HAL YANG SAMA 🙃🙃🙃,1778143457,163,43511588823,cettamandarin,Cetta - Kursus Bahasa Mandarin 🇨🇳🇹🇼 #Pedeajadulu,https://scontent-iad3-1.cdninstagram.com/v/t51.82787-19/657829327_18077043275452824_8507011888499935423_n.jpg?stp=dst-jpg_s150x150_tt6&_nc_cat=1&ccb=7-5&_nc_sid=f7ccc5&efg=eyJ2ZW5jb2RlX3RhZyI6InByb2ZpbGVfcGljLnd3dy4xMDgwLkMzIn0%3D&_nc_ohc=NgO9hdPqubAQ7kNvwEwQA3J&_nc_oc=Adre0D9W59suDnAhVZ706Tt5yN2nPkppOhlS4miO1TPVqXJFQ3i9mf0KcGqKLlmDf5I&_nc_zt=24&_nc_ht=scontent-iad3-1.cdninstagram.com&_nc_gid=WMI2tPWUAJnlmj3zmmGOgQ&_nc_ss=7d6a8&oh=00_Af51Oypo2IdRE4e7UbhH9yojGzGfEVUUmHMaqAROxcIGZw&oe=6A03AD1A,cettamandarin,cettamandarin,FALSE,FALSE,2,2
3891669691718832834,https://www.instagram.com/p/DYB_Pc2DhLC/?utm_source=ig_web_copy_link&igsh=MzRlODBiNWFlZA==,18012237023891455,https://www.instagram.com/p/DYB_Pc2DhLC/?utm_source=ig_web_copy_link&igsh=MzRlODBiNWFlZA==/c/18012237023891455/,Ada apa ini? Kok aku ketinggalan 😭,1778153762,3,48167329047,agrestamj,AGRES,https://scontent-iad3-1.cdninstagram.com/v/t51.82787-19/542295083_18063138536601048_2301724729010117139_n.jpg?stp=dst-jpg_s150x150_tt6&_nc_cat=1&ccb=7-5&_nc_sid=f7ccc5&efg=eyJ2ZW5jb2RlX3RhZyI6InByb2ZpbGVfcGljLnd3dy4xMDgwLkMzIn0%3D&_nc_ohc=g0l21indkIAQ7kNvwE9OEft&_nc_oc=AdrleZSOTczjJTDDtKenPXQmfiMToIV-0oGNDmj7Y9EppnwLCKEwR_dRHwl0CPLQKfc&_nc_zt=24&_nc_ht=scontent-iad3-1.cdninstagram.com&_nc_gid=WMI2tPWUAJnlmj3zmmGOgQ&_nc_ss=7d6a8&oh=00_Af7PBDHHMH4153V6kXrLSvDyPw8eko889pIPaO7nX0XLsg&oe=6A03966D,agrestamj,agrestamj,FALSE,FALSE,2,2
3891669691718832834,https://www.instagram.com/p/DYB_Pc2DhLC/?utm_source=ig_web_copy_link&igsh=MzRlODBiNWFlZA==,17864857338623473,https://www.instagram.com/p/DYB_Pc2DhLC/?utm_source=ig_web_copy_link&igsh=MzRlODBiNWFlZA==/c/17864857338623473/,Abis baca di X katanya titik terendah dalam hidup yaitu dituduh/dikira jadi buzzer pemerintah🤣😭,1778144063,923,563491354,kartikadrch,Kartika Rachmah,https://scontent-iad6-1.cdninstagram.com/v/t51.82787-19/673243496_18579923737035355_2519890591637187764_n.jpg?stp=dst-jpg_s150x150_tt6&_nc_cat=100&ccb=7-5&_nc_sid=f7ccc5&efg=eyJ2ZW5jb2RlX3RhZyI6InByb2ZpbGVfcGljLnd3dy4xMDgwLkMzIn0%3D&_nc_ohc=GL1NaYot2bMQ7kNvwEmLIYe&_nc_oc=AdrlaDM0Tpg7pZ8q3SXuagXfqazMLHOm-VN4uIfGFNDSukqPvoPWagI76P9kJWux3MY&_nc_zt=24&_nc_ht=scontent-iad6-1.cdninstagram.com&_nc_gid=WMI2tPWUAJnlmj3zmmGOgQ&_nc_ss=7d6a8&oh=00_Af5e_1AYwtzq4KOZhPAc0-ymnLPAWFLNmfb81hAJ1O3aiA&oe=6A03A2C4,kartikadrch,kartikadrch,FALSE,FALSE,6,6
3891669691718832834,https://www.instagram.com/p/DYB_Pc2DhLC/?utm_source=ig_web_copy_link&igsh=MzRlODBiNWFlZA==,18082261511270330,https://www.instagram.com/p/DYB_Pc2DhLC/?utm_source=ig_web_copy_link&igsh=MzRlODBiNWFlZA==/c/18082261511270330/,"GUE DOAIN LO SEMUA JALANNYA DIMUDAHKAN, KARIRNYA DISUKSESKAN, REZEKINYA DILANCARKAN DAN DOA-DOA BAIKNYA DIKABULKAN🤲🏻🤲🏻🤲🏻",1778145535,51,6848819783,helga_ikko,Helga Ikko Agatha,https://scontent-iad3-1.cdninstagram.com/v/t51.82787-19/629264618_18351080077227784_12552729370536415_n.jpg?stp=dst-jpg_s150x150_tt6&_nc_cat=1&ccb=7-5&_nc_sid=f7ccc5&efg=eyJ2ZW5jb2RlX3RhZyI6InByb2ZpbGVfcGljLnd3dy43NTQuQzMifQ%3D%3D&_nc_ohc=7sdKupa8eHIQ7kNvwGz-SNa&_nc_oc=AdrjYcpzLsxH9FgDLOGmFlgFEnne4HQj0HHepiroX0YLjOyAhy_jSWT-dL6oG3r4GrA&_nc_zt=24&_nc_ht=scontent-iad3-1.cdninstagram.com&_nc_gid=WMI2tPWUAJnlmj3zmmGOgQ&_nc_ss=7d6a8&oh=00_Af7KdNBwVCVVshJxFqy6z6cV-RQtweM_gPG4hMWDqlS_PA&oe=6A03BC52,helga_ikko,helga_ikko,FALSE,FALSE,0,0
3891669691718832834,https://www.instagram.com/p/DYB_Pc2DhLC/?utm_source=ig_web_copy_link&igsh=MzRlODBiNWFlZA==,17965688696913162,https://www.instagram.com/p/DYB_Pc2DhLC/?utm_source=ig_web_copy_link&igsh=MzRlODBiNWFlZA==/c/17965688696913162/,Pada klarifikasi ga terlibat. Berarti Qodari nyebar hoax dong🤣,1778144339,869,2036261593,zizzahzackya,Zakiyatul Azizah🐣,https://scontent-iad6-1.cdninstagram.com/v/t51.82787-19/619513126_18515479513069594_4049685576943018536_n.jpg?stp=dst-jpg_s150x150_tt6&_nc_cat=107&ccb=7-5&_nc_sid=f7ccc5&efg=eyJ2ZW5jb2RlX3RhZyI6InByb2ZpbGVfcGljLnd3dy4xMDgwLkMzIn0%3D&_nc_ohc=PBjHxdd6ESMQ7kNvwGRmBwM&_nc_oc=Ado4Tngz6hREHm6SHou_r6KK4a-jfCOTF8Uxdxk7qjePRuAyWDyTaXl12qGVZQNOsSg&_nc_zt=24&_nc_ht=scontent-iad6-1.cdninstagram.com&_nc_gid=WMI2tPWUAJnlmj3zmmGOgQ&_nc_ss=7d6a8&oh=00_Af53iHiQycmB_NILpLLmcEHY1YluoGa4QT9Efg0upx9Xkg&oe=6A03B6F5,zizzahzackya,zizzahzackya,FALSE,FALSE,33,33
3891669691718832834,https://www.instagram.com/p/DYB_Pc2DhLC/?utm_source=ig_web_copy_link&igsh=MzRlODBiNWFlZA==,18373110157201458,https://www.instagram.com/p/DYB_Pc2DhLC/?utm_source=ig_web_copy_link&igsh=MzRlODBiNWFlZA==/c/18373110157201458/,"Iya iya iyaaaaa, sekarang coba bilang MBG ga guna 😂",1778152551,258,287749256,rifqy_cing,Rifqy Cing,https://scontent-iad6-1.cdninstagram.com/v/t51.82787-19/551976438_18523934560005257_8990876174029663244_n.jpg?stp=dst-jpg_s150x150_tt6&_nc_cat=107&ccb=7-5&_nc_sid=f7ccc5&efg=eyJ2ZW5jb2RlX3RhZyI6InByb2ZpbGVfcGljLnd3dy44NjQuQzMifQ%3D%3D&_nc_ohc=GO9M1wQ9YNcQ7kNvwFZ4Jez&_nc_oc=AdoId0dwHWOu7k_YRGYJzVPUIVVBxWsm7GJeZWSnyxcUXCCkBAcsF7k6HS-19cF3aB4&_nc_zt=24&_nc_ht=scontent-iad6-1.cdninstagram.com&_nc_gid=YVzTi_7OXT0eF77y3gncMg&_nc_ss=7d6a8&oh=00_Af4L9jAAEwurNuJsKo-vLPOE8ZYz80E4epiYlQHhN4BdSw&oe=6A039F67,rifqy_cing,rifqy_cing,FALSE,FALSE,2,2
3891669691718832834,https://www.instagram.com/p/DYB_Pc2DhLC/?utm_source=ig_web_copy_link&igsh=MzRlODBiNWFlZA==,18122172343724105,https://www.instagram.com/p/DYB_Pc2DhLC/?utm_source=ig_web_copy_link&igsh=MzRlODBiNWFlZA==/c/18122172343724105/,UNFOLLOW MEDIA PEMERINTAH,1778144161,860,28659977596,joel31_mav,Joel_Mav31,https://scontent-iad3-1.cdninstagram.com/v/t51.82787-19/671286138_18092376427953597_8896001636582994659_n.jpg?stp=dst-jpg_s150x150_tt6&_nc_cat=1&ccb=7-5&_nc_sid=f7ccc5&efg=eyJ2ZW5jb2RlX3RhZyI6InByb2ZpbGVfcGljLnd3dy4xMDgwLkMzIn0%3D&_nc_ohc=tvl-HYBbIM8Q7kNvwHcH5vZ&_nc_oc=AdpFCva-QjI6VGEy19PrF7i2F9rA72J3VyRFI-LVMEow5-HUMpmOws4PIv5oqiKbzjU&_nc_zt=24&_nc_ht=scontent-iad3-1.cdninstagram.com&_nc_gid=YVzTi_7OXT0eF77y3gncMg&_nc_ss=7d6a8&oh=00_Af5pJMvnhNvVrDVxY81i-gGKApVJednBnXJYljcTE82O_A&oe=6A039F56,joel31_mav,joel31_mav,FALSE,FALSE,14,14
3891669691718832834,https://www.instagram.com/p/DYB_Pc2DhLC/?utm_source=ig_web_copy_link&igsh=MzRlODBiNWFlZA==,18062451287422697,https://www.instagram.com/p/DYB_Pc2DhLC/?utm_source=ig_web_copy_link&igsh=MzRlODBiNWFlZA==/c/18062451287422697/,Oke kalau gitu jawab ini MBG bermanfaat atau tidak min?,1778144083,1328,8105460922,m.aqsyaraynaldi,Aqsya Raynaldi,https://scontent-iad3-1.cdninstagram.com/v/t51.82787-19/582407901_18300700498268923_4194436674638761255_n.jpg?stp=dst-jpg_s150x150_tt6&_nc_cat=104&ccb=7-5&_nc_sid=f7ccc5&efg=eyJ2ZW5jb2RlX3RhZyI6InByb2ZpbGVfcGljLnd3dy40OTMuQzMifQ%3D%3D&_nc_ohc=B5WKwNC0SXIQ7kNvwHlYnKo&_nc_oc=AdpoiTYHpVY7LJHg-kjl4XRRM7hnrOCvZ2MvHHPFJCptid1Ej10maIGucPrd_kj6TOg&_nc_zt=24&_nc_ht=scontent-iad3-1.cdninstagram.com&_nc_gid=YVzTi_7OXT0eF77y3gncMg&_nc_ss=7d6a8&oh=00_Af43yDaIf_1c8X7kM1Uc3a8BJUOsfvNLP-mBHjc-GWJYog&oe=6A03865F,m.aqsyaraynaldi,m.aqsyaraynaldi,FALSE,FALSE,35,35
3891669691718832834,https://www.instagram.com/p/DYB_Pc2DhLC/?utm_source=ig_web_copy_link&igsh=MzRlODBiNWFlZA==,18265287394295038,https://www.instagram.com/p/DYB_Pc2DhLC/?utm_source=ig_web_copy_link&igsh=MzRlODBiNWFlZA==/c/18265287394295038/,Ini komennya kok banyak yg hilang ya,1778144329,1311,67152812115,gree.ntea013,,https://scontent-iad3-1.cdninstagram.com/v/t51.89012-19/573323465_1219825463302212_7278921664109726296_n.jpg?stp=dst-jpg_s150x150_tt6&_nc_cat=1&ccb=7-5&_nc_sid=f7ccc5&efg=eyJ2ZW5jb2RlX3RhZyI6InByb2ZpbGVfcGljLnd3dy5DMyJ9&_nc_ohc=Pji814fEPTcQ7kNvwEQfzBU&_nc_oc=AdrbXG0C2zsHFHFt2tWdYZtbrjrVXViuXMoqPhNRKh66FGDq_rXi8c4VHgae9tGS6IE&_nc_zt=24&_nc_ht=scontent-iad3-1.cdninstagram.com&_nc_gid=YVzTi_7OXT0eF77y3gncMg&_nc_ss=7d6a8&oh=00_Af4YGLOTbZOUjXjMd97t_DLCTQT3c_zb2nfZz06_udAsHg&oe=6A0395A2,gree.ntea013,gree.ntea013,FALSE,FALSE,4,4
3891669691718832834,https://www.instagram.com/p/DYB_Pc2DhLC/?utm_source=ig_web_copy_link&igsh=MzRlODBiNWFlZA==,17881788615416676,https://www.instagram.com/p/DYB_Pc2DhLC/?utm_source=ig_web_copy_link&igsh=MzRlODBiNWFlZA==/c/17881788615416676/,"KRITISLAH MAKANYA, KALO ADA BERITA TUH SERTAKAN DATANYA. KAYAK SWASEMBADA PANGAN, DATANYA DARIMANA TUH",1778143359,1081,8025657277,abdenegara27,Dyllan Abde Negara,https://scontent-iad3-1.cdninstagram.com/v/t51.2885-19/470163446_475439241817943_4452568944726241083_n.jpg?stp=dst-jpg_s150x150_tt6&_nc_cat=104&ccb=7-5&_nc_sid=f7ccc5&efg=eyJ2ZW5jb2RlX3RhZyI6InByb2ZpbGVfcGljLnd3dy4xMDgwLkMzIn0%3D&_nc_ohc=RzBtBGI7jnoQ7kNvwEBhE_H&_nc_oc=Adr0jnWxoNp1EJmOfj0CodIAGydkxsJd7mrqypekTp3yD0Jap389rCC5MnhSXY-vjlU&_nc_zt=24&_nc_ht=scontent-iad3-1.cdninstagram.com&_nc_ss=7d6a8&oh=00_Af4kgsVh9gbenY3y63o28CP0rE4vRq9iTy4nGh_EZ3Ll7Q&oe=6A038E83,abdenegara27,abdenegara27,FALSE,FALSE,12,12
3891669691718832834,https://www.instagram.com/p/DYB_Pc2DhLC/?utm_source=ig_web_copy_link&igsh=MzRlODBiNWFlZA==,18000767510749505,https://www.instagram.com/p/DYB_Pc2DhLC/?utm_source=ig_web_copy_link&igsh=MzRlODBiNWFlZA==/c/18000767510749505/,Tumben captionnya kosongan? Biasanya 😭😭😭😭😭😭😭😭🫵🫵🫵🫵🫵🫵🫵😭😭😭😭😭😭😭😭😭😭😭😭😭😭😭🫵🫵🫵🫵😭😭😭😭😭😭😭🫵🫵🫵🫵🫵🫵🫵🫵🫵🫵🫵🫵🫵😭😭😭😭😭😭😭😭😭😭😭😭😭😭😭😭😭😭🫵🫵🫵🫵🫵🫵🫵🫵😭😭😭😭🫵🫵🫵🫵🫵🫵🫵😭😭😭😭😭😭🫵🫵😭😭😭😭😭😭😭😭😭😭😭🫵🫵🫵🫵🫵🫵🫵🫵🫵🫵🫵,1778159417,56,1387643579,dilovprisca,ปริสก้า,https://scontent-iad6-1.cdninstagram.com/v/t51.82787-19/685842985_18597131278059580_979098570535369581_n.jpg?stp=dst-jpg_s150x150_tt6&_nc_cat=106&ccb=7-5&_nc_sid=f7ccc5&efg=eyJ2ZW5jb2RlX3RhZyI6InByb2ZpbGVfcGljLnd3dy4xMDgwLkMzIn0%3D&_nc_ohc=s697YGsdvwkQ7kNvwGJLzNL&_nc_oc=Adoswf8MlJllzx9BkPOcQ40K0AWGpm-1mpqGBjkzD2AWxuun3GYIunx6x75oZBxtwHk&_nc_zt=24&_nc_ht=scontent-iad6-1.cdninstagram.com&_nc_gid=YVzTi_7OXT0eF77y3gncMg&_nc_ss=7d6a8&oh=00_Af6NAAaGGpcoP7s5kuEmfe-Hti75ir8NqRjgIBGeHUNfOQ&oe=6A03A219,dilovprisca,dilovprisca,FALSE,FALSE,0,0
3891669691718832834,https://www.instagram.com/p/DYB_Pc2DhLC/?utm_source=ig_web_copy_link&igsh=MzRlODBiNWFlZA==,18092933804272331,https://www.instagram.com/p/DYB_Pc2DhLC/?utm_source=ig_web_copy_link&igsh=MzRlODBiNWFlZA==/c/18092933804272331/,APAANIH KOK KETINGGALAN SIH?? 😭,1778143293,605,4908523843,achmadramadhan05_,Achmad Ramadhan,https://scontent-iad6-1.cdninstagram.com/v/t51.2885-19/470731640_839087208223820_4597397778494042734_n.jpg?stp=dst-jpg_s150x150_tt6&_nc_cat=106&ccb=7-5&_nc_sid=f7ccc5&efg=eyJ2ZW5jb2RlX3RhZyI6InByb2ZpbGVfcGljLnd3dy41MjYuQzMifQ%3D%3D&_nc_ohc=VB717xeUTD4Q7kNvwGXwGHB&_nc_oc=Ado6C2M8isiVFUQ0_1GL18pOunMhuZUadUZN2dWVwuKTae8B-DbARReggGv6HqZySlE&_nc_zt=24&_nc_ht=scontent-iad6-1.cdninstagram.com&_nc_ss=7d6a8&oh=00_Af60GXta59PttAhJDxE3Tstz9SnJqLXLP2doeUX_46OenQ&oe=6A03A2C8,achmadramadhan05_,achmadramadhan05_,FALSE,FALSE,5,5
3891669691718832834,https://www.instagram.com/p/DYB_Pc2DhLC/?utm_source=ig_web_copy_link&igsh=MzRlODBiNWFlZA==,18094827485138323,https://www.instagram.com/p/DYB_Pc2DhLC/?utm_source=ig_web_copy_link&igsh=MzRlODBiNWFlZA==/c/18094827485138323/,kok pernyataan nya TEMPLATE 😂,1778146672,399,12397789549,galptm,,https://scontent-iad3-1.cdninstagram.com/v/t51.82787-19/684874446_18170297860413550_837060146108390647_n.jpg?stp=dst-jpg_s150x150_tt6&_nc_cat=101&ccb=7-5&_nc_sid=f7ccc5&efg=eyJ2ZW5jb2RlX3RhZyI6InByb2ZpbGVfcGljLnd3dy4xMDgwLkMzIn0%3D&_nc_ohc=9ms3dGKrTpIQ7kNvwHqzcGk&_nc_oc=AdqDhjN5PjSY1P5muBamg7RJbCOU6lFsRVE0O6nMdvbpOHFP8v_1_u5pM5ZlSbXDATk&_nc_zt=24&_nc_ht=scontent-iad3-1.cdninstagram.com&_nc_gid=YVzTi_7OXT0eF77y3gncMg&_nc_ss=7d6a8&oh=00_Af6_Pa7aH_JNl2F9E7h5g_BnuG0EqPSKqD19MC8uCXQnVw&oe=6A039F8C,galptm,galptm,FALSE,FALSE,8,8
3891669691718832834,https://www.instagram.com/p/DYB_Pc2DhLC/?utm_source=ig_web_copy_link&igsh=MzRlODBiNWFlZA==,18076169672243627,https://www.instagram.com/p/DYB_Pc2DhLC/?utm_source=ig_web_copy_link&igsh=MzRlODBiNWFlZA==/c/18076169672243627/,saat BNI ada kasus aja ini akun malah promosi jad ga respect sama akun ini,1778145257,515,33519450407,egironisthng,egi roni sitohang,https://scontent-iad3-1.cdninstagram.com/v/t51.89012-19/573323465_1219825463302212_7278921664109726296_n.jpg?stp=dst-jpg_s150x150_tt6&_nc_cat=1&ccb=7-5&_nc_sid=f7ccc5&efg=eyJ2ZW5jb2RlX3RhZyI6InByb2ZpbGVfcGljLnd3dy5DMyJ9&_nc_ohc=Pji814fEPTcQ7kNvwEQfzBU&_nc_oc=AdrbXG0C2zsHFHFt2tWdYZtbrjrVXViuXMoqPhNRKh66FGDq_rXi8c4VHgae9tGS6IE&_nc_zt=24&_nc_ht=scontent-iad3-1.cdninstagram.com&_nc_gid=YVzTi_7OXT0eF77y3gncMg&_nc_ss=7d6a8&oh=00_Af4YGLOTbZOUjXjMd97t_DLCTQT3c_zb2nfZz06_udAsHg&oe=6A0395A2,egironisthng,egironisthng,FALSE,FALSE,5,5
3891669691718832834,https://www.instagram.com/p/DYB_Pc2DhLC/?utm_source=ig_web_copy_link&igsh=MzRlODBiNWFlZA==,18081064205624938,https://www.instagram.com/p/DYB_Pc2DhLC/?utm_source=ig_web_copy_link&igsh=MzRlODBiNWFlZA==/c/18081064205624938/,"Jadi curiga, jangan"" postingan ini briefing dari pemerintah",1778147179,151,60594189014,andra_metaverse,Andra A.,https://scontent-iad6-1.cdninstagram.com/v/t51.2885-19/396851968_6847747885308883_2104559660965816034_n.jpg?stp=dst-jpg_s150x150_tt6&_nc_cat=106&ccb=7-5&_nc_sid=f7ccc5&efg=eyJ2ZW5jb2RlX3RhZyI6InByb2ZpbGVfcGljLnd3dy4xMDgwLkMzIn0%3D&_nc_ohc=xF4Subw-m5gQ7kNvwFW6R0C&_nc_oc=AdoDoUMI5g-uVou9nBY5YWSr1ycZhE-cbmyr7qE-ThC3043tpuTzU4ebnjyzlAcYIak&_nc_zt=24&_nc_ht=scontent-iad6-1.cdninstagram.com&_nc_ss=7d6a8&oh=00_Af4aEf1NBttnXLSXaTLy3Hho8bSccpwuuMIr0PJeVo-Sjw&oe=6A038B32,andra_metaverse,andra_metaverse,FALSE,FALSE,1,1
3891669691718832834,https://www.instagram.com/p/DYB_Pc2DhLC/?utm_source=ig_web_copy_link&igsh=MzRlODBiNWFlZA==,18003006173914471,https://www.instagram.com/p/DYB_Pc2DhLC/?utm_source=ig_web_copy_link&igsh=MzRlODBiNWFlZA==/c/18003006173914471/,"tp kmaren pas bni kena kasus, kalian malah posting bni bagi"" hadiah 🤣🤣🤣",1778147236,78,543393523,ronaldwirjanata,Ronald Wirjanata,https://scontent-iad3-1.cdninstagram.com/v/t51.82787-19/650159622_18568300228033524_9128368235855741522_n.jpg?stp=dst-jpg_s150x150_tt6&_nc_cat=108&ccb=7-5&_nc_sid=f7ccc5&efg=eyJ2ZW5jb2RlX3RhZyI6InByb2ZpbGVfcGljLnd3dy4xMDgwLkMzIn0%3D&_nc_ohc=2ALS2OO_Ji0Q7kNvwG4cK3U&_nc_oc=AdoDd70a2pdFXipWO0jRVIaqXlCMa3URp7xYX6QUd3HaK3sssOHM5KlNnBWRnifRilY&_nc_zt=24&_nc_ht=scontent-iad3-1.cdninstagram.com&_nc_gid=YVzTi_7OXT0eF77y3gncMg&_nc_ss=7d6a8&oh=00_Af6ZbBxzxF-3k96B8LhB6TtHMcvS6O5kbPk8pTY8xre-zg&oe=6A03A9DC,ronaldwirjanata,ronaldwirjanata,FALSE,FALSE,1,1
3891669691718832834,https://www.instagram.com/p/DYB_Pc2DhLC/?utm_source=ig_web_copy_link&igsh=MzRlODBiNWFlZA==,17877991557596000,https://www.instagram.com/p/DYB_Pc2DhLC/?utm_source=ig_web_copy_link&igsh=MzRlODBiNWFlZA==/c/17877991557596000/,Komen yg dibales pada hilang cuyy🔥👏,1778145557,385,4169677923,hykall_cee,Haykal هيكل,https://scontent-iad3-1.cdninstagram.com/v/t51.89012-19/573323465_1219825463302212_7278921664109726296_n.jpg?stp=dst-jpg_s150x150_tt6&_nc_cat=1&ccb=7-5&_nc_sid=f7ccc5&efg=eyJ2ZW5jb2RlX3RhZyI6InByb2ZpbGVfcGljLnd3dy5DMyJ9&_nc_ohc=Pji814fEPTcQ7kNvwEQfzBU&_nc_oc=AdrbXG0C2zsHFHFt2tWdYZtbrjrVXViuXMoqPhNRKh66FGDq_rXi8c4VHgae9tGS6IE&_nc_zt=24&_nc_ht=scontent-iad3-1.cdninstagram.com&_nc_gid=YVzTi_7OXT0eF77y3gncMg&_nc_ss=7d6a8&oh=00_Af4YGLOTbZOUjXjMd97t_DLCTQT3c_zb2nfZz06_udAsHg&oe=6A0395A2,hykall_cee,hykall_cee,FALSE,FALSE,3,3
3891669691718832834,https://www.instagram.com/p/DYB_Pc2DhLC/?utm_source=ig_web_copy_link&igsh=MzRlODBiNWFlZA==,18322882270267542,https://www.instagram.com/p/DYB_Pc2DhLC/?utm_source=ig_web_copy_link&igsh=MzRlODBiNWFlZA==/c/18322882270267542/,"Dsni klarif, Di X udah jadi Buzzer. 😂😂😂",1778189509,26,47302424998,masecko__,masecko,https://scontent-iad3-1.cdninstagram.com/v/t51.82787-19/670845236_18082099493576999_8707288250048173617_n.jpg?stp=dst-jpg_s150x150_tt6&_nc_cat=104&ccb=7-5&_nc_sid=f7ccc5&efg=eyJ2ZW5jb2RlX3RhZyI6InByb2ZpbGVfcGljLnd3dy4xMDgwLkMzIn0%3D&_nc_ohc=P1quiIxnaLgQ7kNvwFcJPQh&_nc_oc=AdoYdAJG5mvnJYmh3zJMQZF2te48GjXZ1IfZYZT1hy7wa1V_FIhoEo1Nqyi5Rhu5j0c&_nc_zt=24&_nc_ht=scontent-iad3-1.cdninstagram.com&_nc_gid=YVzTi_7OXT0eF77y3gncMg&_nc_ss=7d6a8&oh=00_Af5WHzE5z6Ix6BcrT5jl7QzebyU4u5oSYsTNwz7OXTnEeQ&oe=6A03B52E,masecko__,masecko__,FALSE,FALSE,0,0
3891669691718832834,https://www.instagram.com/p/DYB_Pc2DhLC/?utm_source=ig_web_copy_link&igsh=MzRlODBiNWFlZA==,17987157188991705,https://www.instagram.com/p/DYB_Pc2DhLC/?utm_source=ig_web_copy_link&igsh=MzRlODBiNWFlZA==/c/17987157188991705/,"seperti biasa. Background gedung2 kota, capt clickbait + bahasa inggris 🙌🏻",1778189324,17,71721907438,farhnn.n_,FR,https://scontent-iad6-1.cdninstagram.com/v/t51.82787-19/687229466_17910560208387439_3299193250532567705_n.jpg?stp=dst-jpg_s150x150_tt6&_nc_cat=100&ccb=7-5&_nc_sid=f7ccc5&efg=eyJ2ZW5jb2RlX3RhZyI6InByb2ZpbGVfcGljLnd3dy4xMDgwLkMzIn0%3D&_nc_ohc=wf5Ac1tCcaMQ7kNvwERgXwH&_nc_oc=AdqRKw5YtrJoasXO2m5FN96qqs0omxfiC1UBo5_09BRNwJinUUiRhOGkKuxfiKGxnFQ&_nc_zt=24&_nc_ht=scontent-iad6-1.cdninstagram.com&_nc_gid=YVzTi_7OXT0eF77y3gncMg&_nc_ss=7d6a8&oh=00_Af7Nbx5aQvHtkeFFeUNK9_kOFX_L3bCLQHcY5eH0rNnt7g&oe=6A039B90,farhnn.n_,farhnn.n_,FALSE,FALSE,0,0
3891669691718832834,https://www.instagram.com/p/DYB_Pc2DhLC/?utm_source=ig_web_copy_link&igsh=MzRlODBiNWFlZA==,18374704021166355,https://www.instagram.com/p/DYB_Pc2DhLC/?utm_source=ig_web_copy_link&igsh=MzRlODBiNWFlZA==/c/18374704021166355/,"DAY 1 JADI BUZZERP PRABOWO: KONTEN KLARIFIKASI ""PERNYATAAN SIKAP""",1778163787,75,49133788108,_frugalmen,kahfil,https://scontent-iad3-1.cdninstagram.com/v/t51.89012-19/573323465_1219825463302212_7278921664109726296_n.jpg?stp=dst-jpg_s150x150_tt6&_nc_cat=1&ccb=7-5&_nc_sid=f7ccc5&efg=eyJ2ZW5jb2RlX3RhZyI6InByb2ZpbGVfcGljLnd3dy5DMyJ9&_nc_ohc=Pji814fEPTcQ7kNvwEQfzBU&_nc_oc=AdrbXG0C2zsHFHFt2tWdYZtbrjrVXViuXMoqPhNRKh66FGDq_rXi8c4VHgae9tGS6IE&_nc_zt=24&_nc_ht=scontent-iad3-1.cdninstagram.com&_nc_gid=cVlGf0MZ106mW3dL54x9tA&_nc_ss=7d6a8&oh=00_Af4u8hCSUiJLUe7wpWiYjJiYM_Mw27mE0yq-XzKHMFk_6w&oe=6A0395A2,_frugalmen,_frugalmen,FALSE,FALSE,0,0
3891669691718832834,https://www.instagram.com/p/DYB_Pc2DhLC/?utm_source=ig_web_copy_link&igsh=MzRlODBiNWFlZA==,18081216272266040,https://www.instagram.com/p/DYB_Pc2DhLC/?utm_source=ig_web_copy_link&igsh=MzRlODBiNWFlZA==/c/18081216272266040/,Arahan pusat ya min🤣,1778212671,3,1915125924,rmhdyha,Rima,https://scontent-iad6-1.cdninstagram.com/v/t51.2885-19/465500069_1228621191738482_8592092602559879427_n.jpg?stp=dst-jpg_s150x150_tt6&_nc_cat=100&ccb=7-5&_nc_sid=f7ccc5&efg=eyJ2ZW5jb2RlX3RhZyI6InByb2ZpbGVfcGljLnd3dy4xMDgwLkMzIn0%3D&_nc_ohc=hhDiNGMGowcQ7kNvwGBHKJt&_nc_oc=AdpYfYARP8ubyAuPezDh1zbvRAoQ6T09MsXC0Yn0yv5ri3t6GbPC_MJkf7ppMZKbwuQ&_nc_zt=24&_nc_ht=scontent-iad6-1.cdninstagram.com&_nc_ss=7d6a8&oh=00_Af6aIqlOLId9k4DwxopsATHj_DuWnklUoWF9uiNrC6rfjQ&oe=6A0386CE,rmhdyha,rmhdyha,FALSE,FALSE,0,0
3891669691718832834,https://www.instagram.com/p/DYB_Pc2DhLC/?utm_source=ig_web_copy_link&igsh=MzRlODBiNWFlZA==,17892920979464248,https://www.instagram.com/p/DYB_Pc2DhLC/?utm_source=ig_web_copy_link&igsh=MzRlODBiNWFlZA==/c/17892920979464248/,"brief nya disuruh klarifikasi semua yah?? dahlah, kami tau akun ini rada2 emang 😂😂",1778147228,76,8256008648,nmzanki,nmzanki,https://scontent-iad3-1.cdninstagram.com/v/t51.2885-19/46426867_365906843966323_7340003902323949568_n.jpg?stp=dst-jpg_s150x150_tt6&_nc_cat=104&ccb=7-5&_nc_sid=f7ccc5&efg=eyJ2ZW5jb2RlX3RhZyI6InByb2ZpbGVfcGljLnd3dy44MDAuQzMifQ%3D%3D&_nc_ohc=WmNyhDtFHG8Q7kNvwEVChB0&_nc_oc=AdoWNloQfi3RPRo-ZWJJYk8Fa1eawNigQTxccdFTkBpMNbk1O6hj1iVBzaFJ7mK3hFc&_nc_zt=24&_nc_ht=scontent-iad3-1.cdninstagram.com&_nc_ss=7d6a8&oh=00_Af7UP-v4KodyVgIulowDQrzJujNIkr3lDC2XA4UIV6k9xw&oe=6A0395D3,nmzanki,nmzanki,FALSE,FALSE,0,0
3891669691718832834,https://www.instagram.com/p/DYB_Pc2DhLC/?utm_source=ig_web_copy_link&igsh=MzRlODBiNWFlZA==,17970637140047453,https://www.instagram.com/p/DYB_Pc2DhLC/?utm_source=ig_web_copy_link&igsh=MzRlODBiNWFlZA==/c/17970637140047453/,"semangat hapusin komen min, dpt brpa tuh uang dari pemerintah?",1778147787,83,68975117621,besttmatchaa_,adliamaulidiani,https://scontent-iad3-2.cdninstagram.com/v/t51.82787-19/682843388_17925081894301622_8849028216586862809_n.jpg?stp=dst-jpg_s150x150_tt6&_nc_cat=103&ccb=7-5&_nc_sid=f7ccc5&efg=eyJ2ZW5jb2RlX3RhZyI6InByb2ZpbGVfcGljLnd3dy4xMDgwLkMzIn0%3D&_nc_ohc=LL7A2zBR9tcQ7kNvwExv6V0&_nc_oc=AdqXieP0HDqOf3o3dcXbUt8G2awZsBdwvMpVgW8oXJoxxd-1FNPwNmBD06MQ1cnO7DU&_nc_zt=24&_nc_ht=scontent-iad3-2.cdninstagram.com&_nc_gid=cVlGf0MZ106mW3dL54x9tA&_nc_ss=7d6a8&oh=00_Af6UnvahRbShavMCXY28N4ajI5ggFxCNEMX8bRw1Kd5WRQ&oe=6A03A34E,besttmatchaa_,besttmatchaa_,FALSE,FALSE,0,0
3891669691718832834,https://www.instagram.com/p/DYB_Pc2DhLC/?utm_source=ig_web_copy_link&igsh=MzRlODBiNWFlZA==,18089040830198881,https://www.instagram.com/p/DYB_Pc2DhLC/?utm_source=ig_web_copy_link&igsh=MzRlODBiNWFlZA==/c/18089040830198881/,panik amat wkwkwkwk gpp udah cair mah😂,1778203215,6,1291181701,fery_sasono_pew,Fery Sasono,https://scontent-iad3-1.cdninstagram.com/v/t51.89012-19/573323465_1219825463302212_7278921664109726296_n.jpg?stp=dst-jpg_s150x150_tt6&_nc_cat=1&ccb=7-5&_nc_sid=f7ccc5&efg=eyJ2ZW5jb2RlX3RhZyI6InByb2ZpbGVfcGljLnd3dy5DMyJ9&_nc_ohc=Pji814fEPTcQ7kNvwEQfzBU&_nc_oc=AdrbXG0C2zsHFHFt2tWdYZtbrjrVXViuXMoqPhNRKh66FGDq_rXi8c4VHgae9tGS6IE&_nc_zt=24&_nc_ht=scontent-iad3-1.cdninstagram.com&_nc_gid=cVlGf0MZ106mW3dL54x9tA&_nc_ss=7d6a8&oh=00_Af4u8hCSUiJLUe7wpWiYjJiYM_Mw27mE0yq-XzKHMFk_6w&oe=6A0395A2,fery_sasono_pew,fery_sasono_pew,FALSE,FALSE,0,0
3891669691718832834,https://www.instagram.com/p/DYB_Pc2DhLC/?utm_source=ig_web_copy_link&igsh=MzRlODBiNWFlZA==,18389945605082364,https://www.instagram.com/p/DYB_Pc2DhLC/?utm_source=ig_web_copy_link&igsh=MzRlODBiNWFlZA==/c/18389945605082364/,🤣,1778168678,5,3054530254,adeliaxsp,adelvsp,https://scontent-iad3-1.cdninstagram.com/v/t51.82787-19/617797805_18445736161098255_5413762336043905268_n.jpg?stp=dst-jpg_s150x150_tt6&_nc_cat=101&ccb=7-5&_nc_sid=f7ccc5&efg=eyJ2ZW5jb2RlX3RhZyI6InByb2ZpbGVfcGljLnd3dy4xMDgwLkMzIn0%3D&_nc_ohc=ARsdu_3hMQ4Q7kNvwE68MYr&_nc_oc=Adq3o55HLQreMPqhlvisrbZkBOj4nbrl1wYbqVdbin6MQmFgfZQ-IBHvOiVLVYN1XY8&_nc_zt=24&_nc_ht=scontent-iad3-1.cdninstagram.com&_nc_gid=cVlGf0MZ106mW3dL54x9tA&_nc_ss=7d6a8&oh=00_Af7yiGqYcyCHqn7tAQ6PFKDIJdb82JjSecQTK3x7B0rkZA&oe=6A039B57,adeliaxsp,adeliaxsp,FALSE,FALSE,0,0
3891669691718832834,https://www.instagram.com/p/DYB_Pc2DhLC/?utm_source=ig_web_copy_link&igsh=MzRlODBiNWFlZA==,17920051074346989,https://www.instagram.com/p/DYB_Pc2DhLC/?utm_source=ig_web_copy_link&igsh=MzRlODBiNWFlZA==/c/17920051074346989/,boleh juga cara pemerintah nih 🤣🤣🤣,1778169344,24,9122463989,yth.raflimursal,kekayaan,https://scontent-iad6-1.cdninstagram.com/v/t51.82787-19/685971549_18228530704311990_7020453634402987112_n.jpg?stp=dst-jpg_s150x150_tt6&_nc_cat=106&ccb=7-5&_nc_sid=f7ccc5&efg=eyJ2ZW5jb2RlX3RhZyI6InByb2ZpbGVfcGljLnd3dy4xMDgwLkMzIn0%3D&_nc_ohc=3R6gtV30IB0Q7kNvwF__oQm&_nc_oc=Adp-ZtRpvGTTN2KMbwzc3wVDTfEVXy_VsQWioED_hCDZ8fhOgrM6Y77i4Ug9KBLisSw&_nc_zt=24&_nc_ht=scontent-iad6-1.cdninstagram.com&_nc_gid=cVlGf0MZ106mW3dL54x9tA&_nc_ss=7d6a8&oh=00_Af5VuqRJQOOQY2d3Qvspfx677gee04xBkNThUs7P3TjMiQ&oe=6A038668,yth.raflimursal,yth.raflimursal,FALSE,FALSE,0,0
3891669691718832834,https://www.instagram.com/p/DYB_Pc2DhLC/?utm_source=ig_web_copy_link&igsh=MzRlODBiNWFlZA==,18324526948282138,https://www.instagram.com/p/DYB_Pc2DhLC/?utm_source=ig_web_copy_link&igsh=MzRlODBiNWFlZA==/c/18324526948282138/,Pemerintah klaim darimana njirr,1778147865,3,3150242486,sumedang_banget,SUMEDANG | Makin Tahu Sumedang!,https://scontent-iad6-1.cdninstagram.com/v/t51.2885-19/411529520_923505206040342_234714578944315979_n.jpg?stp=dst-jpg_s150x150_tt6&_nc_cat=102&ccb=7-5&_nc_sid=f7ccc5&efg=eyJ2ZW5jb2RlX3RhZyI6InByb2ZpbGVfcGljLnd3dy4xMDgwLkMzIn0%3D&_nc_ohc=B3s798YGN_kQ7kNvwF8AJ9X&_nc_oc=Adp3a44prkDI3FQGaLOIY2U1vMsFhwz8R6AMy0PxVl5SJe2LUKC37Kw0YVUd5Q2kgcE&_nc_zt=24&_nc_ht=scontent-iad6-1.cdninstagram.com&_nc_ss=7d6a8&oh=00_Af5oiGNAvf9NxFWErwGTP9KExNYR9v_Jyk41De0K-QJWvg&oe=6A03A5D7,sumedang_banget,sumedang_banget,FALSE,FALSE,1,1
3891669691718832834,https://www.instagram.com/p/DYB_Pc2DhLC/?utm_source=ig_web_copy_link&igsh=MzRlODBiNWFlZA==,18134856454554471,https://www.instagram.com/p/DYB_Pc2DhLC/?utm_source=ig_web_copy_link&igsh=MzRlODBiNWFlZA==/c/18134856454554471/,kasus BNI kemarin ngilang min hehe,1778147250,1,3048154504,dimer777_,Dimas Erlangga,https://scontent-iad6-1.cdninstagram.com/v/t51.82787-19/589122216_18438322915098505_9196618546478250383_n.jpg?stp=dst-jpg_s150x150_tt6&_nc_cat=109&ccb=7-5&_nc_sid=f7ccc5&efg=eyJ2ZW5jb2RlX3RhZyI6InByb2ZpbGVfcGljLnd3dy4xMDgwLkMzIn0%3D&_nc_ohc=pA3XwpjjpjQQ7kNvwFS9QEH&_nc_oc=Adq3rCBOHbDB4zDUwcdCGWD0dIaFFrtvuLEirz-5U6PczcsTRfkxagdVwE2q8xieoEQ&_nc_zt=24&_nc_ht=scontent-iad6-1.cdninstagram.com&_nc_gid=cVlGf0MZ106mW3dL54x9tA&_nc_ss=7d6a8&oh=00_Af7CKgo0_J7awXlaLnzaSoX9ktM8fqq4V47VwzewjeS1fQ&oe=6A038534,dimer777_,dimer777_,FALSE,FALSE,0,0
3891669691718832834,https://www.instagram.com/p/DYB_Pc2DhLC/?utm_source=ig_web_copy_link&igsh=MzRlODBiNWFlZA==,18200094313357033,https://www.instagram.com/p/DYB_Pc2DhLC/?utm_source=ig_web_copy_link&igsh=MzRlODBiNWFlZA==/c/18200094313357033/,Unfollow dulu klz,1778145070,1,339535,mynameisfitrah,Fitrah Kurnia,https://scontent-iad3-1.cdninstagram.com/v/t51.82787-19/657264705_18579975895019536_7405798140460056475_n.jpg?stp=dst-jpg_s150x150_tt6&_nc_cat=110&ccb=7-5&_nc_sid=f7ccc5&efg=eyJ2ZW5jb2RlX3RhZyI6InByb2ZpbGVfcGljLnd3dy4xMDI0LkMzIn0%3D&_nc_ohc=pjECROVmxhcQ7kNvwHHDMH7&_nc_oc=Ado3-D1wnJojgvsuGEHizSZ0HBSTKkFGswc-mDb2X3r8NcAq8DRct9O_kLk3H0EhjZI&_nc_zt=24&_nc_ht=scontent-iad3-1.cdninstagram.com&_nc_gid=cVlGf0MZ106mW3dL54x9tA&_nc_ss=7d6a8&oh=00_Af4EbX30UJDlRY11TmZWOFnMTQ1_EoRMOXR2pxioEBMMSQ&oe=6A03852D,mynameisfitrah,mynameisfitrah,FALSE,FALSE,2,2
3891669691718832834,https://www.instagram.com/p/DYB_Pc2DhLC/?utm_source=ig_web_copy_link&igsh=MzRlODBiNWFlZA==,18113394925873056,https://www.instagram.com/p/DYB_Pc2DhLC/?utm_source=ig_web_copy_link&igsh=MzRlODBiNWFlZA==/c/18113394925873056/,"Sorry, gw ketinggalan info nih. Tolong dong jelasin dikit 😅",1778143538,1,6899593467,aryawiratama.25,Arya Wiratama.1111,https://scontent-iad6-1.cdninstagram.com/v/t51.2885-19/151978526_419353879318058_4748718935570663713_n.jpg?stp=dst-jpg_s150x150_tt6&_nc_cat=107&ccb=7-5&_nc_sid=f7ccc5&efg=eyJ2ZW5jb2RlX3RhZyI6InByb2ZpbGVfcGljLnd3dy44NTguQzMifQ%3D%3D&_nc_ohc=AJp-gVCFyIYQ7kNvwEfhlBg&_nc_oc=Adon26lzQIhoBUvXW3a6vx18YegwM4ZAgmjAoAQv72kgh6AWTmq3jvsFglFM3OcGDow&_nc_zt=24&_nc_ht=scontent-iad6-1.cdninstagram.com&_nc_ss=7d6a8&oh=00_Af6Wh9CKVN63XRcGEws16qIg72RnWj579sGGSKYJj3C2hA&oe=6A038B4D,aryawiratama.25,aryawiratama.25,FALSE,FALSE,0,0
3891669691718832834,https://www.instagram.com/p/DYB_Pc2DhLC/?utm_source=ig_web_copy_link&igsh=MzRlODBiNWFlZA==,18157075954457517,https://www.instagram.com/p/DYB_Pc2DhLC/?utm_source=ig_web_copy_link&igsh=MzRlODBiNWFlZA==/c/18157075954457517/,Masaaaa wkwkkwkw,1778154885,3,9193360027,sabil411_,M Sabil,https://scontent-iad3-1.cdninstagram.com/v/t51.82787-19/590705855_18275697751304028_7906912868405641502_n.jpg?stp=dst-jpg_s150x150_tt6&_nc_cat=101&ccb=7-5&_nc_sid=f7ccc5&efg=eyJ2ZW5jb2RlX3RhZyI6InByb2ZpbGVfcGljLnd3dy4xMDgwLkMzIn0%3D&_nc_ohc=Z_HkiYtz36AQ7kNvwEXM9PD&_nc_oc=Adp0XWQRPkf_6hskYdbpCNrIzjcgyRxwpsKG1ncVtngsSzUzdDY1YKxXJaJ0fQSputQ&_nc_zt=24&_nc_ht=scontent-iad3-1.cdninstagram.com&_nc_gid=OPk-UPwzzI7cD03qvCgHGQ&_nc_ss=7d6a8&oh=00_Af5lhEfxln0OtYrD0dPutZDlIHdCdCfoRSYgKParavWPJg&oe=6A03AAA8,sabil411_,sabil411_,TRUE,FALSE,0,0
3891669691718832834,https://www.instagram.com/p/DYB_Pc2DhLC/?utm_source=ig_web_copy_link&igsh=MzRlODBiNWFlZA==,18107551687904211,https://www.instagram.com/p/DYB_Pc2DhLC/?utm_source=ig_web_copy_link&igsh=MzRlODBiNWFlZA==/c/18107551687904211/,"bintang iklan sabun, duta cuci tangan",1778146345,2,5949962147,zadul.kiram,ᴅᴜʟʟ,https://scontent-iad3-2.cdninstagram.com/v/t51.75761-19/491525836_18357530608194148_8260872074503279705_n.jpg?stp=dst-jpg_s150x150_tt6&_nc_cat=111&ccb=7-5&_nc_sid=f7ccc5&efg=eyJ2ZW5jb2RlX3RhZyI6InByb2ZpbGVfcGljLnd3dy4xMDgwLkMzIn0%3D&_nc_ohc=NZaddXwxMyMQ7kNvwGQlSgZ&_nc_oc=AdorK6DWTWCnA6Me9wRfV-0AKG9zP0h7sOzw1vyvPVjkmcoAI70Sa1Z-_TB1m4nJkm8&_nc_zt=24&_nc_ht=scontent-iad3-2.cdninstagram.com&_nc_gid=OPk-UPwzzI7cD03qvCgHGQ&_nc_ss=7d6a8&oh=00_Af7T_7kKDlfBvCtizwP16gUe-gNY_YQamNo7Hx6A9JqGBw&oe=6A038A72,zadul.kiram,zadul.kiram,FALSE,FALSE,0,0
3891669691718832834,https://www.instagram.com/p/DYB_Pc2DhLC/?utm_source=ig_web_copy_link&igsh=MzRlODBiNWFlZA==,18076546790651863,https://www.instagram.com/p/DYB_Pc2DhLC/?utm_source=ig_web_copy_link&igsh=MzRlODBiNWFlZA==/c/18076546790651863/,"Coba bilang ""MBG gak berguna""",1778235928,1,492937719,elsimonmunez,Muñez,https://scontent-iad6-1.cdninstagram.com/v/t51.82787-19/658532225_18572454190009720_863972888202558500_n.jpg?stp=dst-jpg_s150x150_tt6&_nc_cat=109&ccb=7-5&_nc_sid=f7ccc5&efg=eyJ2ZW5jb2RlX3RhZyI6InByb2ZpbGVfcGljLnd3dy4xMDgwLkMzIn0%3D&_nc_ohc=P7ytDFOQfa8Q7kNvwEKEaKX&_nc_oc=AdoOcZoRkTeYLZNZiLCtD1VvcQCJIjT6FDsxDjGW0k9-UXCg-qVSeU9BUS7I09p0Rqs&_nc_zt=24&_nc_ht=scontent-iad6-1.cdninstagram.com&_nc_gid=OPk-UPwzzI7cD03qvCgHGQ&_nc_ss=7d6a8&oh=00_Af6VCrqOznd6BqnQs1AeEa95jM1RV1PLUfV5dV9wAAjj4A&oe=6A039DDE,elsimonmunez,elsimonmunez,FALSE,FALSE,0,0
3891669691718832834,https://www.instagram.com/p/DYB_Pc2DhLC/?utm_source=ig_web_copy_link&igsh=MzRlODBiNWFlZA==,18096498518116165,https://www.instagram.com/p/DYB_Pc2DhLC/?utm_source=ig_web_copy_link&igsh=MzRlODBiNWFlZA==/c/18096498518116165/,Yeee Sepik,1778222728,1,3267637513,daffa_2655,Daffa Rifki,https://scontent-iad3-2.cdninstagram.com/v/t51.2885-19/135780317_2246924055431723_8952464643778865886_n.jpg?stp=dst-jpg_s150x150_tt6&_nc_cat=103&ccb=7-5&_nc_sid=f7ccc5&efg=eyJ2ZW5jb2RlX3RhZyI6InByb2ZpbGVfcGljLnd3dy42MDAuQzMifQ%3D%3D&_nc_ohc=DgDyqOv85NEQ7kNvwEHxXky&_nc_oc=Adpj1NLF0_O8OwEl95LFEw4mJFCUF-mHblU9K3pt5O439IRT2DFqGfl0s_ftuiX4cbM&_nc_zt=24&_nc_ht=scontent-iad3-2.cdninstagram.com&_nc_ss=7d6a8&oh=00_Af6QK8Bf_JmYVcVP7oLLnMeilMIkiRQT0yqBX6qe5tvBng&oe=6A038CC0,daffa_2655,daffa_2655,FALSE,FALSE,1,1
3891669691718832834,https://www.instagram.com/p/DYB_Pc2DhLC/?utm_source=ig_web_copy_link&igsh=MzRlODBiNWFlZA==,17870274624611268,https://www.instagram.com/p/DYB_Pc2DhLC/?utm_source=ig_web_copy_link&igsh=MzRlODBiNWFlZA==/c/17870274624611268/,Ah masa?,1778172603,1,278327404,andranadiau,andra nadia,https://scontent-iad3-2.cdninstagram.com/v/t51.82787-19/657686873_18573877354055405_8547612990189802967_n.jpg?stp=dst-jpg_s150x150_tt6&_nc_cat=103&ccb=7-5&_nc_sid=f7ccc5&efg=eyJ2ZW5jb2RlX3RhZyI6InByb2ZpbGVfcGljLnd3dy4xMDgwLkMzIn0%3D&_nc_ohc=5jLvtGwTz3YQ7kNvwHQffDU&_nc_oc=AdqhcVS0DZI74Qy5EGVNZSUrNQ11tq23vdZUe76GBDfdgYboRG2Dt10kwephdZoiL0E&_nc_zt=24&_nc_ht=scontent-iad3-2.cdninstagram.com&_nc_gid=OPk-UPwzzI7cD03qvCgHGQ&_nc_ss=7d6a8&oh=00_Af4x_Yb7l0YhesddUh9klsS6ITZGhDNzARPBw7Yb73FVpw&oe=6A03A43D,andranadiau,andranadiau,FALSE,FALSE,1,1
3891669691718832834,https://www.instagram.com/p/DYB_Pc2DhLC/?utm_source=ig_web_copy_link&igsh=MzRlODBiNWFlZA==,18015174932848948,https://www.instagram.com/p/DYB_Pc2DhLC/?utm_source=ig_web_copy_link&igsh=MzRlODBiNWFlZA==/c/18015174932848948/,Si qodari 🤣🤣🤣🤣,1778232662,1,4292345492,dzaufa2125,AuDza SyauFali,https://scontent-iad6-1.cdninstagram.com/v/t51.82787-19/535053726_18392440162137493_1243195472441369886_n.jpg?stp=dst-jpg_s150x150_tt6&_nc_cat=102&ccb=7-5&_nc_sid=f7ccc5&efg=eyJ2ZW5jb2RlX3RhZyI6InByb2ZpbGVfcGljLnd3dy4xMDgwLkMzIn0%3D&_nc_ohc=da_j9z0KxGYQ7kNvwEd55Jz&_nc_oc=Adp4jvuqmWvI1LSChERNVl_tbBhsuQx-h5GCYAALryUQXfJdkUoEItk-cmWyhDGW0gI&_nc_zt=24&_nc_ht=scontent-iad6-1.cdninstagram.com&_nc_gid=OPk-UPwzzI7cD03qvCgHGQ&_nc_ss=7d6a8&oh=00_Af7YjmwtMqlukhjj2py03ZMMp06LMBKYVbqum9PxXj-wTQ&oe=6A03B212,dzaufa2125,dzaufa2125,FALSE,FALSE,0,0
3891669691718832834,https://www.instagram.com/p/DYB_Pc2DhLC/?utm_source=ig_web_copy_link&igsh=MzRlODBiNWFlZA==,18094418351467076,https://www.instagram.com/p/DYB_Pc2DhLC/?utm_source=ig_web_copy_link&igsh=MzRlODBiNWFlZA==/c/18094418351467076/,"Lagian berharap sama akun yg gak punya jurnalis gak ounya website dan cuma ngonten dari sumber sekunder? Nayangin berita yg tim redaksinya juga gatau apakah ada? tapi ya mau gimana, media semacam gini tu jadi acuan berita anak jaman sekarang. Cuma post and leave tanpa tanggungjawab. Memang akun2 media seperti ini adalah bencana buat jurnalisme",1778189945,9,8377567588,shidqiaiqi,Muhammad Shidqi Badari,https://scontent-iad3-1.cdninstagram.com/v/t51.89012-19/573323465_1219825463302212_7278921664109726296_n.jpg?stp=dst-jpg_s150x150_tt6&_nc_cat=1&ccb=7-5&_nc_sid=f7ccc5&efg=eyJ2ZW5jb2RlX3RhZyI6InByb2ZpbGVfcGljLnd3dy5DMyJ9&_nc_ohc=Pji814fEPTcQ7kNvwEQfzBU&_nc_oc=AdrbXG0C2zsHFHFt2tWdYZtbrjrVXViuXMoqPhNRKh66FGDq_rXi8c4VHgae9tGS6IE&_nc_zt=24&_nc_ht=scontent-iad3-1.cdninstagram.com&_nc_gid=OPk-UPwzzI7cD03qvCgHGQ&_nc_ss=7d6a8&oh=00_Af4n3wAZNqnxpoz5PTabNmeKwX2KOpTPxX-9lzoRHldvQA&oe=6A0395A2,shidqiaiqi,shidqiaiqi,FALSE,FALSE,0,0
3891669691718832834,https://www.instagram.com/p/DYB_Pc2DhLC/?utm_source=ig_web_copy_link&igsh=MzRlODBiNWFlZA==,17939685492038156,https://www.instagram.com/p/DYB_Pc2DhLC/?utm_source=ig_web_copy_link&igsh=MzRlODBiNWFlZA==/c/17939685492038156/,"Folkative specifically lumayan sering posting favorable news about pemerintah gaksih. Jangan2 bukan mitra resmi, tp emang they do it for free 🤣",1778150977,10,2058992830,tanganhands,Luthfi Goya,https://scontent-iad6-1.cdninstagram.com/v/t51.82787-19/541594900_18505702807064831_3243089464096031950_n.jpg?stp=dst-jpg_s150x150_tt6&_nc_cat=102&ccb=7-5&_nc_sid=f7ccc5&efg=eyJ2ZW5jb2RlX3RhZyI6InByb2ZpbGVfcGljLnd3dy4xMDgwLkMzIn0%3D&_nc_ohc=aAAPuns3x7MQ7kNvwFtCpL_&_nc_oc=AdouiE7Ef9Ts3V0Ki8UevWVOH7PbeXI1qF24jaA_V5vpbjeZxhO3Exd6QIEPaki9JFs&_nc_zt=24&_nc_ht=scontent-iad6-1.cdninstagram.com&_nc_gid=OPk-UPwzzI7cD03qvCgHGQ&_nc_ss=7d6a8&oh=00_Af5ldDQY3Z44DAKUQ6lGExeeeGk6ovRBtdZ3CnQLZmfNMw&oe=6A03992F,tanganhands,tanganhands,FALSE,FALSE,1,1
3891669691718832834,https://www.instagram.com/p/DYB_Pc2DhLC/?utm_source=ig_web_copy_link&igsh=MzRlODBiNWFlZA==,18078822782566639,https://www.instagram.com/p/DYB_Pc2DhLC/?utm_source=ig_web_copy_link&igsh=MzRlODBiNWFlZA==/c/18078822782566639/,😂,1778150393,13,1432327491,sepiahara_,Sepiahara_,https://scontent-iad3-1.cdninstagram.com/v/t51.2885-19/402082743_207270569070698_5440876570341525002_n.jpg?stp=dst-jpg_s150x150_tt6&_nc_cat=101&ccb=7-5&_nc_sid=f7ccc5&efg=eyJ2ZW5jb2RlX3RhZyI6InByb2ZpbGVfcGljLnd3dy45NTQuQzMifQ%3D%3D&_nc_ohc=5kuyLFmFzjUQ7kNvwFZ0e1o&_nc_oc=AdqHKDKVID8f4oJ6-_-8evul1qj9TOc6xBDRU7q4rSJRes8YkwG5HyVa7572ah1Olz0&_nc_zt=24&_nc_ht=scontent-iad3-1.cdninstagram.com&_nc_ss=7d6a8&oh=00_Af66CvtvyACNSCcPoCR3D0EsMn2qZ9IQ-ywkE4_lXyN5Uw&oe=6A03B13B,sepiahara_,sepiahara_,TRUE,FALSE,0,0
3891669691718832834,https://www.instagram.com/p/DYB_Pc2DhLC/?utm_source=ig_web_copy_link&igsh=MzRlODBiNWFlZA==,18094343828189955,https://www.instagram.com/p/DYB_Pc2DhLC/?utm_source=ig_web_copy_link&igsh=MzRlODBiNWFlZA==/c/18094343828189955/,Next nya kalo ada informasi yg valid dan transparansi. Biar ga muncul spekulasi negatif dari masyarakat😂,1778144267,293,2532498474,ramdhan0297,Ramdhan,https://scontent-iad3-2.cdninstagram.com/v/t51.82787-19/671150219_18390454915082475_5238689346052990507_n.jpg?stp=dst-jpg_s150x150_tt6&_nc_cat=105&ccb=7-5&_nc_sid=f7ccc5&efg=eyJ2ZW5jb2RlX3RhZyI6InByb2ZpbGVfcGljLnd3dy4xMDgwLkMzIn0%3D&_nc_ohc=olCSeXOxDqQQ7kNvwG25wKC&_nc_oc=AdoWqdDuayWHeHOCKavLO5Nzn2_927gV0quzZ54IdylY5T5YFKF_hnfRD2RmVpxpJMU&_nc_zt=24&_nc_ht=scontent-iad3-2.cdninstagram.com&_nc_gid=OPk-UPwzzI7cD03qvCgHGQ&_nc_ss=7d6a8&oh=00_Af5fjmhiXwuofqp5ZPm7SfIREwLVx3VuNfE-o4nAAT-P8g&oe=6A03AF50,ramdhan0297,ramdhan0297,FALSE,FALSE,0,0
3891669691718832834,https://www.instagram.com/p/DYB_Pc2DhLC/?utm_source=ig_web_copy_link&igsh=MzRlODBiNWFlZA==,18089924222007856,https://www.instagram.com/p/DYB_Pc2DhLC/?utm_source=ig_web_copy_link&igsh=MzRlODBiNWFlZA==/c/18089924222007856/,prettt,1778230506,1,21922068188,oten_oten_oten_oten_oten,OTEN OH OTEN OH OTEN,https://scontent-iad6-1.cdninstagram.com/v/t51.82787-19/686494677_18107891959732189_1344033525442068639_n.jpg?stp=dst-jpg_s150x150_tt6&_nc_cat=106&ccb=7-5&_nc_sid=f7ccc5&efg=eyJ2ZW5jb2RlX3RhZyI6InByb2ZpbGVfcGljLnd3dy4xMDgwLkMzIn0%3D&_nc_ohc=EuXG4jrQvkUQ7kNvwG6DrMv&_nc_oc=AdoUiWuFpG3vfSCg2Q1ZUP2yEz3ZorqslCSr7_UO2VXU8KTkA6lwplLVxySnlvqI-xQ&_nc_zt=24&_nc_ht=scontent-iad6-1.cdninstagram.com&_nc_gid=OPk-UPwzzI7cD03qvCgHGQ&_nc_ss=7d6a8&oh=00_Af6tlRZ4iVwn173KiecJMqKbh6mYozgS8MP1ee3HQvVmJg&oe=6A039BCB,oten_oten_oten_oten_oten,oten_oten_oten_oten_oten,FALSE,FALSE,0,0
3891669691718832834,https://www.instagram.com/p/DYB_Pc2DhLC/?utm_source=ig_web_copy_link&igsh=MzRlODBiNWFlZA==,18113276161830854,https://www.instagram.com/p/DYB_Pc2DhLC/?utm_source=ig_web_copy_link&igsh=MzRlODBiNWFlZA==/c/18113276161830854/,"katanya klarifikasi bagian dri tugas juga ya, paham paham",1778230417,1,56083008566,russli__,RUSLi,https://scontent-iad3-2.cdninstagram.com/v/t51.82787-19/606879852_17992645085864567_3045390206129383287_n.jpg?stp=dst-jpg_s150x150_tt6&_nc_cat=105&ccb=7-5&_nc_sid=f7ccc5&efg=eyJ2ZW5jb2RlX3RhZyI6InByb2ZpbGVfcGljLnd3dy4xMDgwLkMzIn0%3D&_nc_ohc=HuDd3cvldfsQ7kNvwEcWa07&_nc_oc=AdqiCPf2SsW_28DUPZsgoEOoqsAj2fqNgZswyBPTz3YhI4M6qPshvqKljrzYBDXs5Io&_nc_zt=24&_nc_ht=scontent-iad3-2.cdninstagram.com&_nc_gid=KorXe_l-7gqhAn7_b5B-uQ&_nc_ss=7d6a8&oh=00_Af7ubIOHZY61VSZfQdneM6pNbA-5kFkTBS-8C16eA5ucJA&oe=6A03B8BA,russli__,russli__,FALSE,FALSE,0,0
3891669691718832834,https://www.instagram.com/p/DYB_Pc2DhLC/?utm_source=ig_web_copy_link&igsh=MzRlODBiNWFlZA==,18008775410712102,https://www.instagram.com/p/DYB_Pc2DhLC/?utm_source=ig_web_copy_link&igsh=MzRlODBiNWFlZA==/c/18008775410712102/,"Mau post ginian juga kan dari dulu postingan lu isinya nimpa doang, gak ada mutu sama bobotnya, yaudah si",1778230039,1,23467132561,nattagonist,𝐖𝐢𝐭𝐜𝐡,https://scontent-iad6-1.cdninstagram.com/v/t51.82787-19/670892599_18115386322780562_9154767623646717465_n.jpg?stp=dst-jpg_s150x150_tt6&_nc_cat=100&ccb=7-5&_nc_sid=f7ccc5&efg=eyJ2ZW5jb2RlX3RhZyI6InByb2ZpbGVfcGljLnd3dy43MTIuQzMifQ%3D%3D&_nc_ohc=fnFWucCkLDEQ7kNvwF1KBfj&_nc_oc=Adr0PwvtBLpPOF8lDPfUM5LxbixPvDHzcIxLti8raeIf7BHaacXG9pNJcsppGDUBLe4&_nc_zt=24&_nc_ht=scontent-iad6-1.cdninstagram.com&_nc_gid=KorXe_l-7gqhAn7_b5B-uQ&_nc_ss=7d6a8&oh=00_Af4jZRBtZeXXE7tvuurP2fBlrQ8ZqYsSy7A5kU1MqTMYgg&oe=6A0387FC,nattagonist,nattagonist,FALSE,FALSE,0,0
3891669691718832834,https://www.instagram.com/p/DYB_Pc2DhLC/?utm_source=ig_web_copy_link&igsh=MzRlODBiNWFlZA==,18118463149711037,https://www.instagram.com/p/DYB_Pc2DhLC/?utm_source=ig_web_copy_link&igsh=MzRlODBiNWFlZA==/c/18118463149711037/,bo’ooonnnggg,1778149201,1,5961367163,virdavm,,https://scontent-iad6-1.cdninstagram.com/v/t51.82787-19/671866217_18399768424199164_7940121252250814201_n.jpg?stp=dst-jpg_s150x150_tt6&_nc_cat=102&ccb=7-5&_nc_sid=f7ccc5&efg=eyJ2ZW5jb2RlX3RhZyI6InByb2ZpbGVfcGljLnd3dy45NjAuQzMifQ%3D%3D&_nc_ohc=ozU7hHRhU7EQ7kNvwHlKVEp&_nc_oc=AdrMoLcn6Xb21WholgTgNBx-JXY6-XCwNMDtzw6oA8bBAoBSOk27ojeO_Fsjvm9wfEc&_nc_zt=24&_nc_ht=scontent-iad6-1.cdninstagram.com&_nc_gid=KorXe_l-7gqhAn7_b5B-uQ&_nc_ss=7d6a8&oh=00_Af7ErKdOxB4DE3VQJu3QDYDv2YyBO0cKw4p7R7Kp3BGetQ&oe=6A03AECB,virdavm,virdavm,FALSE,FALSE,0,0
3891669691718832834,https://www.instagram.com/p/DYB_Pc2DhLC/?utm_source=ig_web_copy_link&igsh=MzRlODBiNWFlZA==,18127382092590254,https://www.instagram.com/p/DYB_Pc2DhLC/?utm_source=ig_web_copy_link&igsh=MzRlODBiNWFlZA==/c/18127382092590254/,wkwk,1778158057,10,9463867773,curhatanmahasiswa.id,MAHASISWA | CURHATAN | INFO,https://scontent-iad3-1.cdninstagram.com/v/t51.2885-19/46074238_331071514386581_6882639157164769280_n.jpg?stp=dst-jpg_s150x150_tt6&_nc_cat=1&ccb=7-5&_nc_sid=f7ccc5&efg=eyJ2ZW5jb2RlX3RhZyI6InByb2ZpbGVfcGljLnd3dy4xMDgwLkMzIn0%3D&_nc_ohc=FY4ugH1L4osQ7kNvwGeH_ll&_nc_oc=AdqdPrdhp65nYk7mzaahb8uNg7TbtyZPYTDXS4guVHjNvWKqbHLYq62M5g5Q02GO56k&_nc_zt=24&_nc_ht=scontent-iad3-1.cdninstagram.com&_nc_ss=7d6a8&oh=00_Af7hDrMh7-mEm83Cv7YDnYc7ZBF8kRB5Nd6Of8kbC36UEw&oe=6A038CC9,curhatanmahasiswa.id,curhatanmahasiswa.id,TRUE,FALSE,0,0
3891669691718832834,https://www.instagram.com/p/DYB_Pc2DhLC/?utm_source=ig_web_copy_link&igsh=MzRlODBiNWFlZA==,17989173341985801,https://www.instagram.com/p/DYB_Pc2DhLC/?utm_source=ig_web_copy_link&igsh=MzRlODBiNWFlZA==/c/17989173341985801/,Unfollow🔥,1778228233,1,1959305616,bangbarry,Bang,https://scontent-iad3-2.cdninstagram.com/v/t51.82787-19/530214636_18496673026065617_4653786512781622780_n.jpg?stp=dst-jpg_s150x150_tt6&_nc_cat=105&ccb=7-5&_nc_sid=f7ccc5&efg=eyJ2ZW5jb2RlX3RhZyI6InByb2ZpbGVfcGljLnd3dy4xMDgwLkMzIn0%3D&_nc_ohc=RWmdhL3aqFsQ7kNvwFSQecn&_nc_oc=Adr9MaIEdu7ptzARuRQcRERWBIJYRg_WZ6pn8Sp6wSOEQbVz8f43nRtxQUJuaOJed_Q&_nc_zt=24&_nc_ht=scontent-iad3-2.cdninstagram.com&_nc_gid=KorXe_l-7gqhAn7_b5B-uQ&_nc_ss=7d6a8&oh=00_Af4k7u8LpCZvJa4XaI8RuwkjPoEaOqQD9tXVJoYdi-hTOQ&oe=6A03BBEB,bangbarry,bangbarry,FALSE,FALSE,0,0
3891669691718832834,https://www.instagram.com/p/DYB_Pc2DhLC/?utm_source=ig_web_copy_link&igsh=MzRlODBiNWFlZA==,18405204328147123,https://www.instagram.com/p/DYB_Pc2DhLC/?utm_source=ig_web_copy_link&igsh=MzRlODBiNWFlZA==/c/18405204328147123/,Unfoll ahh soalnya punya pemerintah,1778228223,1,46282694233,hrmnnn_5,Harmin,https://scontent-iad3-1.cdninstagram.com/v/t51.82787-19/672445723_18078413783542234_600071586574739438_n.jpg?stp=dst-jpg_s150x150_tt6&_nc_cat=110&ccb=7-5&_nc_sid=f7ccc5&efg=eyJ2ZW5jb2RlX3RhZyI6InByb2ZpbGVfcGljLnd3dy4xMDgwLkMzIn0%3D&_nc_ohc=Ex0BEDBX_-4Q7kNvwH3T55f&_nc_oc=AdpyYaiqul41qcsoMUUJSmEFZEsD6WlFIwPiuz-cncyJEDYC-d5-ar8CxR4sOUZRsdc&_nc_zt=24&_nc_ht=scontent-iad3-1.cdninstagram.com&_nc_gid=KorXe_l-7gqhAn7_b5B-uQ&_nc_ss=7d6a8&oh=00_Af4_8v58YyOn6tnzAEk15pBY-TQAsV-tz1NsjrvRoVql3A&oe=6A03BBDE,hrmnnn_5,hrmnnn_5,FALSE,FALSE,0,0
3891669691718832834,https://www.instagram.com/p/DYB_Pc2DhLC/?utm_source=ig_web_copy_link&igsh=MzRlODBiNWFlZA==,17863339176625560,https://www.instagram.com/p/DYB_Pc2DhLC/?utm_source=ig_web_copy_link&igsh=MzRlODBiNWFlZA==/c/17863339176625560/,alah gapercaya klo folkative mah😹,1778143772,85,11568021586,gideonray._,deon,https://scontent-iad6-1.cdninstagram.com/v/t51.82787-19/545292524_18154010413389587_1366357459399362921_n.jpg?stp=dst-jpg_s150x150_tt6&_nc_cat=106&ccb=7-5&_nc_sid=f7ccc5&efg=eyJ2ZW5jb2RlX3RhZyI6InByb2ZpbGVfcGljLnd3dy4xMDgwLkMzIn0%3D&_nc_ohc=ZscBA0iPFJUQ7kNvwEeeVgt&_nc_oc=AdpHLx0zhYDbQwnFJHZCsyqZXM9HU8GZ1s8ubWhi9vMKFcgVSQ6uq9JyWgQQ07-Q_aQ&_nc_zt=24&_nc_ht=scontent-iad6-1.cdninstagram.com&_nc_gid=KorXe_l-7gqhAn7_b5B-uQ&_nc_ss=7d6a8&oh=00_Af6oSsMbyKceqWEQl9Xzd85usUT3nEywp1Ql3Ns-VLWlnA&oe=6A0388C5,gideonray._,gideonray._,FALSE,FALSE,0,0
3891669691718832834,https://www.instagram.com/p/DYB_Pc2DhLC/?utm_source=ig_web_copy_link&igsh=MzRlODBiNWFlZA==,18099372605280653,https://www.instagram.com/p/DYB_Pc2DhLC/?utm_source=ig_web_copy_link&igsh=MzRlODBiNWFlZA==/c/18099372605280653/,Ga jadi unfoll,1778144896,0,415382576,kadafimoch,Dafi,https://scontent-iad3-1.cdninstagram.com/v/t51.82787-19/546496274_18527925904022577_1104970637910812931_n.jpg?stp=dst-jpg_s150x150_tt6&_nc_cat=101&ccb=7-5&_nc_sid=f7ccc5&efg=eyJ2ZW5jb2RlX3RhZyI6InByb2ZpbGVfcGljLnd3dy4xMDgwLkMzIn0%3D&_nc_ohc=qniU9RGdxloQ7kNvwFvUOYa&_nc_oc=AdoL9Ed3r6t9JrZUhG7CuJO9yNJCBP9fkmgX1Dqe15NSCHqhyg4erI7JpwPihQCUE9k&_nc_zt=24&_nc_ht=scontent-iad3-1.cdninstagram.com&_nc_gid=KorXe_l-7gqhAn7_b5B-uQ&_nc_ss=7d6a8&oh=00_Af66N-5ahkoXrRCyZOH9TLIw2d8JHvk4fEKWPvZWMhjgcQ&oe=6A039ACA,kadafimoch,kadafimoch,FALSE,FALSE,1,1
3891669691718832834,https://www.instagram.com/p/DYB_Pc2DhLC/?utm_source=ig_web_copy_link&igsh=MzRlODBiNWFlZA==,18101862242003373,https://www.instagram.com/p/DYB_Pc2DhLC/?utm_source=ig_web_copy_link&igsh=MzRlODBiNWFlZA==/c/18101862242003373/,🤣🤣🤣,1778198581,1,3933528305,alippots,Lip,https://scontent-iad6-1.cdninstagram.com/v/t51.82787-19/605889805_18435046654128306_6478019335538479930_n.jpg?stp=dst-jpg_s150x150_tt6&_nc_cat=106&ccb=7-5&_nc_sid=f7ccc5&efg=eyJ2ZW5jb2RlX3RhZyI6InByb2ZpbGVfcGljLnd3dy4xMDgwLkMzIn0%3D&_nc_ohc=rQ1Imf9ehmcQ7kNvwFYcwDB&_nc_oc=Ado-0_XxgI9eYspEiA54yPwxwBn9iq5wtVTexXP_h9adewSjTrjE9x6_rdBWg066WU4&_nc_zt=24&_nc_ht=scontent-iad6-1.cdninstagram.com&_nc_gid=KorXe_l-7gqhAn7_b5B-uQ&_nc_ss=7d6a8&oh=00_Af75yjBH0RAWHackQS-18z7QR3XvV2liZ5dRoco-DLa3Xg&oe=6A039452,alippots,alippots,FALSE,FALSE,0,0
3891669691718832834,https://www.instagram.com/p/DYB_Pc2DhLC/?utm_source=ig_web_copy_link&igsh=MzRlODBiNWFlZA==,18128318020520131,https://www.instagram.com/p/DYB_Pc2DhLC/?utm_source=ig_web_copy_link&igsh=MzRlODBiNWFlZA==/c/18128318020520131/,kenak buzzer pemerintah wkkw,1778215804,1,48144546037,ronaldoosijabat,coconuttreez,https://scontent-iad6-1.cdninstagram.com/v/t51.82787-19/683639112_18091863806602038_7740128061402274012_n.jpg?stp=dst-jpg_s150x150_tt6&_nc_cat=106&ccb=7-5&_nc_sid=f7ccc5&efg=eyJ2ZW5jb2RlX3RhZyI6InByb2ZpbGVfcGljLnd3dy4xMDgwLkMzIn0%3D&_nc_ohc=X6KgDlDwL-kQ7kNvwHgVacJ&_nc_oc=Adrxms5cbM60DGej4ZTAKm-y3oqnJ-oKEoUtQCdKmk2CL5BNRP3JaG1wA8CfyPrFm74&_nc_zt=24&_nc_ht=scontent-iad6-1.cdninstagram.com&_nc_gid=KorXe_l-7gqhAn7_b5B-uQ&_nc_ss=7d6a8&oh=00_Af5QIH2PKm-iXKdNrj5qsRtq10GC1PsBVR4H5g_nDx7n4g&oe=6A03977B,ronaldoosijabat,ronaldoosijabat,FALSE,FALSE,0,0
3891669691718832834,https://www.instagram.com/p/DYB_Pc2DhLC/?utm_source=ig_web_copy_link&igsh=MzRlODBiNWFlZA==,17888178117509209,https://www.instagram.com/p/DYB_Pc2DhLC/?utm_source=ig_web_copy_link&igsh=MzRlODBiNWFlZA==/c/17888178117509209/,jgn lupa pake sabun kalo cuci tangan,1778223397,1,61575284615,owanway,,https://scontent-iad6-1.cdninstagram.com/v/t51.82787-19/655552191_17962301394052616_7093698030497066260_n.jpg?stp=dst-jpg_s150x150_tt6&_nc_cat=106&ccb=7-5&_nc_sid=f7ccc5&efg=eyJ2ZW5jb2RlX3RhZyI6InByb2ZpbGVfcGljLnd3dy4xMDgwLkMzIn0%3D&_nc_ohc=d66_L6tb68AQ7kNvwG9lxo4&_nc_oc=AdqZ0iPmOuaElybaWALd7LK3PUhzBfye9qqOKESIwrPfduiAvREQPTupOMg0dHEWXos&_nc_zt=24&_nc_ht=scontent-iad6-1.cdninstagram.com&_nc_gid=KorXe_l-7gqhAn7_b5B-uQ&_nc_ss=7d6a8&oh=00_Af5IF6S0kIUpKUuNy5QwufqwcApryQUEMVa2-469AEXX9w&oe=6A03B100,owanway,owanway,FALSE,FALSE,0,0
3891669691718832834,https://www.instagram.com/p/DYB_Pc2DhLC/?utm_source=ig_web_copy_link&igsh=MzRlODBiNWFlZA==,18046952372759492,https://www.instagram.com/p/DYB_Pc2DhLC/?utm_source=ig_web_copy_link&igsh=MzRlODBiNWFlZA==/c/18046952372759492/,Gk resmi? Tapi mitra?,1778210074,3,1589555072,udahbesar,Faizi,https://scontent-iad6-1.cdninstagram.com/v/t51.2885-19/317251809_5619923311448883_51599133493207071_n.jpg?stp=dst-jpg_s150x150_tt6&_nc_cat=106&ccb=7-5&_nc_sid=f7ccc5&efg=eyJ2ZW5jb2RlX3RhZyI6InByb2ZpbGVfcGljLnd3dy4xMDgwLkMzIn0%3D&_nc_ohc=SViRQgIw840Q7kNvwGGEFjw&_nc_oc=Ador_MuB16Wb-4mNPovDnQNh7tTQBfzNmL-igxiy7JbgeOlE5dNGuoJGr69hvuh_8K0&_nc_zt=24&_nc_ht=scontent-iad6-1.cdninstagram.com&_nc_ss=7d6a8&oh=00_Af7NCQzVVaQICSeiSv3uhdovmSI-sp1D7Iol2oAcNbL4hg&oe=6A03B662,udahbesar,udahbesar,FALSE,FALSE,0,0
3891669691718832834,https://www.instagram.com/p/DYB_Pc2DhLC/?utm_source=ig_web_copy_link&igsh=MzRlODBiNWFlZA==,17943993525015855,https://www.instagram.com/p/DYB_Pc2DhLC/?utm_source=ig_web_copy_link&igsh=MzRlODBiNWFlZA==/c/17943993525015855/,wqwqwq😭,1778217369,1,3873197310,huuaduh,Huda,https://scontent-iad3-1.cdninstagram.com/v/t51.82787-19/685997981_18414324358133311_7895495865982013252_n.jpg?stp=dst-jpg_s150x150_tt6&_nc_cat=110&ccb=7-5&_nc_sid=f7ccc5&efg=eyJ2ZW5jb2RlX3RhZyI6InByb2ZpbGVfcGljLnd3dy4xMDgwLkMzIn0%3D&_nc_ohc=xz-8-Hj9GjoQ7kNvwFaqnkF&_nc_oc=AdoQKtmjwlJhdZehCEkaLLxidqnIDQ9rW-zkZ20XurpKc8S5GDJlyp16Q-Xg7UtvP54&_nc_zt=24&_nc_ht=scontent-iad3-1.cdninstagram.com&_nc_gid=YMPpvY4wT3w-fWrbEdZEIA&_nc_ss=7d6a8&oh=00_Af7LTpK64ssscOMzpd7NhqWdbqcewrMfSYeDtaqqJhBOdw&oe=6A03A02D,huuaduh,huuaduh,FALSE,FALSE,0,0
3891669691718832834,https://www.instagram.com/p/DYB_Pc2DhLC/?utm_source=ig_web_copy_link&igsh=MzRlODBiNWFlZA==,18063026642423724,https://www.instagram.com/p/DYB_Pc2DhLC/?utm_source=ig_web_copy_link&igsh=MzRlODBiNWFlZA==/c/18063026642423724/,"Intinya @folkative  ANGGOTA INMF Titik. Lucu yaa ""Media Mitra Pemerintah"" 
Emang akal-akalan pemerintah dan Sama² mau Duit Gede.",1778156289,13,3408762291,amad_rajinbekerja,Akhmad Setiadi,https://scontent-iad3-2.cdninstagram.com/v/t51.82787-19/518370327_18400760953114292_7581749262506914587_n.jpg?stp=dst-jpg_s150x150_tt6&_nc_cat=111&ccb=7-5&_nc_sid=f7ccc5&efg=eyJ2ZW5jb2RlX3RhZyI6InByb2ZpbGVfcGljLnd3dy4xMDgwLkMzIn0%3D&_nc_ohc=D4U3tnV1Zh0Q7kNvwEJqf5M&_nc_oc=AdpoLI4E9XGK1Rk19TVAXjEC-_rbrSXecnMlgqqfBsx6_1kReMEPAW2-ANHX-RNdZYM&_nc_zt=24&_nc_ht=scontent-iad3-2.cdninstagram.com&_nc_gid=YMPpvY4wT3w-fWrbEdZEIA&_nc_ss=7d6a8&oh=00_Af5H0pZE2BhlyRpt1w5umfIRc7Sg2BxiQBLMiWOrnRM1Zg&oe=6A039E70,amad_rajinbekerja,amad_rajinbekerja,FALSE,FALSE,0,0
3891669691718832834,https://www.instagram.com/p/DYB_Pc2DhLC/?utm_source=ig_web_copy_link&igsh=MzRlODBiNWFlZA==,18209364562330071,https://www.instagram.com/p/DYB_Pc2DhLC/?utm_source=ig_web_copy_link&igsh=MzRlODBiNWFlZA==/c/18209364562330071/,Oke unfoll better uss feeds,1778163950,5,2323043308,lalalalavienroseeee,✨God's favorite Child✨,https://scontent-iad6-1.cdninstagram.com/v/t51.82787-19/660171587_18521516674075309_228043441550825735_n.jpg?stp=dst-jpg_s150x150_tt6&_nc_cat=109&ccb=7-5&_nc_sid=f7ccc5&efg=eyJ2ZW5jb2RlX3RhZyI6InByb2ZpbGVfcGljLnd3dy43MzYuQzMifQ%3D%3D&_nc_ohc=wHZxia9SEQAQ7kNvwHP4OEh&_nc_oc=Adp985jTOeyzvUGg24NheEMJ-LhdyGH3sgyNWG3kRG1u2Zr6h3jQCTNYPePjDEmTlXI&_nc_zt=24&_nc_ht=scontent-iad6-1.cdninstagram.com&_nc_gid=YMPpvY4wT3w-fWrbEdZEIA&_nc_ss=7d6a8&oh=00_Af6_ApmQvl_2pVy_C0MbS4SrAgDhbEpjmGk8dms67M6VfQ&oe=6A03A0B5,lalalalavienroseeee,lalalalavienroseeee,FALSE,FALSE,2,2
3891669691718832834,https://www.instagram.com/p/DYB_Pc2DhLC/?utm_source=ig_web_copy_link&igsh=MzRlODBiNWFlZA==,18368639749205841,https://www.instagram.com/p/DYB_Pc2DhLC/?utm_source=ig_web_copy_link&igsh=MzRlODBiNWFlZA==/c/18368639749205841/,Semua media yang masuk dalam daftar pada kompak ya klarifikasinya,1778219566,1,72009242722,kaloganteng_,Bukan sulap bukan,https://scontent-iad3-1.cdninstagram.com/v/t51.82787-19/527354593_17872912731402723_1678743333652264423_n.jpg?stp=dst-jpg_s150x150_tt6&_nc_cat=101&ccb=7-5&_nc_sid=f7ccc5&efg=eyJ2ZW5jb2RlX3RhZyI6InByb2ZpbGVfcGljLnd3dy4xMDgwLkMzIn0%3D&_nc_ohc=SOEHMhhuOG0Q7kNvwFiv6xB&_nc_oc=AdobtN7dSlrNSL2m8lPDRiAxAcxURxnxJ3eZEEAfkkljjWzzCe1aNOmea2cdGdtBNYw&_nc_zt=24&_nc_ht=scontent-iad3-1.cdninstagram.com&_nc_gid=YMPpvY4wT3w-fWrbEdZEIA&_nc_ss=7d6a8&oh=00_Af62cwKjuEpANE1Ts0JJjZwFxK8TrpJQIWL9eiCsyUEewg&oe=6A039671,kaloganteng_,kaloganteng_,FALSE,FALSE,0,0
3891669691718832834,https://www.instagram.com/p/DYB_Pc2DhLC/?utm_source=ig_web_copy_link&igsh=MzRlODBiNWFlZA==,18114720514828133,https://www.instagram.com/p/DYB_Pc2DhLC/?utm_source=ig_web_copy_link&igsh=MzRlODBiNWFlZA==/c/18114720514828133/,spik aja media sampis,1778147767,1,4745536816,sildaf88,Fadli Syauqi,https://scontent-iad3-2.cdninstagram.com/v/t51.2885-19/345121077_3046693868971271_8001614704148166004_n.jpg?stp=dst-jpg_s150x150_tt6&_nc_cat=105&ccb=7-5&_nc_sid=f7ccc5&efg=eyJ2ZW5jb2RlX3RhZyI6InByb2ZpbGVfcGljLnd3dy45ODAuQzMifQ%3D%3D&_nc_ohc=smy9QEmKFTkQ7kNvwG0k30L&_nc_oc=AdqwCjHv32hRRr77Qyy9_Av887MrIUAf6W1Se8N_vBVr3LjohhFEBnu5NcoLVdVhJO8&_nc_zt=24&_nc_ht=scontent-iad3-2.cdninstagram.com&_nc_ss=7d6a8&oh=00_Af4emAetcIPMrhWBdH9-_TcU1wv4MzDYjzaZ0JroY9ZOVw&oe=6A03A418,sildaf88,sildaf88,FALSE,FALSE,0,0
3891669691718832834,https://www.instagram.com/p/DYB_Pc2DhLC/?utm_source=ig_web_copy_link&igsh=MzRlODBiNWFlZA==,18079943972633336,https://www.instagram.com/p/DYB_Pc2DhLC/?utm_source=ig_web_copy_link&igsh=MzRlODBiNWFlZA==/c/18079943972633336/,jangan lupa cuci tangan nya pake sunlight 🙌,1778218406,1,65963691672,arifhidayyatttt,Arif Hidayat,https://scontent-iad6-1.cdninstagram.com/v/t51.82787-19/683776582_17941887714195673_7704419009194662811_n.jpg?stp=dst-jpg_s150x150_tt6&_nc_cat=106&ccb=7-5&_nc_sid=f7ccc5&efg=eyJ2ZW5jb2RlX3RhZyI6InByb2ZpbGVfcGljLnd3dy4xMDgwLkMzIn0%3D&_nc_ohc=5_n5CisW9fEQ7kNvwGlDGDF&_nc_oc=AdqMAdXU0bQTAIlNQYl3NkYUQtVeJglvuxQfwQKCrDwz5ZJ2AlaIE-c8VS7mbImjasI&_nc_zt=24&_nc_ht=scontent-iad6-1.cdninstagram.com&_nc_gid=YMPpvY4wT3w-fWrbEdZEIA&_nc_ss=7d6a8&oh=00_Af5tHY63OAdGC3DZC0_oSa5nFp768mn7GOMaO_PURSO1jQ&oe=6A039E08,arifhidayyatttt,arifhidayyatttt,FALSE,FALSE,0,0
3891669691718832834,https://www.instagram.com/p/DYB_Pc2DhLC/?utm_source=ig_web_copy_link&igsh=MzRlODBiNWFlZA==,18128948143597042,https://www.instagram.com/p/DYB_Pc2DhLC/?utm_source=ig_web_copy_link&igsh=MzRlODBiNWFlZA==/c/18128948143597042/,halah,1778176047,1,1534049709,radiraa_,dir.,https://scontent-iad3-1.cdninstagram.com/v/t51.82787-19/642960743_18565794427033710_6508666758712168795_n.jpg?stp=dst-jpg_s150x150_tt6&_nc_cat=101&ccb=7-5&_nc_sid=f7ccc5&efg=eyJ2ZW5jb2RlX3RhZyI6InByb2ZpbGVfcGljLnd3dy43OTEuQzMifQ%3D%3D&_nc_ohc=Z26E0ioqt8YQ7kNvwFhQlKG&_nc_oc=Adple8y5op-KF3nktCJhZ4xG6fhkyw-Wlv4oFFp_UhxjD0e1-BY7tN7_KDosHhIEbEQ&_nc_zt=24&_nc_ht=scontent-iad3-1.cdninstagram.com&_nc_gid=YMPpvY4wT3w-fWrbEdZEIA&_nc_ss=7d6a8&oh=00_Af4g06EUBmRKLQ4br9Tcf-PKaUrIBJsCP9X5iD2rJbFckg&oe=6A03AFD1,radiraa_,radiraa_,FALSE,FALSE,0,0
3891669691718832834,https://www.instagram.com/p/DYB_Pc2DhLC/?utm_source=ig_web_copy_link&igsh=MzRlODBiNWFlZA==,18138264865521676,https://www.instagram.com/p/DYB_Pc2DhLC/?utm_source=ig_web_copy_link&igsh=MzRlODBiNWFlZA==/c/18138264865521676/,Lupa deh blm unfoll @folkative,1778167799,3,4076154523,andina.adzka,Andina Azka,https://scontent-iad6-1.cdninstagram.com/v/t51.82787-19/675442975_18415734565130524_5695306364471491810_n.jpg?stp=dst-jpg_s150x150_tt6&_nc_cat=100&ccb=7-5&_nc_sid=f7ccc5&efg=eyJ2ZW5jb2RlX3RhZyI6InByb2ZpbGVfcGljLnd3dy4xMDgwLkMzIn0%3D&_nc_ohc=sFt0xt1o3hcQ7kNvwELMq46&_nc_oc=Adr4ZFPzaOs2bf86uUwxsIsoBX0uqKINW_-2jMgUARUvVKiteCYsfbB6QTVxZ-3RUrk&_nc_zt=24&_nc_ht=scontent-iad6-1.cdninstagram.com&_nc_gid=YMPpvY4wT3w-fWrbEdZEIA&_nc_ss=7d6a8&oh=00_Af4bmijc6F61vAzozO4UpzaUif50kj3czLpcywoL-rie2A&oe=6A03AF05,andina.adzka,andina.adzka,FALSE,FALSE,0,0
3891669691718832834,https://www.instagram.com/p/DYB_Pc2DhLC/?utm_source=ig_web_copy_link&igsh=MzRlODBiNWFlZA==,18129682456511628,https://www.instagram.com/p/DYB_Pc2DhLC/?utm_source=ig_web_copy_link&igsh=MzRlODBiNWFlZA==/c/18129682456511628/,Klarifikasi nya SAMA SMUAAAAA 😂 COPY PASTE ATAU PEMERINTAH YV PEGANG SKRNG 😭😭,1778215360,0,1698844625,bndvadams,🦖,https://scontent-iad6-1.cdninstagram.com/v/t51.82787-19/660425656_18583426921028626_8653722064318935288_n.jpg?stp=dst-jpg_s150x150_tt6&_nc_cat=107&ccb=7-5&_nc_sid=f7ccc5&efg=eyJ2ZW5jb2RlX3RhZyI6InByb2ZpbGVfcGljLnd3dy4xMDgwLkMzIn0%3D&_nc_ohc=rZy8uWkNK_wQ7kNvwF0JK8r&_nc_oc=AdqSfYhhB__RNTJpsUDzazSSButa5uh6xcTkqFBIo_V2KlN9o3NAu9eytXoxYD7FS9g&_nc_zt=24&_nc_ht=scontent-iad6-1.cdninstagram.com&_nc_gid=YMPpvY4wT3w-fWrbEdZEIA&_nc_ss=7d6a8&oh=00_Af5RNQ7LFx4VGlKZ7XiG6IL4RZ2aheS5uxU-pLXOeyXhuA&oe=6A039398,bndvadams,bndvadams,FALSE,FALSE,1,1
3891669691718832834,https://www.instagram.com/p/DYB_Pc2DhLC/?utm_source=ig_web_copy_link&igsh=MzRlODBiNWFlZA==,17980105781841501,https://www.instagram.com/p/DYB_Pc2DhLC/?utm_source=ig_web_copy_link&igsh=MzRlODBiNWFlZA==/c/17980105781841501/,Postingan gini template semua ya yg akunnya kesebut 😌,1778158611,1,250371383,deaayukartika,Dea Ayu Kartika Putri,https://scontent-iad3-1.cdninstagram.com/v/t51.82787-19/520434635_18516277561003384_8364001985358310813_n.jpg?stp=dst-jpg_s150x150_tt6&_nc_cat=108&ccb=7-5&_nc_sid=f7ccc5&efg=eyJ2ZW5jb2RlX3RhZyI6InByb2ZpbGVfcGljLnd3dy43ODAuQzMifQ%3D%3D&_nc_ohc=P-1DoSTMhugQ7kNvwEFLNtW&_nc_oc=Ado0gFPaE3VXuGzTUzCL0bP5-0mbOomV69GDWDBcHYKtKhG1F1DTchw4PJ6cHnJCDqQ&_nc_zt=24&_nc_ht=scontent-iad3-1.cdninstagram.com&_nc_gid=YMPpvY4wT3w-fWrbEdZEIA&_nc_ss=7d6a8&oh=00_Af7CbAqAXzMXrt6hRFyOG0j26TYieU5gzWunlVcXxnxR7g&oe=6A03A49D,deaayukartika,deaayukartika,FALSE,FALSE,0,0
3891669691718832834,https://www.instagram.com/p/DYB_Pc2DhLC/?utm_source=ig_web_copy_link&igsh=MzRlODBiNWFlZA==,17968347411060400,https://www.instagram.com/p/DYB_Pc2DhLC/?utm_source=ig_web_copy_link&igsh=MzRlODBiNWFlZA==/c/17968347411060400/,Bacot,1778147983,3,3010641396,sutomosup,Sutomo,https://scontent-iad3-1.cdninstagram.com/v/t51.82787-19/546479690_18422018821097397_7280659364192201582_n.jpg?stp=dst-jpg_s150x150_tt6&_nc_cat=110&ccb=7-5&_nc_sid=f7ccc5&efg=eyJ2ZW5jb2RlX3RhZyI6InByb2ZpbGVfcGljLnd3dy4xMDgwLkMzIn0%3D&_nc_ohc=mpcOJVEBdxkQ7kNvwF-okIx&_nc_oc=AdoZJEd5-VcTBBARodLiJ_z_JcjcYMIEKB2movx0nJxuepiMt-NqeG-CFXRH4RkwLqM&_nc_zt=24&_nc_ht=scontent-iad3-1.cdninstagram.com&_nc_gid=YMPpvY4wT3w-fWrbEdZEIA&_nc_ss=7d6a8&oh=00_Af42BAbPcxxAKDifXHXJuqhAF29kuW33SJC5y8w61gHhkQ&oe=6A03A937,sutomosup,sutomosup,FALSE,FALSE,0,0
3891669691718832834,https://www.instagram.com/p/DYB_Pc2DhLC/?utm_source=ig_web_copy_link&igsh=MzRlODBiNWFlZA==,18075663080239824,https://www.instagram.com/p/DYB_Pc2DhLC/?utm_source=ig_web_copy_link&igsh=MzRlODBiNWFlZA==/c/18075663080239824/,Makin keliatan kalo ni page emang pro pemerintah,1778161857,5,9281508406,razor._z,RazorZ,https://scontent-iad6-1.cdninstagram.com/v/t51.82787-19/608585082_18219283741308407_1174203918057101775_n.jpg?stp=dst-jpg_s150x150_tt6&_nc_cat=100&ccb=7-5&_nc_sid=f7ccc5&efg=eyJ2ZW5jb2RlX3RhZyI6InByb2ZpbGVfcGljLnd3dy4xMDgwLkMzIn0%3D&_nc_ohc=5bu58v6VnPoQ7kNvwGm1eUR&_nc_oc=AdrCXkc0gyRmf1SvqI8u0QE-kfV4C9rVmDsjap93TNUJZZgdAJvHq4pe8u6hiDBWRhs&_nc_zt=24&_nc_ht=scontent-iad6-1.cdninstagram.com&_nc_gid=p5o2IttGHgoFURt34Q3SGg&_nc_ss=7d6a8&oh=00_Af4ASnWCgvubLMpQT2yZjejL8A7-qyi-D3whadClunp4BA&oe=6A03B869,razor._z,razor._z,FALSE,FALSE,0,0
3891669691718832834,https://www.instagram.com/p/DYB_Pc2DhLC/?utm_source=ig_web_copy_link&igsh=MzRlODBiNWFlZA==,18099266821866280,https://www.instagram.com/p/DYB_Pc2DhLC/?utm_source=ig_web_copy_link&igsh=MzRlODBiNWFlZA==/c/18099266821866280/,nyang bener nih???,1778147741,2,1653212819,keyofheaven__,(๑'ᵕ'๑)⸝*🫧✨🌷🍒,https://scontent-iad6-1.cdninstagram.com/v/t51.82787-19/657516715_18578371531028820_935057378147016376_n.jpg?stp=dst-jpg_s150x150_tt6&_nc_cat=102&ccb=7-5&_nc_sid=f7ccc5&efg=eyJ2ZW5jb2RlX3RhZyI6InByb2ZpbGVfcGljLnd3dy4xMDgwLkMzIn0%3D&_nc_ohc=E9TFBrwiaKkQ7kNvwHYPAxI&_nc_oc=AdpHgkmRJhBQYLovZCWawk5clGGvZKMLBsaYn5uU-zeuHu_JeI8ltfAJR-CzjJJEFrE&_nc_zt=24&_nc_ht=scontent-iad6-1.cdninstagram.com&_nc_gid=p5o2IttGHgoFURt34Q3SGg&_nc_ss=7d6a8&oh=00_Af7zGzBR7AQfnN8HMGo3eQYdCu7ERl7cFNDI6W16tnqFfw&oe=6A03ADD4,keyofheaven__,keyofheaven__,FALSE,FALSE,0,0
3891669691718832834,https://www.instagram.com/p/DYB_Pc2DhLC/?utm_source=ig_web_copy_link&igsh=MzRlODBiNWFlZA==,18135208720548260,https://www.instagram.com/p/DYB_Pc2DhLC/?utm_source=ig_web_copy_link&igsh=MzRlODBiNWFlZA==/c/18135208720548260/,Yeuu buzzer neh,1778197872,1,561984359,tiarrchmnt_,yek!,https://scontent-iad3-1.cdninstagram.com/v/t51.82787-19/670818961_18583743049000360_5740758106034130378_n.jpg?stp=dst-jpg_s150x150_tt6&_nc_cat=110&ccb=7-5&_nc_sid=f7ccc5&_nc_aid=0&efg=eyJ2ZW5jb2RlX3RhZyI6InByb2ZpbGVfcGljLnd3dy44MTAuQzMifQ%3D%3D&_nc_ohc=AxC12I5zv9wQ7kNvwH5ZWpr&_nc_oc=Adrroi3_ZiPRw7_FrPIbYwUHFa2RaMITttXFKYxVegoOVCckDMtgoV4H06Go38yLRHs&_nc_zt=24&_nc_ht=scontent-iad3-1.cdninstagram.com&_nc_gid=p5o2IttGHgoFURt34Q3SGg&_nc_ss=7d6a8&oh=00_Af6GcAOsr0G_KN7ur4JLKl-XFWEvmeBgjUGzitDZAo9ZnA&oe=6A038B30,tiarrchmnt_,tiarrchmnt_,FALSE,FALSE,0,0
3891669691718832834,https://www.instagram.com/p/DYB_Pc2DhLC/?utm_source=ig_web_copy_link&igsh=MzRlODBiNWFlZA==,18098469680038660,https://www.instagram.com/p/DYB_Pc2DhLC/?utm_source=ig_web_copy_link&igsh=MzRlODBiNWFlZA==/c/18098469680038660/,Apakah ada isu besar ?,1778150602,1,44477851457,rizkiabdulazis77,رزق عبد العزيز,https://scontent-iad6-1.cdninstagram.com/v/t51.82787-19/655800637_18099170714483458_5807597644403972828_n.jpg?stp=dst-jpg_s150x150_tt6&_nc_cat=102&ccb=7-5&_nc_sid=f7ccc5&efg=eyJ2ZW5jb2RlX3RhZyI6InByb2ZpbGVfcGljLnd3dy45NDAuQzMifQ%3D%3D&_nc_ohc=7CGO-e-3cuIQ7kNvwEODCfF&_nc_oc=Adr6gPK_YbGCJqNWseVE9EpVWxi__SuzqGdJQkezwMKypTwvIXUEn_ckS_2M8U97iNs&_nc_zt=24&_nc_ht=scontent-iad6-1.cdninstagram.com&_nc_gid=p5o2IttGHgoFURt34Q3SGg&_nc_ss=7d6a8&oh=00_Af4ygcFWS-i529b6SuMnsiGYRTjXuy0TlmaGhSR0z5x0vQ&oe=6A03A85D,rizkiabdulazis77,rizkiabdulazis77,FALSE,FALSE,1,1
3891669691718832834,https://www.instagram.com/p/DYB_Pc2DhLC/?utm_source=ig_web_copy_link&igsh=MzRlODBiNWFlZA==,18062257025694808,https://www.instagram.com/p/DYB_Pc2DhLC/?utm_source=ig_web_copy_link&igsh=MzRlODBiNWFlZA==/c/18062257025694808/,menyatakan tidak menerima dana dari pemerintah ga?,1778153311,3,3245436861,agammnabil,agam muhammad nabil,https://scontent-iad3-1.cdninstagram.com/v/t51.89012-19/573323465_1219825463302212_7278921664109726296_n.jpg?stp=dst-jpg_s150x150_tt6&_nc_cat=1&ccb=7-5&_nc_sid=f7ccc5&efg=eyJ2ZW5jb2RlX3RhZyI6InByb2ZpbGVfcGljLnd3dy5DMyJ9&_nc_ohc=Pji814fEPTcQ7kNvwEQfzBU&_nc_oc=AdrbXG0C2zsHFHFt2tWdYZtbrjrVXViuXMoqPhNRKh66FGDq_rXi8c4VHgae9tGS6IE&_nc_zt=24&_nc_ht=scontent-iad3-1.cdninstagram.com&_nc_gid=p5o2IttGHgoFURt34Q3SGg&_nc_ss=7d6a8&oh=00_Af4IGGzVQHqyvgn6fPYBEM-ytawISHRD5l0W08qhk1O5Pg&oe=6A0395A2,agammnabil,agammnabil,FALSE,FALSE,0,0
3891669691718832834,https://www.instagram.com/p/DYB_Pc2DhLC/?utm_source=ig_web_copy_link&igsh=MzRlODBiNWFlZA==,18115296754769017,https://www.instagram.com/p/DYB_Pc2DhLC/?utm_source=ig_web_copy_link&igsh=MzRlODBiNWFlZA==/c/18115296754769017/,Bohong,1778147065,10,145237975,fscrm,Lulu Fikri,https://scontent-iad6-1.cdninstagram.com/v/t51.82787-19/541625611_18533268328021976_7207953825535732703_n.jpg?stp=dst-jpg_s150x150_tt6&_nc_cat=102&ccb=7-5&_nc_sid=f7ccc5&efg=eyJ2ZW5jb2RlX3RhZyI6InByb2ZpbGVfcGljLnd3dy4xMDgwLkMzIn0%3D&_nc_ohc=3qpUhcZHHtkQ7kNvwFN9Ns5&_nc_oc=AdrRgeLZJ-7x0wSKlnbFEJBTGkzsk7f1K7INRufgYet7qPqRMpVadQgjfZQ7yJBW_X4&_nc_zt=24&_nc_ht=scontent-iad6-1.cdninstagram.com&_nc_gid=p5o2IttGHgoFURt34Q3SGg&_nc_ss=7d6a8&oh=00_Af7G_NE6QJ2LUB2noQel_f1-KxvEudghVXQkV8U_sjl_DA&oe=6A03A0A9,fscrm,fscrm,FALSE,FALSE,0,0
3891669691718832834,https://www.instagram.com/p/DYB_Pc2DhLC/?utm_source=ig_web_copy_link&igsh=MzRlODBiNWFlZA==,17926281078303396,https://www.instagram.com/p/DYB_Pc2DhLC/?utm_source=ig_web_copy_link&igsh=MzRlODBiNWFlZA==/c/17926281078303396/,ketinggalan berita guee 🫵😭,1778144922,2,55215269237,fkrmddn,,https://scontent-iad6-1.cdninstagram.com/v/t51.82787-19/549037320_17990755493845238_6586773303901181292_n.jpg?stp=dst-jpg_s150x150_tt6&_nc_cat=100&ccb=7-5&_nc_sid=f7ccc5&efg=eyJ2ZW5jb2RlX3RhZyI6InByb2ZpbGVfcGljLnd3dy4xMDgwLkMzIn0%3D&_nc_ohc=a9HfsUvXXZQQ7kNvwH9H-Ox&_nc_oc=Adp81pq2_XhSft5c5IguHXiRtRcMAcsVjwgmqqwlK45i_XCj0xLqPV9-IzfpJP4JknE&_nc_zt=24&_nc_ht=scontent-iad6-1.cdninstagram.com&_nc_gid=p5o2IttGHgoFURt34Q3SGg&_nc_ss=7d6a8&oh=00_Af4C_XFQsoGcIpWbeYfnjTd_NLo3ZENWDZngwlavi5Or5g&oe=6A03A162,fkrmddn,fkrmddn,FALSE,FALSE,0,0
3891669691718832834,https://www.instagram.com/p/DYB_Pc2DhLC/?utm_source=ig_web_copy_link&igsh=MzRlODBiNWFlZA==,18012558470699787,https://www.instagram.com/p/DYB_Pc2DhLC/?utm_source=ig_web_copy_link&igsh=MzRlODBiNWFlZA==/c/18012558470699787/,ah masa,1778241094,0,44490165,matcha._mantra,matcha.mantra,https://scontent-iad3-2.cdninstagram.com/v/t51.82787-19/558185230_18531559333010166_3057733260080447289_n.jpg?stp=dst-jpg_s150x150_tt6&_nc_cat=105&ccb=7-5&_nc_sid=f7ccc5&efg=eyJ2ZW5jb2RlX3RhZyI6InByb2ZpbGVfcGljLnd3dy4xMDgwLkMzIn0%3D&_nc_ohc=tOxCmIpeHlUQ7kNvwHfIzEo&_nc_oc=AdpZCqAjZfoQO_jtZZzwiSVH9PTsU9JsOLZQn5LZzk2P4o2nY9VwodC7eSqBG3VkAlc&_nc_zt=24&_nc_ht=scontent-iad3-2.cdninstagram.com&_nc_gid=Dfd6CmdWbXJuUiahTF5IFA&_nc_ss=7d6a8&oh=00_Af42u2ajQyxr3KU8bO8011_n7fB1vZKYXrtNcGoJfD7yYg&oe=6A03B4FC,matcha._mantra,matcha._mantra,FALSE,FALSE,0,0
3891669691718832834,https://www.instagram.com/p/DYB_Pc2DhLC/?utm_source=ig_web_copy_link&igsh=MzRlODBiNWFlZA==,17972226285058862,https://www.instagram.com/p/DYB_Pc2DhLC/?utm_source=ig_web_copy_link&igsh=MzRlODBiNWFlZA==/c/17972226285058862/,Afaa iyaa?,1778241024,0,4755077508,heonlyliveonce_,Fauzi Riash Utama,https://scontent-iad3-1.cdninstagram.com/v/t51.82787-19/670554183_18393164806157509_1631502988768391620_n.jpg?stp=dst-jpg_s150x150_tt6&_nc_cat=104&ccb=7-5&_nc_sid=f7ccc5&efg=eyJ2ZW5jb2RlX3RhZyI6InByb2ZpbGVfcGljLnd3dy44MTAuQzMifQ%3D%3D&_nc_ohc=fEOU1suFjIsQ7kNvwGThG4t&_nc_oc=AdrVtJF6VOGLRDqXCu8bXirKSe6iBBQAy0iMXnAxkRrZ6S_dCBC4mtLIGRop2r45svc&_nc_zt=24&_nc_ht=scontent-iad3-1.cdninstagram.com&_nc_gid=Dfd6CmdWbXJuUiahTF5IFA&_nc_ss=7d6a8&oh=00_Af61d-CrI_k_b0DQm7mVU_y_1ezvoHH24TBl8pAKw1TDqA&oe=6A03B070,heonlyliveonce_,heonlyliveonce_,FALSE,FALSE,0,0
3891669691718832834,https://www.instagram.com/p/DYB_Pc2DhLC/?utm_source=ig_web_copy_link&igsh=MzRlODBiNWFlZA==,18082771835116645,https://www.instagram.com/p/DYB_Pc2DhLC/?utm_source=ig_web_copy_link&igsh=MzRlODBiNWFlZA==/c/18082771835116645/,Maling mana mau ngaku maling😂,1778240962,0,51014629468,z0f4r,Erectile Dysfunction,https://scontent-iad6-1.cdninstagram.com/v/t51.82787-19/616414521_18047080562701469_2149224342725019218_n.jpg?stp=dst-jpg_s150x150_tt6&_nc_cat=107&ccb=7-5&_nc_sid=f7ccc5&efg=eyJ2ZW5jb2RlX3RhZyI6InByb2ZpbGVfcGljLnd3dy4xMDgwLkMzIn0%3D&_nc_ohc=igNHnvxX_e4Q7kNvwGwnWEc&_nc_oc=AdoavpqNrQehDSuDqhF7OUCNviTXDZ95RJGACwB5IJrjom9UmTPu459UC9O77_6o2jg&_nc_zt=24&_nc_ht=scontent-iad6-1.cdninstagram.com&_nc_gid=Dfd6CmdWbXJuUiahTF5IFA&_nc_ss=7d6a8&oh=00_Af6auItlrda4QilguBaIBMrKjN1dFagkRydIDXKUUR4ohA&oe=6A038779,z0f4r,z0f4r,FALSE,FALSE,0,0
3891669691718832834,https://www.instagram.com/p/DYB_Pc2DhLC/?utm_source=ig_web_copy_link&igsh=MzRlODBiNWFlZA==,17923094433338616,https://www.instagram.com/p/DYB_Pc2DhLC/?utm_source=ig_web_copy_link&igsh=MzRlODBiNWFlZA==/c/17923094433338616/,"Template sama semua ya,paham",1778240913,0,5467186122,bayprasetya76,Bayu Prasetya,https://scontent-iad3-2.cdninstagram.com/v/t51.82787-19/572584388_18377674108178123_7182360823887147842_n.jpg?stp=dst-jpg_s150x150_tt6&_nc_cat=111&ccb=7-5&_nc_sid=f7ccc5&efg=eyJ2ZW5jb2RlX3RhZyI6InByb2ZpbGVfcGljLnd3dy4xMDgwLkMzIn0%3D&_nc_ohc=ofXhfkCmlMsQ7kNvwEagd5t&_nc_oc=AdpvP14BnNo1qPmb_-TXh4HQcvNBcF8Nm-7rn63KxXMq1aeLymPVPhuYN76XKFNu3N0&_nc_zt=24&_nc_ht=scontent-iad3-2.cdninstagram.com&_nc_gid=Dfd6CmdWbXJuUiahTF5IFA&_nc_ss=7d6a8&oh=00_Af4zbHh6kraxTGucXDpTIK95RC52eOKqrLUIm5QcBoOBhw&oe=6A03A729,bayprasetya76,bayprasetya76,FALSE,FALSE,0,0
3891669691718832834,https://www.instagram.com/p/DYB_Pc2DhLC/?utm_source=ig_web_copy_link&igsh=MzRlODBiNWFlZA==,18045253658771141,https://www.instagram.com/p/DYB_Pc2DhLC/?utm_source=ig_web_copy_link&igsh=MzRlODBiNWFlZA==/c/18045253658771141/,Kenapa nggak si Qodari ajak media yang kemarin dukung 02 kemarin?,1778240647,0,3113164131,bagusadriel14,Bagus Adriel Satria,https://scontent-iad3-2.cdninstagram.com/v/t51.82787-19/658434679_18461219167100132_7377280562338219628_n.jpg?stp=dst-jpg_s150x150_tt6&_nc_cat=105&ccb=7-5&_nc_sid=f7ccc5&efg=eyJ2ZW5jb2RlX3RhZyI6InByb2ZpbGVfcGljLnd3dy4xMDgwLkMzIn0%3D&_nc_ohc=TwXtYQ7TA3gQ7kNvwGMZUIl&_nc_oc=AdrXiud9sqfs01yBmtP6cPvL5m_QJ6X5-UIfzGFa8T9-VTpemK4ToUfwn-xt3jfyX-A&_nc_zt=24&_nc_ht=scontent-iad3-2.cdninstagram.com&_nc_gid=Dfd6CmdWbXJuUiahTF5IFA&_nc_ss=7d6a8&oh=00_Af7z1ouIYCfEIqF9B9kD2b_FlAllW07uT7kITeDz62d72Q&oe=6A03A295,bagusadriel14,bagusadriel14,FALSE,FALSE,0,0
3891669691718832834,https://www.instagram.com/p/DYB_Pc2DhLC/?utm_source=ig_web_copy_link&igsh=MzRlODBiNWFlZA==,18434594080141490,https://www.instagram.com/p/DYB_Pc2DhLC/?utm_source=ig_web_copy_link&igsh=MzRlODBiNWFlZA==/c/18434594080141490/,Rezim terkocak🔥kemunduran indonesia🙌,1778240366,0,46363580446,totaandrian,Tota Andrian,https://scontent-iad3-2.cdninstagram.com/v/t51.82787-19/641746987_18039065663548447_7560544972328190145_n.jpg?stp=dst-jpg_s150x150_tt6&_nc_cat=103&ccb=7-5&_nc_sid=f7ccc5&efg=eyJ2ZW5jb2RlX3RhZyI6InByb2ZpbGVfcGljLnd3dy4zMjAuQzMifQ%3D%3D&_nc_ohc=ZL4iU9MZUNIQ7kNvwHvts0Y&_nc_oc=Adp2jAkXx8lQfvNFZkGIMrYFktKR3TBbp7tQhxQK0jF68YhGjxPZv161VsjJYNPKVsI&_nc_zt=24&_nc_ht=scontent-iad3-2.cdninstagram.com&_nc_gid=Dfd6CmdWbXJuUiahTF5IFA&_nc_ss=7d6a8&oh=00_Af5PTVXyzBqLPO5oMKdTpW_88OQd4v_hkuryIX5rTt6WIw&oe=6A038A6F,totaandrian,totaandrian,FALSE,FALSE,0,0
3891669691718832834,https://www.instagram.com/p/DYB_Pc2DhLC/?utm_source=ig_web_copy_link&igsh=MzRlODBiNWFlZA==,18313702477275386,https://www.instagram.com/p/DYB_Pc2DhLC/?utm_source=ig_web_copy_link&igsh=MzRlODBiNWFlZA==/c/18313702477275386/,"@folkative Tuntut balik dong klo merasa di rugikan !, jangan cuma statement aja !",1778240345,0,1452827030,ollesomeone,olle,https://scontent-iad3-2.cdninstagram.com/v/t51.2885-19/10584736_848138548567417_389484744_a.jpg?_nc_cat=111&ccb=7-5&_nc_sid=f7ccc5&efg=eyJ2ZW5jb2RlX3RhZyI6InByb2ZpbGVfcGljLnd3dy4xNTAuQzMifQ%3D%3D&_nc_ohc=mLXYp8mgAogQ7kNvwGui-ut&_nc_oc=AdqVgXWgG_CUu5hICl0rzoif9JYJrsmZrw9UQPT_t6S6c75FaxLrlvGjOeZ-TIATPgE&_nc_zt=24&_nc_ht=scontent-iad3-2.cdninstagram.com&_nc_ss=7d6a8&oh=00_Af7YLY3nn53Aso2R5YOJpH230LuVcUh0DiVap9IhphiE2w&oe=6A03AC45,ollesomeone,ollesomeone,FALSE,FALSE,0,0
3891669691718832834,https://www.instagram.com/p/DYB_Pc2DhLC/?utm_source=ig_web_copy_link&igsh=MzRlODBiNWFlZA==,18023219069827859,https://www.instagram.com/p/DYB_Pc2DhLC/?utm_source=ig_web_copy_link&igsh=MzRlODBiNWFlZA==/c/18023219069827859/,cuci tangan terus🙌,1778240234,0,49468497060,seada_adanya__,Allan Setyo Purwoko,https://scontent-iad3-1.cdninstagram.com/v/t51.89012-19/573323465_1219825463302212_7278921664109726296_n.jpg?stp=dst-jpg_s150x150_tt6&_nc_cat=1&ccb=7-5&_nc_sid=f7ccc5&efg=eyJ2ZW5jb2RlX3RhZyI6InByb2ZpbGVfcGljLnd3dy5DMyJ9&_nc_ohc=Pji814fEPTcQ7kNvwEQfzBU&_nc_oc=AdrbXG0C2zsHFHFt2tWdYZtbrjrVXViuXMoqPhNRKh66FGDq_rXi8c4VHgae9tGS6IE&_nc_zt=24&_nc_ht=scontent-iad3-1.cdninstagram.com&_nc_gid=Dfd6CmdWbXJuUiahTF5IFA&_nc_ss=7d6a8&oh=00_Af6-MOeBKqM9_DGYPMUXsQDQ2ji1uz9xIh--biAG5rRJSw&oe=6A0395A2,seada_adanya__,seada_adanya__,FALSE,FALSE,0,0
3891669691718832834,https://www.instagram.com/p/DYB_Pc2DhLC/?utm_source=ig_web_copy_link&igsh=MzRlODBiNWFlZA==,18319157707282927,https://www.instagram.com/p/DYB_Pc2DhLC/?utm_source=ig_web_copy_link&igsh=MzRlODBiNWFlZA==/c/18319157707282927/,TIDAK PERNAH KRITIK PEMERINTAH,1778239894,0,34352257408,andrea.linskorg,Spinazzola,https://scontent-iad3-1.cdninstagram.com/v/t51.82787-19/607720045_18083105312145409_5224453772431551508_n.jpg?stp=dst-jpg_s150x150_tt6&_nc_cat=108&ccb=7-5&_nc_sid=f7ccc5&efg=eyJ2ZW5jb2RlX3RhZyI6InByb2ZpbGVfcGljLnd3dy4xMDgwLkMzIn0%3D&_nc_ohc=M08eBkGUT5MQ7kNvwFAVlFs&_nc_oc=Adp564J7xV0kcfYIimbdnD_lVeRwxbL8f2mCZ2uBfgTiNwmONnNkvJqDe9OHq20K5cA&_nc_zt=24&_nc_ht=scontent-iad3-1.cdninstagram.com&_nc_gid=Dfd6CmdWbXJuUiahTF5IFA&_nc_ss=7d6a8&oh=00_Af65-4sGqrebWNenoDGgRnW7iDB9oR1pIg3PQ84OZMwfUw&oe=6A03A92A,andrea.linskorg,andrea.linskorg,FALSE,FALSE,0,0
3891669691718832834,https://www.instagram.com/p/DYB_Pc2DhLC/?utm_source=ig_web_copy_link&igsh=MzRlODBiNWFlZA==,18091321954981045,https://www.instagram.com/p/DYB_Pc2DhLC/?utm_source=ig_web_copy_link&igsh=MzRlODBiNWFlZA==/c/18091321954981045/,cairrr,1778239859,0,1578944565,empedukukang,,https://scontent-iad6-1.cdninstagram.com/v/t51.82787-19/694407829_18582629956000566_6141918496059183953_n.jpg?stp=dst-jpg_s150x150_tt6&_nc_cat=102&ccb=7-5&_nc_sid=f7ccc5&_nc_aid=0&efg=eyJ2ZW5jb2RlX3RhZyI6InByb2ZpbGVfcGljLnd3dy4xMDgwLkMzIn0%3D&_nc_ohc=UwbD8fCbYc0Q7kNvwEJBYe6&_nc_oc=AdqWdD-NXsEU6tsmHdh3dsZ_xXa4B4NOnBJq2D1DUEAlNVySwWk91azjmJy9n-yWpoc&_nc_zt=24&_nc_ht=scontent-iad6-1.cdninstagram.com&_nc_gid=Dfd6CmdWbXJuUiahTF5IFA&_nc_ss=7d6a8&oh=00_Af5H8sLx0Ex_b0FM7E_DZenk3Tm848m07YUB0wPzG6GIrA&oe=6A03B72A,empedukukang,empedukukang,FALSE,FALSE,0,0
3891669691718832834,https://www.instagram.com/p/DYB_Pc2DhLC/?utm_source=ig_web_copy_link&igsh=MzRlODBiNWFlZA==,18458443876109747,https://www.instagram.com/p/DYB_Pc2DhLC/?utm_source=ig_web_copy_link&igsh=MzRlODBiNWFlZA==/c/18458443876109747/,Kami udah tau kok kalo lu buzzer plat merah dari dulu kocak🤪🤪,1778239779,0,33183457184,pra_wira46,,https://scontent-iad3-1.cdninstagram.com/v/t51.82787-19/658871408_18081344852105185_214777981525581317_n.jpg?stp=dst-jpg_s150x150_tt6&_nc_cat=101&ccb=7-5&_nc_sid=f7ccc5&efg=eyJ2ZW5jb2RlX3RhZyI6InByb2ZpbGVfcGljLnd3dy40MDAuQzMifQ%3D%3D&_nc_ohc=6tD2Z6McrVoQ7kNvwFHU4fM&_nc_oc=AdoSnT726eDEPQ99WCmINvv7iSmF2yLhfuQPunSvy465_XzipTSOj1rGG_VgsT2jNAI&_nc_zt=24&_nc_ht=scontent-iad3-1.cdninstagram.com&_nc_gid=Dfd6CmdWbXJuUiahTF5IFA&_nc_ss=7d6a8&oh=00_Af6PaQwVhC91hnXj7e7kYzzZ_TEzFuuFaIuLRS0CKacVEQ&oe=6A038F92,pra_wira46,pra_wira46,FALSE,FALSE,0,0
3891669691718832834,https://www.instagram.com/p/DYB_Pc2DhLC/?utm_source=ig_web_copy_link&igsh=MzRlODBiNWFlZA==,18074529410257170,https://www.instagram.com/p/DYB_Pc2DhLC/?utm_source=ig_web_copy_link&igsh=MzRlODBiNWFlZA==/c/18074529410257170/,Tr@sh,1778239746,0,50715503993,dela__lune,13I•,https://scontent-iad6-1.cdninstagram.com/v/t51.2885-19/439457362_982765776130542_4442306410479387074_n.jpg?stp=dst-jpg_s150x150_tt6&_nc_cat=102&ccb=7-5&_nc_sid=f7ccc5&efg=eyJ2ZW5jb2RlX3RhZyI6InByb2ZpbGVfcGljLnd3dy4xMDgwLkMzIn0%3D&_nc_ohc=a8phiSUOrKwQ7kNvwGj41Rx&_nc_oc=Adqjh7ClEwQjBskJg9IkKyYl0eGrqP4_NXMUOcS9_OgLNacZqPmCmisIvzKtbChloEY&_nc_zt=24&_nc_ht=scontent-iad6-1.cdninstagram.com&_nc_ss=7d6a8&oh=00_Af6OyfQs3xdDZPuQv6mgE4KYtJFYQyGdeK_MTSrCo0SHBg&oe=6A03AE09,dela__lune,dela__lune,FALSE,FALSE,0,0
3891669691718832834,https://www.instagram.com/p/DYB_Pc2DhLC/?utm_source=ig_web_copy_link&igsh=MzRlODBiNWFlZA==,17930758206267078,https://www.instagram.com/p/DYB_Pc2DhLC/?utm_source=ig_web_copy_link&igsh=MzRlODBiNWFlZA==/c/17930758206267078/,🤣,1778239723,0,3256988334,chikittafirhan,,https://scontent-iad6-1.cdninstagram.com/v/t51.82787-19/654046459_18450273763108335_7773915112799220770_n.jpg?stp=dst-jpg_s150x150_tt6&_nc_cat=102&ccb=7-5&_nc_sid=f7ccc5&efg=eyJ2ZW5jb2RlX3RhZyI6InByb2ZpbGVfcGljLnd3dy4xMDgwLkMzIn0%3D&_nc_ohc=2XXVYfMBW7gQ7kNvwFs4JeY&_nc_oc=Adrp5on_n4A66YPSHnqiYECLknmVzzCG9r1jU1fE74g7_M41uqBxiC3aUfKYUtN23TU&_nc_zt=24&_nc_ht=scontent-iad6-1.cdninstagram.com&_nc_gid=Dfd6CmdWbXJuUiahTF5IFA&_nc_ss=7d6a8&oh=00_Af7v1ZvMeDFQTWM49hik1Lt0Vt8ebvCO-vGKzz11JM4kZw&oe=6A03BAC5,chikittafirhan,chikittafirhan,FALSE,FALSE,0,0
3891669691718832834,https://www.instagram.com/p/DYB_Pc2DhLC/?utm_source=ig_web_copy_link&igsh=MzRlODBiNWFlZA==,18127449541523734,https://www.instagram.com/p/DYB_Pc2DhLC/?utm_source=ig_web_copy_link&igsh=MzRlODBiNWFlZA==/c/18127449541523734/,"Mangkanya unfoll ini media dari dlu, soalnya dah ketebak😂",1778239606,0,2990220140,frdhnjihadr,Fardhan Jihad Ramadhan,https://scontent-iad3-2.cdninstagram.com/v/t51.75761-19/501582428_18408703789100141_1910164777219944824_n.jpg?stp=dst-jpg_s150x150_tt6&_nc_cat=103&ccb=7-5&_nc_sid=f7ccc5&efg=eyJ2ZW5jb2RlX3RhZyI6InByb2ZpbGVfcGljLnd3dy4xMDgwLkMzIn0%3D&_nc_ohc=blBcRkcj_U8Q7kNvwGjveHt&_nc_oc=Adoh2BzorDN1fqNRHSxjCUPzAX1FuIscqKtBErzrG1xZiP8VZPCiVo_56ga9nToSUxA&_nc_zt=24&_nc_ht=scontent-iad3-2.cdninstagram.com&_nc_gid=Dfd6CmdWbXJuUiahTF5IFA&_nc_ss=7d6a8&oh=00_Af4D1NWEwZ437PIRk2N0VYiq-ImElBVwUbV_EFYskPg2PA&oe=6A03B697,frdhnjihadr,frdhnjihadr,FALSE,FALSE,0,0
3891669691718832834,https://www.instagram.com/p/DYB_Pc2DhLC/?utm_source=ig_web_copy_link&igsh=MzRlODBiNWFlZA==,18162265084432855,https://www.instagram.com/p/DYB_Pc2DhLC/?utm_source=ig_web_copy_link&igsh=MzRlODBiNWFlZA==/c/18162265084432855/,Yang bener luuuuuuu hahahahaahahaha,1778239488,0,397797024,reginapanjaitan,Regina Diniary Panjaitan,https://scontent-iad6-1.cdninstagram.com/v/t51.2885-19/179855123_460914605132840_125576122025428968_n.jpg?stp=dst-jpg_s150x150_tt6&_nc_cat=102&ccb=7-5&_nc_sid=f7ccc5&efg=eyJ2ZW5jb2RlX3RhZyI6InByb2ZpbGVfcGljLnd3dy44MjEuQzMifQ%3D%3D&_nc_ohc=i8a2WmryxA0Q7kNvwFwDtMW&_nc_oc=AdqDqaiOGu7vtfeRZMtFqYQDXAD98RJ2wXKxBcqUS5fzq0bEvBLJ-JBplc8axUxTCEk&_nc_zt=24&_nc_ht=scontent-iad6-1.cdninstagram.com&_nc_ss=7d6a8&oh=00_Af4E7h7xPdEXVdFvTBrYLhv7iGHWVaE6hjI_zkIuTC9A0A&oe=6A03A471,reginapanjaitan,reginapanjaitan,FALSE,FALSE,0,0
3891669691718832834,https://www.instagram.com/p/DYB_Pc2DhLC/?utm_source=ig_web_copy_link&igsh=MzRlODBiNWFlZA==,17925187719285864,https://www.instagram.com/p/DYB_Pc2DhLC/?utm_source=ig_web_copy_link&igsh=MzRlODBiNWFlZA==/c/17925187719285864/,Unfoll ah,1778239281,0,2236957129,bani_an21,ᨅᨉᨗ ᨕᨔᨑᨗ,https://scontent-iad3-2.cdninstagram.com/v/t51.82787-19/606057180_18500312992077130_4388658454124502831_n.jpg?stp=dst-jpg_s150x150_tt6&_nc_cat=103&ccb=7-5&_nc_sid=f7ccc5&efg=eyJ2ZW5jb2RlX3RhZyI6InByb2ZpbGVfcGljLnd3dy4zMjAuQzMifQ%3D%3D&_nc_ohc=gCuAk0BrFqEQ7kNvwE5PFLM&_nc_oc=AdrPbySxASVS2w77E9ZVYgkSsdMy2QFyVNM3fxbDDiMGnK0pPkim9xp2sZEnQyGBaAI&_nc_zt=24&_nc_ht=scontent-iad3-2.cdninstagram.com&_nc_gid=TC0akw1c_9qSTsKRD54wSg&_nc_ss=7d6a8&oh=00_Af5XHEc25oSNAV055VieMQcRvPI0GQjrv1XcOmCw3P75XQ&oe=6A03AE97,bani_an21,bani_an21,FALSE,FALSE,0,0
3891669691718832834,https://www.instagram.com/p/DYB_Pc2DhLC/?utm_source=ig_web_copy_link&igsh=MzRlODBiNWFlZA==,18081656828620855,https://www.instagram.com/p/DYB_Pc2DhLC/?utm_source=ig_web_copy_link&igsh=MzRlODBiNWFlZA==/c/18081656828620855/,Halah boong uangnya udah nyampe rekening blom? Berani disidak kah? 🤣🤣,1778239163,0,46111638765,qudratullah_hossein,Huzayn,https://scontent-iad6-1.cdninstagram.com/v/t51.82787-19/670773636_18076364315542766_8710668624338736943_n.jpg?stp=dst-jpg_s150x150_tt6&_nc_cat=109&ccb=7-5&_nc_sid=f7ccc5&efg=eyJ2ZW5jb2RlX3RhZyI6InByb2ZpbGVfcGljLnd3dy4xMDgwLkMzIn0%3D&_nc_ohc=s0tbGzOZYGUQ7kNvwF5qP5v&_nc_oc=AdoGD_n6nvGQrwpPzX3WI-tOgDpC40J_yA0IGJS3-rhz_3pHAT-eGBYfvi0eysiDKLw&_nc_zt=24&_nc_ht=scontent-iad6-1.cdninstagram.com&_nc_gid=TC0akw1c_9qSTsKRD54wSg&_nc_ss=7d6a8&oh=00_Af4iWNByOm0mEqVFkHLukY5gxu8fB_v73KRZ2voFYyCpKw&oe=6A03B1FD,qudratullah_hossein,qudratullah_hossein,FALSE,FALSE,0,0
3891669691718832834,https://www.instagram.com/p/DYB_Pc2DhLC/?utm_source=ig_web_copy_link&igsh=MzRlODBiNWFlZA==,18093452963238069,https://www.instagram.com/p/DYB_Pc2DhLC/?utm_source=ig_web_copy_link&igsh=MzRlODBiNWFlZA==/c/18093452963238069/,Pada klaripikasi semua 😂😂,1778238931,0,47452524780,iwansetianto_,Iwan Setianto,https://scontent-iad6-1.cdninstagram.com/v/t51.75761-19/495250810_18046873841580781_6216621103818698495_n.jpg?stp=dst-jpg_s150x150_tt6&_nc_cat=100&ccb=7-5&_nc_sid=f7ccc5&efg=eyJ2ZW5jb2RlX3RhZyI6InByb2ZpbGVfcGljLnd3dy4xMDgwLkMzIn0%3D&_nc_ohc=J5fVk8569MoQ7kNvwG78Xu-&_nc_oc=Adq69kfjT2om3Y7h5rtDtEl79IPU15B6w87C2q8OP8uyVg2LcbSywb2RvAIb7DvDgIE&_nc_zt=24&_nc_ht=scontent-iad6-1.cdninstagram.com&_nc_gid=TC0akw1c_9qSTsKRD54wSg&_nc_ss=7d6a8&oh=00_Af7KV4r15mtHdoQNq036Sxp6iuAyM2cmGbj45gUxc2n9Jg&oe=6A03B3C5,iwansetianto_,iwansetianto_,FALSE,FALSE,0,0
3891669691718832834,https://www.instagram.com/p/DYB_Pc2DhLC/?utm_source=ig_web_copy_link&igsh=MzRlODBiNWFlZA==,18094845575334178,https://www.instagram.com/p/DYB_Pc2DhLC/?utm_source=ig_web_copy_link&igsh=MzRlODBiNWFlZA==/c/18094845575334178/,aaah yg beneyyy,1778238868,0,54152124367,rzqichaniago_,ce.,https://scontent-iad3-2.cdninstagram.com/v/t51.2885-19/294575724_712151049883630_6746526868746872720_n.jpg?stp=dst-jpg_s150x150_tt6&_nc_cat=111&ccb=7-5&_nc_sid=f7ccc5&efg=eyJ2ZW5jb2RlX3RhZyI6InByb2ZpbGVfcGljLnd3dy4xMDgwLkMzIn0%3D&_nc_ohc=D5g6pHwBvzQQ7kNvwFaUz4v&_nc_oc=AdrkjmJlfZI8IVeyGSmT5lsQxR844xt8NXgqZJKZgOUXd50tjChZLwYNTUD2kIHud-8&_nc_zt=24&_nc_ht=scontent-iad3-2.cdninstagram.com&_nc_ss=7d6a8&oh=00_Af7NyqvXlfA8F9jeAnFJIjYzu9u_N-hNrr0_ZwDkQqtjBA&oe=6A0387C4,rzqichaniago_,rzqichaniago_,FALSE,FALSE,0,0
3.89166969171883E+018,https://www.instagram.com/p/DYB_Pc2DhLC/?utm_source=ig_web_copy_link&igsh=MzRlODBiNWFlZA==,1.80500957469859E+016,https://www.instagram.com/p/DYB_Pc2DhLC/?utm_source=ig_web_copy_link&igsh=MzRlODBiNWFlZA==/c/18050095746985853/,🗿 plat merah arahan cuy 🤣,1778152013,37,260265098283993,gendis1,Wawan Putra,https://scontent-iad6-1.cdninstagram.com/v/t51.82787-19/551057952_18479436106074710_8064216012374103146_n.jpg?stp=dst-jpg_s150x150_tt6&_nc_cat=100&ccb=7-5&_nc_sid=f7ccc5&efg=eyJ2ZW5jb2RlX3RhZyI6InByb2ZpbGVfcGljLnd3dy4xMDgwLkMzIn0%3D&_nc_ohc=zisp7lviP2UQ7kNvwGVckTa&_nc_oc=AdrP4WTEinqS-M0c1U5kitNgM9nRMhRgIz15SuIEqB1Icarxkh3GfM2v5jcWXonGHZs&_nc_zt=24&_nc_ht=scontent-iad6-1.cdninstagram.com&_nc_gid=WMI2tPWUAJnlmj3zmmGOgQ&_nc_ss=7d6a8&oh=00_Af6Pt6ofOyMjjmTz8I9Jp51xQ2V05t-WVRaS-M4bmdk-iw&oe=6A039416,gendis1,gendis1,FALSE,FALSE,8,8
3.89166969171883E+018,https://www.instagram.com/p/DYB_Pc2DhLC/?utm_source=ig_web_copy_link&igsh=MzRlODBiNWFlZA==,1.53035681231005E+016,https://www.instagram.com/p/DYB_Pc2DhLC/?utm_source=ig_web_copy_link&igsh=MzRlODBiNWFlZA==/c/15303568123100536/,@folkative serius nih arahan bank,1778235331,28,301814538759438,joko.gunawan8,Leni Hidayat,https://scontent-iad6-1.cdninstagram.com/v/t51.82787-19/551057952_18479436106074710_8064216012374103146_n.jpg?stp=dst-jpg_s150x150_tt6&_nc_cat=100&ccb=7-5&_nc_sid=f7ccc5&efg=eyJ2ZW5jb2RlX3RhZyI6InByb2ZpbGVfcGljLnd3dy4xMDgwLkMzIn0%3D&_nc_ohc=zisp7lviP2UQ7kNvwGVckTa&_nc_oc=AdrP4WTEinqS-M0c1U5kitNgM9nRMhRgIz15SuIEqB1Icarxkh3GfM2v5jcWXonGHZs&_nc_zt=24&_nc_ht=scontent-iad6-1.cdninstagram.com&_nc_gid=WMI2tPWUAJnlmj3zmmGOgQ&_nc_ss=7d6a8&oh=00_Af6Pt6ofOyMjjmTz8I9Jp51xQ2V05t-WVRaS-M4bmdk-iw&oe=6A039416,joko.gunawan8,joko.gunawan8,FALSE,FALSE,4,4
3.89166969171883E+018,https://www.instagram.com/p/DYB_Pc2DhLC/?utm_source=ig_web_copy_link&igsh=MzRlODBiNWFlZA==,1.78817886154167E+016,https://www.instagram.com/p/DYB_Pc2DhLC/?utm_source=ig_web_copy_link&igsh=MzRlODBiNWFlZA==/c/17881788615416676/,"KRITISLAH MAKANYA, KALO ADA BERITA TUH SERTAKAN DATANYA. KAYAK SWASEMBADA PANGAN, DATANYA DARIMANA TUH",1778143359,1081,8025657277,abdenegara27,Dyllan Abde Negara,https://scontent-iad3-1.cdninstagram.com/v/t51.2885-19/470163446_475439241817943_4452568944726241083_n.jpg?stp=dst-jpg_s150x150_tt6&_nc_cat=104&ccb=7-5&_nc_sid=f7ccc5&efg=eyJ2ZW5jb2RlX3RhZyI6InByb2ZpbGVfcGljLnd3dy4xMDgwLkMzIn0%3D&_nc_ohc=RzBtBGI7jnoQ7kNvwEBhE_H&_nc_oc=Adr0jnWxoNp1EJmOfj0CodIAGydkxsJd7mrqypekTp3yD0Jap389rCC5MnhSXY-vjlU&_nc_zt=24&_nc_ht=scontent-iad3-1.cdninstagram.com&_nc_ss=7d6a8&oh=00_Af4kgsVh9gbenY3y63o28CP0rE4vRq9iTy4nGh_EZ3Ll7Q&oe=6A038E83,abdenegara27,abdenegara27,FALSE,FALSE,12,12
3.89166969171883E+018,https://www.instagram.com/p/DYB_Pc2DhLC/?utm_source=ig_web_copy_link&igsh=MzRlODBiNWFlZA==,1.60755723430873E+016,https://www.instagram.com/p/DYB_Pc2DhLC/?utm_source=ig_web_copy_link&igsh=MzRlODBiNWFlZA==/c/16075572343087334/,wkwk panik dong istana 🔥,1778175925,6,337150213587483,hendramahendra12,Hendramahendra12,https://scontent-iad6-1.cdninstagram.com/v/t51.82787-19/551057952_18479436106074710_8064216012374103146_n.jpg?stp=dst-jpg_s150x150_tt6&_nc_cat=100&ccb=7-5&_nc_sid=f7ccc5&efg=eyJ2ZW5jb2RlX3RhZyI6InByb2ZpbGVfcGljLnd3dy4xMDgwLkMzIn0%3D&_nc_ohc=zisp7lviP2UQ7kNvwGVckTa&_nc_oc=AdrP4WTEinqS-M0c1U5kitNgM9nRMhRgIz15SuIEqB1Icarxkh3GfM2v5jcWXonGHZs&_nc_zt=24&_nc_ht=scontent-iad6-1.cdninstagram.com&_nc_gid=WMI2tPWUAJnlmj3zmmGOgQ&_nc_ss=7d6a8&oh=00_Af6Pt6ofOyMjjmTz8I9Jp51xQ2V05t-WVRaS-M4bmdk-iw&oe=6A039416,hendramahendra12,hendramahendra12,FALSE,FALSE,1,1
3.89166969171883E+018,https://www.instagram.com/p/DYB_Pc2DhLC/?utm_source=ig_web_copy_link&igsh=MzRlODBiNWFlZA==,1.42693577038334E+016,https://www.instagram.com/p/DYB_Pc2DhLC/?utm_source=ig_web_copy_link&igsh=MzRlODBiNWFlZA==/c/14269357703833368/,masa sih cuci tangan dong qodari,1778172072,283,317710030320696,sarihidayat6,Sarihidayat6,https://scontent-iad6-1.cdninstagram.com/v/t51.82787-19/551057952_18479436106074710_8064216012374103146_n.jpg?stp=dst-jpg_s150x150_tt6&_nc_cat=100&ccb=7-5&_nc_sid=f7ccc5&efg=eyJ2ZW5jb2RlX3RhZyI6InByb2ZpbGVfcGljLnd3dy4xMDgwLkMzIn0%3D&_nc_ohc=zisp7lviP2UQ7kNvwGVckTa&_nc_oc=AdrP4WTEinqS-M0c1U5kitNgM9nRMhRgIz15SuIEqB1Icarxkh3GfM2v5jcWXonGHZs&_nc_zt=24&_nc_ht=scontent-iad6-1.cdninstagram.com&_nc_gid=WMI2tPWUAJnlmj3zmmGOgQ&_nc_ss=7d6a8&oh=00_Af6Pt6ofOyMjjmTz8I9Jp51xQ2V05t-WVRaS-M4bmdk-iw&oe=6A039416,sarihidayat6,sarihidayat6,FALSE,FALSE,2,2
3.89166969171883E+018,https://www.instagram.com/p/DYB_Pc2DhLC/?utm_source=ig_web_copy_link&igsh=MzRlODBiNWFlZA==,1.84052043281471E+016,https://www.instagram.com/p/DYB_Pc2DhLC/?utm_source=ig_web_copy_link&igsh=MzRlODBiNWFlZA==/c/18405204328147123/,Unfoll ahh soalnya punya pemerintah,1778228223,1,46282694233,hrmnnn_5,Harmin,https://scontent-iad3-1.cdninstagram.com/v/t51.82787-19/672445723_18078413783542234_600071586574739438_n.jpg?stp=dst-jpg_s150x150_tt6&_nc_cat=110&ccb=7-5&_nc_sid=f7ccc5&efg=eyJ2ZW5jb2RlX3RhZyI6InByb2ZpbGVfcGljLnd3dy4xMDgwLkMzIn0%3D&_nc_ohc=Ex0BEDBX_-4Q7kNvwH3T55f&_nc_oc=AdpyYaiqul41qcsoMUUJSmEFZEsD6WlFIwPiuz-cncyJEDYC-d5-ar8CxR4sOUZRsdc&_nc_zt=24&_nc_ht=scontent-iad3-1.cdninstagram.com&_nc_gid=KorXe_l-7gqhAn7_b5B-uQ&_nc_ss=7d6a8&oh=00_Af4_8v58YyOn6tnzAEk15pBY-TQAsV-tz1NsjrvRoVql3A&oe=6A03BBDE,hrmnnn_5,hrmnnn_5,FALSE,FALSE,0,0
3.89166969171883E+018,https://www.instagram.com/p/DYB_Pc2DhLC/?utm_source=ig_web_copy_link&igsh=MzRlODBiNWFlZA==,1.5005733577518E+016,https://www.instagram.com/p/DYB_Pc2DhLC/?utm_source=ig_web_copy_link&igsh=MzRlODBiNWFlZA==/c/15005733577518019/,Ga jadi unfollow liat qodari serius? waduh,1778179818,34,131597858541908,gendis_firmansyah1,Doni Mulyadi,https://scontent-iad6-1.cdninstagram.com/v/t51.82787-19/551057952_18479436106074710_8064216012374103146_n.jpg?stp=dst-jpg_s150x150_tt6&_nc_cat=100&ccb=7-5&_nc_sid=f7ccc5&efg=eyJ2ZW5jb2RlX3RhZyI6InByb2ZpbGVfcGljLnd3dy4xMDgwLkMzIn0%3D&_nc_ohc=zisp7lviP2UQ7kNvwGVckTa&_nc_oc=AdrP4WTEinqS-M0c1U5kitNgM9nRMhRgIz15SuIEqB1Icarxkh3GfM2v5jcWXonGHZs&_nc_zt=24&_nc_ht=scontent-iad6-1.cdninstagram.com&_nc_gid=WMI2tPWUAJnlmj3zmmGOgQ&_nc_ss=7d6a8&oh=00_Af6Pt6ofOyMjjmTz8I9Jp51xQ2V05t-WVRaS-M4bmdk-iw&oe=6A039416,gendis_firmansyah1,gendis_firmansyah1,FALSE,FALSE,5,5
3.89166969171883E+018,https://www.instagram.com/p/DYB_Pc2DhLC/?utm_source=ig_web_copy_link&igsh=MzRlODBiNWFlZA==,1.08251762574193E+016,https://www.instagram.com/p/DYB_Pc2DhLC/?utm_source=ig_web_copy_link&igsh=MzRlODBiNWFlZA==/c/10825176257419291/,Bukannya template? gila,1778148284,2211,721923017981516,qorisaputra88,Qorisaputra88,https://scontent-iad6-1.cdninstagram.com/v/t51.82787-19/551057952_18479436106074710_8064216012374103146_n.jpg?stp=dst-jpg_s150x150_tt6&_nc_cat=100&ccb=7-5&_nc_sid=f7ccc5&efg=eyJ2ZW5jb2RlX3RhZyI6InByb2ZpbGVfcGljLnd3dy4xMDgwLkMzIn0%3D&_nc_ohc=zisp7lviP2UQ7kNvwGVckTa&_nc_oc=AdrP4WTEinqS-M0c1U5kitNgM9nRMhRgIz15SuIEqB1Icarxkh3GfM2v5jcWXonGHZs&_nc_zt=24&_nc_ht=scontent-iad6-1.cdninstagram.com&_nc_gid=WMI2tPWUAJnlmj3zmmGOgQ&_nc_ss=7d6a8&oh=00_Af6Pt6ofOyMjjmTz8I9Jp51xQ2V05t-WVRaS-M4bmdk-iw&oe=6A039416,qorisaputra88,qorisaputra88,FALSE,FALSE,48,48
3.89166969171883E+018,https://www.instagram.com/p/DYB_Pc2DhLC/?utm_source=ig_web_copy_link&igsh=MzRlODBiNWFlZA==,1.16968529062867E+016,https://www.instagram.com/p/DYB_Pc2DhLC/?utm_source=ig_web_copy_link&igsh=MzRlODBiNWFlZA==/c/11696852906286657/,gila plat merah kritik kak astaga,1778192865,1793,227446088283971,xxmaya,Umar Gunawan,https://scontent-iad6-1.cdninstagram.com/v/t51.82787-19/551057952_18479436106074710_8064216012374103146_n.jpg?stp=dst-jpg_s150x150_tt6&_nc_cat=100&ccb=7-5&_nc_sid=f7ccc5&efg=eyJ2ZW5jb2RlX3RhZyI6InByb2ZpbGVfcGljLnd3dy4xMDgwLkMzIn0%3D&_nc_ohc=zisp7lviP2UQ7kNvwGVckTa&_nc_oc=AdrP4WTEinqS-M0c1U5kitNgM9nRMhRgIz15SuIEqB1Icarxkh3GfM2v5jcWXonGHZs&_nc_zt=24&_nc_ht=scontent-iad6-1.cdninstagram.com&_nc_gid=WMI2tPWUAJnlmj3zmmGOgQ&_nc_ss=7d6a8&oh=00_Af6Pt6ofOyMjjmTz8I9Jp51xQ2V05t-WVRaS-M4bmdk-iw&oe=6A039416,xxmaya,xxmaya,FALSE,FALSE,26,26
3.89166969171883E+018,https://www.instagram.com/p/DYB_Pc2DhLC/?utm_source=ig_web_copy_link&igsh=MzRlODBiNWFlZA==,1.20293179411886E+016,https://www.instagram.com/p/DYB_Pc2DhLC/?utm_source=ig_web_copy_link&igsh=MzRlODBiNWFlZA==/c/12029317941188598/,@folkative tolong dong copy paste swasembada,1778179354,17,612117484634611,oscar_kusuma88,Cahya Wibowo,https://scontent-iad6-1.cdninstagram.com/v/t51.82787-19/551057952_18479436106074710_8064216012374103146_n.jpg?stp=dst-jpg_s150x150_tt6&_nc_cat=100&ccb=7-5&_nc_sid=f7ccc5&efg=eyJ2ZW5jb2RlX3RhZyI6InByb2ZpbGVfcGljLnd3dy4xMDgwLkMzIn0%3D&_nc_ohc=zisp7lviP2UQ7kNvwGVckTa&_nc_oc=AdrP4WTEinqS-M0c1U5kitNgM9nRMhRgIz15SuIEqB1Icarxkh3GfM2v5jcWXonGHZs&_nc_zt=24&_nc_ht=scontent-iad6-1.cdninstagram.com&_nc_gid=WMI2tPWUAJnlmj3zmmGOgQ&_nc_ss=7d6a8&oh=00_Af6Pt6ofOyMjjmTz8I9Jp51xQ2V05t-WVRaS-M4bmdk-iw&oe=6A039416,oscar_kusuma88,oscar_kusuma88,FALSE,FALSE,8,8
3.89166969171883E+018,https://www.instagram.com/p/DYB_Pc2DhLC/?utm_source=ig_web_copy_link&igsh=MzRlODBiNWFlZA==,1.88104045805121E+016,https://www.instagram.com/p/DYB_Pc2DhLC/?utm_source=ig_web_copy_link&igsh=MzRlODBiNWFlZA==/c/18810404580512109/,💀 pemerintah klarifikasi bro 💀,1778220179,25,731824436819272,umarsantoso99,Umarsantoso99,https://scontent-iad6-1.cdninstagram.com/v/t51.82787-19/551057952_18479436106074710_8064216012374103146_n.jpg?stp=dst-jpg_s150x150_tt6&_nc_cat=100&ccb=7-5&_nc_sid=f7ccc5&efg=eyJ2ZW5jb2RlX3RhZyI6InByb2ZpbGVfcGljLnd3dy4xMDgwLkMzIn0%3D&_nc_ohc=zisp7lviP2UQ7kNvwGVckTa&_nc_oc=AdrP4WTEinqS-M0c1U5kitNgM9nRMhRgIz15SuIEqB1Icarxkh3GfM2v5jcWXonGHZs&_nc_zt=24&_nc_ht=scontent-iad6-1.cdninstagram.com&_nc_gid=WMI2tPWUAJnlmj3zmmGOgQ&_nc_ss=7d6a8&oh=00_Af6Pt6ofOyMjjmTz8I9Jp51xQ2V05t-WVRaS-M4bmdk-iw&oe=6A039416,umarsantoso99,umarsantoso99,FALSE,FALSE,2,2
3.89166969171883E+018,https://www.instagram.com/p/DYB_Pc2DhLC/?utm_source=ig_web_copy_link&igsh=MzRlODBiNWFlZA==,1.57638739313486E+016,https://www.instagram.com/p/DYB_Pc2DhLC/?utm_source=ig_web_copy_link&igsh=MzRlODBiNWFlZA==/c/15763873931348582/,Tapi makan bergizi beneran? 😂 🔥,1778143499,87,334831064595014,farhansantoso2,Maya Lestari,https://scontent-iad6-1.cdninstagram.com/v/t51.82787-19/551057952_18479436106074710_8064216012374103146_n.jpg?stp=dst-jpg_s150x150_tt6&_nc_cat=100&ccb=7-5&_nc_sid=f7ccc5&efg=eyJ2ZW5jb2RlX3RhZyI6InByb2ZpbGVfcGljLnd3dy4xMDgwLkMzIn0%3D&_nc_ohc=zisp7lviP2UQ7kNvwGVckTa&_nc_oc=AdrP4WTEinqS-M0c1U5kitNgM9nRMhRgIz15SuIEqB1Icarxkh3GfM2v5jcWXonGHZs&_nc_zt=24&_nc_ht=scontent-iad6-1.cdninstagram.com&_nc_gid=WMI2tPWUAJnlmj3zmmGOgQ&_nc_ss=7d6a8&oh=00_Af6Pt6ofOyMjjmTz8I9Jp51xQ2V05t-WVRaS-M4bmdk-iw&oe=6A039416,farhansantoso2,farhansantoso2,FALSE,FALSE,8,8
3.89166969171883E+018,https://www.instagram.com/p/DYB_Pc2DhLC/?utm_source=ig_web_copy_link&igsh=MzRlODBiNWFlZA==,1.38745992152728E+016,https://www.instagram.com/p/DYB_Pc2DhLC/?utm_source=ig_web_copy_link&igsh=MzRlODBiNWFlZA==/c/13874599215272786/,buset aparat klarifikasi min,1778150961,14,802051071645159,hadiaisyah4,Hadiaisyah4,https://scontent-iad6-1.cdninstagram.com/v/t51.82787-19/551057952_18479436106074710_8064216012374103146_n.jpg?stp=dst-jpg_s150x150_tt6&_nc_cat=100&ccb=7-5&_nc_sid=f7ccc5&efg=eyJ2ZW5jb2RlX3RhZyI6InByb2ZpbGVfcGljLnd3dy4xMDgwLkMzIn0%3D&_nc_ohc=zisp7lviP2UQ7kNvwGVckTa&_nc_oc=AdrP4WTEinqS-M0c1U5kitNgM9nRMhRgIz15SuIEqB1Icarxkh3GfM2v5jcWXonGHZs&_nc_zt=24&_nc_ht=scontent-iad6-1.cdninstagram.com&_nc_gid=WMI2tPWUAJnlmj3zmmGOgQ&_nc_ss=7d6a8&oh=00_Af6Pt6ofOyMjjmTz8I9Jp51xQ2V05t-WVRaS-M4bmdk-iw&oe=6A039416,hadiaisyah4,hadiaisyah4,FALSE,FALSE,4,4
3.89166969171883E+018,https://www.instagram.com/p/DYB_Pc2DhLC/?utm_source=ig_web_copy_link&igsh=MzRlODBiNWFlZA==,1.80030061739145E+016,https://www.instagram.com/p/DYB_Pc2DhLC/?utm_source=ig_web_copy_link&igsh=MzRlODBiNWFlZA==/c/18003006173914471/,"tp kmaren pas bni kena kasus, kalian malah posting bni bagi"" hadiah 🤣🤣🤣",1778147236,78,543393523,ronaldwirjanata,Ronald Wirjanata,https://scontent-iad3-1.cdninstagram.com/v/t51.82787-19/650159622_18568300228033524_9128368235855741522_n.jpg?stp=dst-jpg_s150x150_tt6&_nc_cat=108&ccb=7-5&_nc_sid=f7ccc5&efg=eyJ2ZW5jb2RlX3RhZyI6InByb2ZpbGVfcGljLnd3dy4xMDgwLkMzIn0%3D&_nc_ohc=2ALS2OO_Ji0Q7kNvwG4cK3U&_nc_oc=AdoDd70a2pdFXipWO0jRVIaqXlCMa3URp7xYX6QUd3HaK3sssOHM5KlNnBWRnifRilY&_nc_zt=24&_nc_ht=scontent-iad3-1.cdninstagram.com&_nc_gid=YVzTi_7OXT0eF77y3gncMg&_nc_ss=7d6a8&oh=00_Af6ZbBxzxF-3k96B8LhB6TtHMcvS6O5kbPk8pTY8xre-zg&oe=6A03A9DC,ronaldwirjanata,ronaldwirjanata,FALSE,FALSE,1,1
3.89166969171883E+018,https://www.instagram.com/p/DYB_Pc2DhLC/?utm_source=ig_web_copy_link&igsh=MzRlODBiNWFlZA==,1.55145329086396E+016,https://www.instagram.com/p/DYB_Pc2DhLC/?utm_source=ig_web_copy_link&igsh=MzRlODBiNWFlZA==/c/15514532908639610/,BNI kasus sumber? 💀,1778223062,134,175078361460704,dewi312,Dewi312,https://scontent-iad6-1.cdninstagram.com/v/t51.82787-19/551057952_18479436106074710_8064216012374103146_n.jpg?stp=dst-jpg_s150x150_tt6&_nc_cat=100&ccb=7-5&_nc_sid=f7ccc5&efg=eyJ2ZW5jb2RlX3RhZyI6InByb2ZpbGVfcGljLnd3dy4xMDgwLkMzIn0%3D&_nc_ohc=zisp7lviP2UQ7kNvwGVckTa&_nc_oc=AdrP4WTEinqS-M0c1U5kitNgM9nRMhRgIz15SuIEqB1Icarxkh3GfM2v5jcWXonGHZs&_nc_zt=24&_nc_ht=scontent-iad6-1.cdninstagram.com&_nc_gid=WMI2tPWUAJnlmj3zmmGOgQ&_nc_ss=7d6a8&oh=00_Af6Pt6ofOyMjjmTz8I9Jp51xQ2V05t-WVRaS-M4bmdk-iw&oe=6A039416,dewi312,dewi312,FALSE,FALSE,19,19
3.89166969171883E+018,https://www.instagram.com/p/DYB_Pc2DhLC/?utm_source=ig_web_copy_link&igsh=MzRlODBiNWFlZA==,1.03371139431697E+016,https://www.instagram.com/p/DYB_Pc2DhLC/?utm_source=ig_web_copy_link&igsh=MzRlODBiNWFlZA==/c/10337113943169740/,Padahal MBG kok ga masa sih 🗿,1778222374,831,497806346295693,jihan.haryanto99,Jihan.haryanto99,https://scontent-iad6-1.cdninstagram.com/v/t51.82787-19/551057952_18479436106074710_8064216012374103146_n.jpg?stp=dst-jpg_s150x150_tt6&_nc_cat=100&ccb=7-5&_nc_sid=f7ccc5&efg=eyJ2ZW5jb2RlX3RhZyI6InByb2ZpbGVfcGljLnd3dy4xMDgwLkMzIn0%3D&_nc_ohc=zisp7lviP2UQ7kNvwGVckTa&_nc_oc=AdrP4WTEinqS-M0c1U5kitNgM9nRMhRgIz15SuIEqB1Icarxkh3GfM2v5jcWXonGHZs&_nc_zt=24&_nc_ht=scontent-iad6-1.cdninstagram.com&_nc_gid=WMI2tPWUAJnlmj3zmmGOgQ&_nc_ss=7d6a8&oh=00_Af6Pt6ofOyMjjmTz8I9Jp51xQ2V05t-WVRaS-M4bmdk-iw&oe=6A039416,jihan.haryanto99,jihan.haryanto99,FALSE,FALSE,22,22
3.89166969171883E+018,https://www.instagram.com/p/DYB_Pc2DhLC/?utm_source=ig_web_copy_link&igsh=MzRlODBiNWFlZA==,1.32062549130629E+016,https://www.instagram.com/p/DYB_Pc2DhLC/?utm_source=ig_web_copy_link&igsh=MzRlODBiNWFlZA==/c/13206254913062861/,astaga cuci tangan dong buzer wkwk,1778197700,23,108243443267716,mulyadicitra,Mulyadicitra,https://scontent-iad6-1.cdninstagram.com/v/t51.82787-19/551057952_18479436106074710_8064216012374103146_n.jpg?stp=dst-jpg_s150x150_tt6&_nc_cat=100&ccb=7-5&_nc_sid=f7ccc5&efg=eyJ2ZW5jb2RlX3RhZyI6InByb2ZpbGVfcGljLnd3dy4xMDgwLkMzIn0%3D&_nc_ohc=zisp7lviP2UQ7kNvwGVckTa&_nc_oc=AdrP4WTEinqS-M0c1U5kitNgM9nRMhRgIz15SuIEqB1Icarxkh3GfM2v5jcWXonGHZs&_nc_zt=24&_nc_ht=scontent-iad6-1.cdninstagram.com&_nc_gid=WMI2tPWUAJnlmj3zmmGOgQ&_nc_ss=7d6a8&oh=00_Af6Pt6ofOyMjjmTz8I9Jp51xQ2V05t-WVRaS-M4bmdk-iw&oe=6A039416,mulyadicitra,mulyadicitra,FALSE,FALSE,3,3
3.89166969171883E+018,https://www.instagram.com/p/DYB_Pc2DhLC/?utm_source=ig_web_copy_link&igsh=MzRlODBiNWFlZA==,1.07676347639696E+016,https://www.instagram.com/p/DYB_Pc2DhLC/?utm_source=ig_web_copy_link&igsh=MzRlODBiNWFlZA==/c/10767634763969591/,@folkative coba jawab kritik MBG 😂,1778159421,282,770471846976712,aisyahkevin1,Intan Lestari,https://scontent-iad6-1.cdninstagram.com/v/t51.82787-19/551057952_18479436106074710_8064216012374103146_n.jpg?stp=dst-jpg_s150x150_tt6&_nc_cat=100&ccb=7-5&_nc_sid=f7ccc5&efg=eyJ2ZW5jb2RlX3RhZyI6InByb2ZpbGVfcGljLnd3dy4xMDgwLkMzIn0%3D&_nc_ohc=zisp7lviP2UQ7kNvwGVckTa&_nc_oc=AdrP4WTEinqS-M0c1U5kitNgM9nRMhRgIz15SuIEqB1Icarxkh3GfM2v5jcWXonGHZs&_nc_zt=24&_nc_ht=scontent-iad6-1.cdninstagram.com&_nc_gid=WMI2tPWUAJnlmj3zmmGOgQ&_nc_ss=7d6a8&oh=00_Af6Pt6ofOyMjjmTz8I9Jp51xQ2V05t-WVRaS-M4bmdk-iw&oe=6A039416,aisyahkevin1,aisyahkevin1,FALSE,FALSE,19,19
3.89166969171883E+018,https://www.instagram.com/p/DYB_Pc2DhLC/?utm_source=ig_web_copy_link&igsh=MzRlODBiNWFlZA==,1.06686122731744E+016,https://www.instagram.com/p/DYB_Pc2DhLC/?utm_source=ig_web_copy_link&igsh=MzRlODBiNWFlZA==/c/10668612273174355/,Katanya klarifikasi? 😂,1778213174,9,952552751469068,liadah9,Liadah9,https://scontent-iad6-1.cdninstagram.com/v/t51.82787-19/551057952_18479436106074710_8064216012374103146_n.jpg?stp=dst-jpg_s150x150_tt6&_nc_cat=100&ccb=7-5&_nc_sid=f7ccc5&efg=eyJ2ZW5jb2RlX3RhZyI6InByb2ZpbGVfcGljLnd3dy4xMDgwLkMzIn0%3D&_nc_ohc=zisp7lviP2UQ7kNvwGVckTa&_nc_oc=AdrP4WTEinqS-M0c1U5kitNgM9nRMhRgIz15SuIEqB1Icarxkh3GfM2v5jcWXonGHZs&_nc_zt=24&_nc_ht=scontent-iad6-1.cdninstagram.com&_nc_gid=WMI2tPWUAJnlmj3zmmGOgQ&_nc_ss=7d6a8&oh=00_Af6Pt6ofOyMjjmTz8I9Jp51xQ2V05t-WVRaS-M4bmdk-iw&oe=6A039416,liadah9,liadah9,FALSE,FALSE,2,2
3.89166969171883E+018,https://www.instagram.com/p/DYB_Pc2DhLC/?utm_source=ig_web_copy_link&igsh=MzRlODBiNWFlZA==,1.80765467906519E+016,https://www.instagram.com/p/DYB_Pc2DhLC/?utm_source=ig_web_copy_link&igsh=MzRlODBiNWFlZA==/c/18076546790651863/,"Coba bilang ""MBG gak berguna""",1778235928,1,492937719,elsimonmunez,Muñez,https://scontent-iad6-1.cdninstagram.com/v/t51.82787-19/658532225_18572454190009720_863972888202558500_n.jpg?stp=dst-jpg_s150x150_tt6&_nc_cat=109&ccb=7-5&_nc_sid=f7ccc5&efg=eyJ2ZW5jb2RlX3RhZyI6InByb2ZpbGVfcGljLnd3dy4xMDgwLkMzIn0%3D&_nc_ohc=P7ytDFOQfa8Q7kNvwEKEaKX&_nc_oc=AdoOcZoRkTeYLZNZiLCtD1VvcQCJIjT6FDsxDjGW0k9-UXCg-qVSeU9BUS7I09p0Rqs&_nc_zt=24&_nc_ht=scontent-iad6-1.cdninstagram.com&_nc_gid=OPk-UPwzzI7cD03qvCgHGQ&_nc_ss=7d6a8&oh=00_Af6VCrqOznd6BqnQs1AeEa95jM1RV1PLUfV5dV9wAAjj4A&oe=6A039DDE,elsimonmunez,elsimonmunez,FALSE,FALSE,0,0
3.89166969171883E+018,https://www.instagram.com/p/DYB_Pc2DhLC/?utm_source=ig_web_copy_link&igsh=MzRlODBiNWFlZA==,1.9633585552829E+016,https://www.instagram.com/p/DYB_Pc2DhLC/?utm_source=ig_web_copy_link&igsh=MzRlODBiNWFlZA==/c/19633585552828961/,Coba template? 😂,1778227666,71,530846644057335,made4,Dewi Wibowo,https://scontent-iad6-1.cdninstagram.com/v/t51.82787-19/551057952_18479436106074710_8064216012374103146_n.jpg?stp=dst-jpg_s150x150_tt6&_nc_cat=100&ccb=7-5&_nc_sid=f7ccc5&efg=eyJ2ZW5jb2RlX3RhZyI6InByb2ZpbGVfcGljLnd3dy4xMDgwLkMzIn0%3D&_nc_ohc=zisp7lviP2UQ7kNvwGVckTa&_nc_oc=AdrP4WTEinqS-M0c1U5kitNgM9nRMhRgIz15SuIEqB1Icarxkh3GfM2v5jcWXonGHZs&_nc_zt=24&_nc_ht=scontent-iad6-1.cdninstagram.com&_nc_gid=WMI2tPWUAJnlmj3zmmGOgQ&_nc_ss=7d6a8&oh=00_Af6Pt6ofOyMjjmTz8I9Jp51xQ2V05t-WVRaS-M4bmdk-iw&oe=6A039416,made4,made4,FALSE,FALSE,4,4
3.89166969171883E+018,https://www.instagram.com/p/DYB_Pc2DhLC/?utm_source=ig_web_copy_link&igsh=MzRlODBiNWFlZA==,1.21597016635709E+016,https://www.instagram.com/p/DYB_Pc2DhLC/?utm_source=ig_web_copy_link&igsh=MzRlODBiNWFlZA==/c/12159701663570847/,Setuju sama buzzer serius? wkwk,1778152812,351,205875500536132,gendisnugroho9,Cahya Lestari,https://scontent-iad6-1.cdninstagram.com/v/t51.82787-19/551057952_18479436106074710_8064216012374103146_n.jpg?stp=dst-jpg_s150x150_tt6&_nc_cat=100&ccb=7-5&_nc_sid=f7ccc5&efg=eyJ2ZW5jb2RlX3RhZyI6InByb2ZpbGVfcGljLnd3dy4xMDgwLkMzIn0%3D&_nc_ohc=zisp7lviP2UQ7kNvwGVckTa&_nc_oc=AdrP4WTEinqS-M0c1U5kitNgM9nRMhRgIz15SuIEqB1Icarxkh3GfM2v5jcWXonGHZs&_nc_zt=24&_nc_ht=scontent-iad6-1.cdninstagram.com&_nc_gid=WMI2tPWUAJnlmj3zmmGOgQ&_nc_ss=7d6a8&oh=00_Af6Pt6ofOyMjjmTz8I9Jp51xQ2V05t-WVRaS-M4bmdk-iw&oe=6A039416,gendisnugroho9,gendisnugroho9,FALSE,FALSE,10,10
3.89166969171883E+018,https://www.instagram.com/p/DYB_Pc2DhLC/?utm_source=ig_web_copy_link&igsh=MzRlODBiNWFlZA==,1.13721442061024E+016,https://www.instagram.com/p/DYB_Pc2DhLC/?utm_source=ig_web_copy_link&igsh=MzRlODBiNWFlZA==/c/11372144206102392/,@folkative serius nih kritik bank,1778227919,129,744316644396202,gita321,Gita321,https://scontent-iad6-1.cdninstagram.com/v/t51.82787-19/551057952_18479436106074710_8064216012374103146_n.jpg?stp=dst-jpg_s150x150_tt6&_nc_cat=100&ccb=7-5&_nc_sid=f7ccc5&efg=eyJ2ZW5jb2RlX3RhZyI6InByb2ZpbGVfcGljLnd3dy4xMDgwLkMzIn0%3D&_nc_ohc=zisp7lviP2UQ7kNvwGVckTa&_nc_oc=AdrP4WTEinqS-M0c1U5kitNgM9nRMhRgIz15SuIEqB1Icarxkh3GfM2v5jcWXonGHZs&_nc_zt=24&_nc_ht=scontent-iad6-1.cdninstagram.com&_nc_gid=WMI2tPWUAJnlmj3zmmGOgQ&_nc_ss=7d6a8&oh=00_Af6Pt6ofOyMjjmTz8I9Jp51xQ2V05t-WVRaS-M4bmdk-iw&oe=6A039416,gita321,gita321,FALSE,FALSE,3,3
3.89166969171883E+018,https://www.instagram.com/p/DYB_Pc2DhLC/?utm_source=ig_web_copy_link&igsh=MzRlODBiNWFlZA==,1.27994428661284E+016,https://www.instagram.com/p/DYB_Pc2DhLC/?utm_source=ig_web_copy_link&igsh=MzRlODBiNWFlZA==/c/12799442866128384/,Seharusnya swasembada beneran? salfok,1778176347,17,147015687954326,nanda9,Nanda9,https://scontent-iad6-1.cdninstagram.com/v/t51.82787-19/551057952_18479436106074710_8064216012374103146_n.jpg?stp=dst-jpg_s150x150_tt6&_nc_cat=100&ccb=7-5&_nc_sid=f7ccc5&efg=eyJ2ZW5jb2RlX3RhZyI6InByb2ZpbGVfcGljLnd3dy4xMDgwLkMzIn0%3D&_nc_ohc=zisp7lviP2UQ7kNvwGVckTa&_nc_oc=AdrP4WTEinqS-M0c1U5kitNgM9nRMhRgIz15SuIEqB1Icarxkh3GfM2v5jcWXonGHZs&_nc_zt=24&_nc_ht=scontent-iad6-1.cdninstagram.com&_nc_gid=WMI2tPWUAJnlmj3zmmGOgQ&_nc_ss=7d6a8&oh=00_Af6Pt6ofOyMjjmTz8I9Jp51xQ2V05t-WVRaS-M4bmdk-iw&oe=6A039416,nanda9,nanda9,FALSE,FALSE,2,2
3.89166969171883E+018,https://www.instagram.com/p/DYB_Pc2DhLC/?utm_source=ig_web_copy_link&igsh=MzRlODBiNWFlZA==,1.86597529835516E+016,https://www.instagram.com/p/DYB_Pc2DhLC/?utm_source=ig_web_copy_link&igsh=MzRlODBiNWFlZA==/c/18659752983551595/,serius? briefing dong buzer hahaha,1778237871,23,109450632861934,wawan99,Maya Anggraini,https://scontent-iad6-1.cdninstagram.com/v/t51.82787-19/551057952_18479436106074710_8064216012374103146_n.jpg?stp=dst-jpg_s150x150_tt6&_nc_cat=100&ccb=7-5&_nc_sid=f7ccc5&efg=eyJ2ZW5jb2RlX3RhZyI6InByb2ZpbGVfcGljLnd3dy4xMDgwLkMzIn0%3D&_nc_ohc=zisp7lviP2UQ7kNvwGVckTa&_nc_oc=AdrP4WTEinqS-M0c1U5kitNgM9nRMhRgIz15SuIEqB1Icarxkh3GfM2v5jcWXonGHZs&_nc_zt=24&_nc_ht=scontent-iad6-1.cdninstagram.com&_nc_gid=WMI2tPWUAJnlmj3zmmGOgQ&_nc_ss=7d6a8&oh=00_Af6Pt6ofOyMjjmTz8I9Jp51xQ2V05t-WVRaS-M4bmdk-iw&oe=6A039416,wawan99,wawan99,TRUE,FALSE,7,7
3.89166969171883E+018,https://www.instagram.com/p/DYB_Pc2DhLC/?utm_source=ig_web_copy_link&igsh=MzRlODBiNWFlZA==,1.76709776882968E+016,https://www.instagram.com/p/DYB_Pc2DhLC/?utm_source=ig_web_copy_link&igsh=MzRlODBiNWFlZA==/c/17670977688296814/,Pemerintah klaim sumber? hahaha,1778166480,14,1012239780378575,jihanxx5,Jihanxx5,https://scontent-iad6-1.cdninstagram.com/v/t51.82787-19/551057952_18479436106074710_8064216012374103146_n.jpg?stp=dst-jpg_s150x150_tt6&_nc_cat=100&ccb=7-5&_nc_sid=f7ccc5&efg=eyJ2ZW5jb2RlX3RhZyI6InByb2ZpbGVfcGljLnd3dy4xMDgwLkMzIn0%3D&_nc_ohc=zisp7lviP2UQ7kNvwGVckTa&_nc_oc=AdrP4WTEinqS-M0c1U5kitNgM9nRMhRgIz15SuIEqB1Icarxkh3GfM2v5jcWXonGHZs&_nc_zt=24&_nc_ht=scontent-iad6-1.cdninstagram.com&_nc_gid=WMI2tPWUAJnlmj3zmmGOgQ&_nc_ss=7d6a8&oh=00_Af6Pt6ofOyMjjmTz8I9Jp51xQ2V05t-WVRaS-M4bmdk-iw&oe=6A039416,jihanxx5,jihanxx5,FALSE,FALSE,2,2
3.89166969171883E+018,https://www.instagram.com/p/DYB_Pc2DhLC/?utm_source=ig_web_copy_link&igsh=MzRlODBiNWFlZA==,1.99122035652841E+016,https://www.instagram.com/p/DYB_Pc2DhLC/?utm_source=ig_web_copy_link&igsh=MzRlODBiNWFlZA==/c/19912203565284075/,Pemerintah klaim darimana? wkwk,1778229356,40,394048162901969,bukanqori1,Bukanqori1,https://scontent-iad6-1.cdninstagram.com/v/t51.82787-19/551057952_18479436106074710_8064216012374103146_n.jpg?stp=dst-jpg_s150x150_tt6&_nc_cat=100&ccb=7-5&_nc_sid=f7ccc5&efg=eyJ2ZW5jb2RlX3RhZyI6InByb2ZpbGVfcGljLnd3dy4xMDgwLkMzIn0%3D&_nc_ohc=zisp7lviP2UQ7kNvwGVckTa&_nc_oc=AdrP4WTEinqS-M0c1U5kitNgM9nRMhRgIz15SuIEqB1Icarxkh3GfM2v5jcWXonGHZs&_nc_zt=24&_nc_ht=scontent-iad6-1.cdninstagram.com&_nc_gid=WMI2tPWUAJnlmj3zmmGOgQ&_nc_ss=7d6a8&oh=00_Af6Pt6ofOyMjjmTz8I9Jp51xQ2V05t-WVRaS-M4bmdk-iw&oe=6A039416,bukanqori1,bukanqori1,FALSE,FALSE,0,0
3.89166969171883E+018,https://www.instagram.com/p/DYB_Pc2DhLC/?utm_source=ig_web_copy_link&igsh=MzRlODBiNWFlZA==,1.96331361225938E+016,https://www.instagram.com/p/DYB_Pc2DhLC/?utm_source=ig_web_copy_link&igsh=MzRlODBiNWFlZA==/c/19633136122593766/,Template mirip gila,1778190193,24,410340097236872,nanda211,Nanda211,https://scontent-iad6-1.cdninstagram.com/v/t51.82787-19/551057952_18479436106074710_8064216012374103146_n.jpg?stp=dst-jpg_s150x150_tt6&_nc_cat=100&ccb=7-5&_nc_sid=f7ccc5&efg=eyJ2ZW5jb2RlX3RhZyI6InByb2ZpbGVfcGljLnd3dy4xMDgwLkMzIn0%3D&_nc_ohc=zisp7lviP2UQ7kNvwGVckTa&_nc_oc=AdrP4WTEinqS-M0c1U5kitNgM9nRMhRgIz15SuIEqB1Icarxkh3GfM2v5jcWXonGHZs&_nc_zt=24&_nc_ht=scontent-iad6-1.cdninstagram.com&_nc_gid=WMI2tPWUAJnlmj3zmmGOgQ&_nc_ss=7d6a8&oh=00_Af6Pt6ofOyMjjmTz8I9Jp51xQ2V05t-WVRaS-M4bmdk-iw&oe=6A039416,nanda211,nanda211,FALSE,FALSE,5,5
3.89166969171883E+018,https://www.instagram.com/p/DYB_Pc2DhLC/?utm_source=ig_web_copy_link&igsh=MzRlODBiNWFlZA==,1.30040069488565E+016,https://www.instagram.com/p/DYB_Pc2DhLC/?utm_source=ig_web_copy_link&igsh=MzRlODBiNWFlZA==/c/13004006948856496/,Seharusnya pangan beneran? 🗿,1778175003,12,115492505530035,ninaaisyah6,Ninaaisyah6,https://scontent-iad6-1.cdninstagram.com/v/t51.82787-19/551057952_18479436106074710_8064216012374103146_n.jpg?stp=dst-jpg_s150x150_tt6&_nc_cat=100&ccb=7-5&_nc_sid=f7ccc5&efg=eyJ2ZW5jb2RlX3RhZyI6InByb2ZpbGVfcGljLnd3dy4xMDgwLkMzIn0%3D&_nc_ohc=zisp7lviP2UQ7kNvwGVckTa&_nc_oc=AdrP4WTEinqS-M0c1U5kitNgM9nRMhRgIz15SuIEqB1Icarxkh3GfM2v5jcWXonGHZs&_nc_zt=24&_nc_ht=scontent-iad6-1.cdninstagram.com&_nc_gid=WMI2tPWUAJnlmj3zmmGOgQ&_nc_ss=7d6a8&oh=00_Af6Pt6ofOyMjjmTz8I9Jp51xQ2V05t-WVRaS-M4bmdk-iw&oe=6A039416,ninaaisyah6,ninaaisyah6,FALSE,FALSE,2,2
3.89166969171883E+018,https://www.instagram.com/p/DYB_Pc2DhLC/?utm_source=ig_web_copy_link&igsh=MzRlODBiNWFlZA==,1.5995935036932E+016,https://www.instagram.com/p/DYB_Pc2DhLC/?utm_source=ig_web_copy_link&igsh=MzRlODBiNWFlZA==/c/15995935036932022/,🙌 aparat arahan cuy,1778148297,14,467617461385089,nina.yulianti3,Nina.yulianti3,https://scontent-iad6-1.cdninstagram.com/v/t51.82787-19/551057952_18479436106074710_8064216012374103146_n.jpg?stp=dst-jpg_s150x150_tt6&_nc_cat=100&ccb=7-5&_nc_sid=f7ccc5&efg=eyJ2ZW5jb2RlX3RhZyI6InByb2ZpbGVfcGljLnd3dy4xMDgwLkMzIn0%3D&_nc_ohc=zisp7lviP2UQ7kNvwGVckTa&_nc_oc=AdrP4WTEinqS-M0c1U5kitNgM9nRMhRgIz15SuIEqB1Icarxkh3GfM2v5jcWXonGHZs&_nc_zt=24&_nc_ht=scontent-iad6-1.cdninstagram.com&_nc_gid=WMI2tPWUAJnlmj3zmmGOgQ&_nc_ss=7d6a8&oh=00_Af6Pt6ofOyMjjmTz8I9Jp51xQ2V05t-WVRaS-M4bmdk-iw&oe=6A039416,nina.yulianti3,nina.yulianti3,FALSE,FALSE,7,7
3.89166969171883E+018,https://www.instagram.com/p/DYB_Pc2DhLC/?utm_source=ig_web_copy_link&igsh=MzRlODBiNWFlZA==,1.78929209794643E+016,https://www.instagram.com/p/DYB_Pc2DhLC/?utm_source=ig_web_copy_link&igsh=MzRlODBiNWFlZA==/c/17892920979464248/,"brief nya disuruh klarifikasi semua yah?? dahlah, kami tau akun ini rada2 emang 😂😂",1778147228,76,8256008648,nmzanki,nmzanki,https://scontent-iad3-1.cdninstagram.com/v/t51.2885-19/46426867_365906843966323_7340003902323949568_n.jpg?stp=dst-jpg_s150x150_tt6&_nc_cat=104&ccb=7-5&_nc_sid=f7ccc5&efg=eyJ2ZW5jb2RlX3RhZyI6InByb2ZpbGVfcGljLnd3dy44MDAuQzMifQ%3D%3D&_nc_ohc=WmNyhDtFHG8Q7kNvwEVChB0&_nc_oc=AdoWNloQfi3RPRo-ZWJJYk8Fa1eawNigQTxccdFTkBpMNbk1O6hj1iVBzaFJ7mK3hFc&_nc_zt=24&_nc_ht=scontent-iad3-1.cdninstagram.com&_nc_ss=7d6a8&oh=00_Af7UP-v4KodyVgIulowDQrzJujNIkr3lDC2XA4UIV6k9xw&oe=6A0395D3,nmzanki,nmzanki,FALSE,FALSE,0,0
3.89166969171883E+018,https://www.instagram.com/p/DYB_Pc2DhLC/?utm_source=ig_web_copy_link&igsh=MzRlODBiNWFlZA==,1.75370255158196E+016,https://www.instagram.com/p/DYB_Pc2DhLC/?utm_source=ig_web_copy_link&igsh=MzRlODBiNWFlZA==/c/17537025515819587/,salfok buzzer panik cuy,1778165801,2608,809752607877172,bukanqori123,Bukanqori123,https://scontent-iad6-1.cdninstagram.com/v/t51.82787-19/551057952_18479436106074710_8064216012374103146_n.jpg?stp=dst-jpg_s150x150_tt6&_nc_cat=100&ccb=7-5&_nc_sid=f7ccc5&efg=eyJ2ZW5jb2RlX3RhZyI6InByb2ZpbGVfcGljLnd3dy4xMDgwLkMzIn0%3D&_nc_ohc=zisp7lviP2UQ7kNvwGVckTa&_nc_oc=AdrP4WTEinqS-M0c1U5kitNgM9nRMhRgIz15SuIEqB1Icarxkh3GfM2v5jcWXonGHZs&_nc_zt=24&_nc_ht=scontent-iad6-1.cdninstagram.com&_nc_gid=WMI2tPWUAJnlmj3zmmGOgQ&_nc_ss=7d6a8&oh=00_Af6Pt6ofOyMjjmTz8I9Jp51xQ2V05t-WVRaS-M4bmdk-iw&oe=6A039416,bukanqori123,bukanqori123,FALSE,FALSE,32,32
3.89166969171883E+018,https://www.instagram.com/p/DYB_Pc2DhLC/?utm_source=ig_web_copy_link&igsh=MzRlODBiNWFlZA==,1.63421390556982E+016,https://www.instagram.com/p/DYB_Pc2DhLC/?utm_source=ig_web_copy_link&igsh=MzRlODBiNWFlZA==/c/16342139055698210/,Udah dari dulu dengan buzer waduh waduh,1778159376,34,983579577421526,liadah6,Oscar Kusuma,https://scontent-iad6-1.cdninstagram.com/v/t51.82787-19/551057952_18479436106074710_8064216012374103146_n.jpg?stp=dst-jpg_s150x150_tt6&_nc_cat=100&ccb=7-5&_nc_sid=f7ccc5&efg=eyJ2ZW5jb2RlX3RhZyI6InByb2ZpbGVfcGljLnd3dy4xMDgwLkMzIn0%3D&_nc_ohc=zisp7lviP2UQ7kNvwGVckTa&_nc_oc=AdrP4WTEinqS-M0c1U5kitNgM9nRMhRgIz15SuIEqB1Icarxkh3GfM2v5jcWXonGHZs&_nc_zt=24&_nc_ht=scontent-iad6-1.cdninstagram.com&_nc_gid=WMI2tPWUAJnlmj3zmmGOgQ&_nc_ss=7d6a8&oh=00_Af6Pt6ofOyMjjmTz8I9Jp51xQ2V05t-WVRaS-M4bmdk-iw&oe=6A039416,liadah6,liadah6,FALSE,FALSE,0,0
3.89166969171883E+018,https://www.instagram.com/p/DYB_Pc2DhLC/?utm_source=ig_web_copy_link&igsh=MzRlODBiNWFlZA==,1.82698062804671E+016,https://www.instagram.com/p/DYB_Pc2DhLC/?utm_source=ig_web_copy_link&igsh=MzRlODBiNWFlZA==/c/18269806280467097/,hahaha aparat cuci tangan cuy,1778147100,36,582865614210233,oscar660,Budi Anggraini,https://scontent-iad6-1.cdninstagram.com/v/t51.82787-19/551057952_18479436106074710_8064216012374103146_n.jpg?stp=dst-jpg_s150x150_tt6&_nc_cat=100&ccb=7-5&_nc_sid=f7ccc5&efg=eyJ2ZW5jb2RlX3RhZyI6InByb2ZpbGVfcGljLnd3dy4xMDgwLkMzIn0%3D&_nc_ohc=zisp7lviP2UQ7kNvwGVckTa&_nc_oc=AdrP4WTEinqS-M0c1U5kitNgM9nRMhRgIz15SuIEqB1Icarxkh3GfM2v5jcWXonGHZs&_nc_zt=24&_nc_ht=scontent-iad6-1.cdninstagram.com&_nc_gid=WMI2tPWUAJnlmj3zmmGOgQ&_nc_ss=7d6a8&oh=00_Af6Pt6ofOyMjjmTz8I9Jp51xQ2V05t-WVRaS-M4bmdk-iw&oe=6A039416,oscar660,oscar660,FALSE,FALSE,7,7
3.89166969171883E+018,https://www.instagram.com/p/DYB_Pc2DhLC/?utm_source=ig_web_copy_link&igsh=MzRlODBiNWFlZA==,1.05811077437658E+016,https://www.instagram.com/p/DYB_Pc2DhLC/?utm_source=ig_web_copy_link&igsh=MzRlODBiNWFlZA==/c/10581107743765829/,🤣 buzer panik kak,1778161722,62,552750909765886,putri.hakim2,Doni Kusuma,https://scontent-iad6-1.cdninstagram.com/v/t51.82787-19/551057952_18479436106074710_8064216012374103146_n.jpg?stp=dst-jpg_s150x150_tt6&_nc_cat=100&ccb=7-5&_nc_sid=f7ccc5&efg=eyJ2ZW5jb2RlX3RhZyI6InByb2ZpbGVfcGljLnd3dy4xMDgwLkMzIn0%3D&_nc_ohc=zisp7lviP2UQ7kNvwGVckTa&_nc_oc=AdrP4WTEinqS-M0c1U5kitNgM9nRMhRgIz15SuIEqB1Icarxkh3GfM2v5jcWXonGHZs&_nc_zt=24&_nc_ht=scontent-iad6-1.cdninstagram.com&_nc_gid=WMI2tPWUAJnlmj3zmmGOgQ&_nc_ss=7d6a8&oh=00_Af6Pt6ofOyMjjmTz8I9Jp51xQ2V05t-WVRaS-M4bmdk-iw&oe=6A039416,putri.hakim2,putri.hakim2,FALSE,FALSE,8,8
3.89166969171883E+018,https://www.instagram.com/p/DYB_Pc2DhLC/?utm_source=ig_web_copy_link&igsh=MzRlODBiNWFlZA==,1.78633391766256E+016,https://www.instagram.com/p/DYB_Pc2DhLC/?utm_source=ig_web_copy_link&igsh=MzRlODBiNWFlZA==/c/17863339176625560/,alah gapercaya klo folkative mah😹,1778143772,85,11568021586,gideonray._,deon,https://scontent-iad6-1.cdninstagram.com/v/t51.82787-19/545292524_18154010413389587_1366357459399362921_n.jpg?stp=dst-jpg_s150x150_tt6&_nc_cat=106&ccb=7-5&_nc_sid=f7ccc5&efg=eyJ2ZW5jb2RlX3RhZyI6InByb2ZpbGVfcGljLnd3dy4xMDgwLkMzIn0%3D&_nc_ohc=ZscBA0iPFJUQ7kNvwEeeVgt&_nc_oc=AdpHLx0zhYDbQwnFJHZCsyqZXM9HU8GZ1s8ubWhi9vMKFcgVSQ6uq9JyWgQQ07-Q_aQ&_nc_zt=24&_nc_ht=scontent-iad6-1.cdninstagram.com&_nc_gid=KorXe_l-7gqhAn7_b5B-uQ&_nc_ss=7d6a8&oh=00_Af6oSsMbyKceqWEQl9Xzd85usUT3nEywp1Ql3Ns-VLWlnA&oe=6A0388C5,gideonray._,gideonray._,FALSE,FALSE,0,0
3.89166969171883E+018,https://www.instagram.com/p/DYB_Pc2DhLC/?utm_source=ig_web_copy_link&igsh=MzRlODBiNWFlZA==,1.83767871599906E+016,https://www.instagram.com/p/DYB_Pc2DhLC/?utm_source=ig_web_copy_link&igsh=MzRlODBiNWFlZA==/c/18376787159990587/,hahaha buzer template cuy 🤣,1778196469,31,971667339831995,kevinmin,Kevinmin,https://scontent-iad6-1.cdninstagram.com/v/t51.82787-19/551057952_18479436106074710_8064216012374103146_n.jpg?stp=dst-jpg_s150x150_tt6&_nc_cat=100&ccb=7-5&_nc_sid=f7ccc5&efg=eyJ2ZW5jb2RlX3RhZyI6InByb2ZpbGVfcGljLnd3dy4xMDgwLkMzIn0%3D&_nc_ohc=zisp7lviP2UQ7kNvwGVckTa&_nc_oc=AdrP4WTEinqS-M0c1U5kitNgM9nRMhRgIz15SuIEqB1Icarxkh3GfM2v5jcWXonGHZs&_nc_zt=24&_nc_ht=scontent-iad6-1.cdninstagram.com&_nc_gid=WMI2tPWUAJnlmj3zmmGOgQ&_nc_ss=7d6a8&oh=00_Af6Pt6ofOyMjjmTz8I9Jp51xQ2V05t-WVRaS-M4bmdk-iw&oe=6A039416,kevinmin,kevinmin,FALSE,FALSE,6,6
3.89166969171883E+018,https://www.instagram.com/p/DYB_Pc2DhLC/?utm_source=ig_web_copy_link&igsh=MzRlODBiNWFlZA==,1.80810642056249E+016,https://www.instagram.com/p/DYB_Pc2DhLC/?utm_source=ig_web_copy_link&igsh=MzRlODBiNWFlZA==/c/18081064205624938/,"Jadi curiga, jangan"" postingan ini briefing dari pemerintah",1778147179,151,60594189014,andra_metaverse,Andra A.,https://scontent-iad6-1.cdninstagram.com/v/t51.2885-19/396851968_6847747885308883_2104559660965816034_n.jpg?stp=dst-jpg_s150x150_tt6&_nc_cat=106&ccb=7-5&_nc_sid=f7ccc5&efg=eyJ2ZW5jb2RlX3RhZyI6InByb2ZpbGVfcGljLnd3dy4xMDgwLkMzIn0%3D&_nc_ohc=xF4Subw-m5gQ7kNvwFW6R0C&_nc_oc=AdoDoUMI5g-uVou9nBY5YWSr1ycZhE-cbmyr7qE-ThC3043tpuTzU4ebnjyzlAcYIak&_nc_zt=24&_nc_ht=scontent-iad6-1.cdninstagram.com&_nc_ss=7d6a8&oh=00_Af4aEf1NBttnXLSXaTLy3Hho8bSccpwuuMIr0PJeVo-Sjw&oe=6A038B32,andra_metaverse,andra_metaverse,FALSE,FALSE,1,1
3.89166969171883E+018,https://www.instagram.com/p/DYB_Pc2DhLC/?utm_source=ig_web_copy_link&igsh=MzRlODBiNWFlZA==,1.80624512874227E+016,https://www.instagram.com/p/DYB_Pc2DhLC/?utm_source=ig_web_copy_link&igsh=MzRlODBiNWFlZA==/c/18062451287422697/,Oke kalau gitu jawab ini MBG bermanfaat atau tidak min?,1778144083,1328,8105460922,m.aqsyaraynaldi,Aqsya Raynaldi,https://scontent-iad3-1.cdninstagram.com/v/t51.82787-19/582407901_18300700498268923_4194436674638761255_n.jpg?stp=dst-jpg_s150x150_tt6&_nc_cat=104&ccb=7-5&_nc_sid=f7ccc5&efg=eyJ2ZW5jb2RlX3RhZyI6InByb2ZpbGVfcGljLnd3dy40OTMuQzMifQ%3D%3D&_nc_ohc=B5WKwNC0SXIQ7kNvwHlYnKo&_nc_oc=AdpoiTYHpVY7LJHg-kjl4XRRM7hnrOCvZ2MvHHPFJCptid1Ej10maIGucPrd_kj6TOg&_nc_zt=24&_nc_ht=scontent-iad3-1.cdninstagram.com&_nc_gid=YVzTi_7OXT0eF77y3gncMg&_nc_ss=7d6a8&oh=00_Af43yDaIf_1c8X7kM1Uc3a8BJUOsfvNLP-mBHjc-GWJYog&oe=6A03865F,m.aqsyaraynaldi,m.aqsyaraynaldi,FALSE,FALSE,35,35
3.89166969171883E+018,https://www.instagram.com/p/DYB_Pc2DhLC/?utm_source=ig_web_copy_link&igsh=MzRlODBiNWFlZA==,1.49041607497477E+016,https://www.instagram.com/p/DYB_Pc2DhLC/?utm_source=ig_web_copy_link&igsh=MzRlODBiNWFlZA==/c/14904160749747646/,waduh buzzer klarifikasi min wkwk,1778215845,199,312843060657379,si_made88,Si_made88,https://scontent-iad6-1.cdninstagram.com/v/t51.82787-19/551057952_18479436106074710_8064216012374103146_n.jpg?stp=dst-jpg_s150x150_tt6&_nc_cat=100&ccb=7-5&_nc_sid=f7ccc5&efg=eyJ2ZW5jb2RlX3RhZyI6InByb2ZpbGVfcGljLnd3dy4xMDgwLkMzIn0%3D&_nc_ohc=zisp7lviP2UQ7kNvwGVckTa&_nc_oc=AdrP4WTEinqS-M0c1U5kitNgM9nRMhRgIz15SuIEqB1Icarxkh3GfM2v5jcWXonGHZs&_nc_zt=24&_nc_ht=scontent-iad6-1.cdninstagram.com&_nc_gid=WMI2tPWUAJnlmj3zmmGOgQ&_nc_ss=7d6a8&oh=00_Af6Pt6ofOyMjjmTz8I9Jp51xQ2V05t-WVRaS-M4bmdk-iw&oe=6A039416,si_made88,si_made88,FALSE,FALSE,1,1
3.89166969171883E+018,https://www.instagram.com/p/DYB_Pc2DhLC/?utm_source=ig_web_copy_link&igsh=MzRlODBiNWFlZA==,1.83686397492058E+016,https://www.instagram.com/p/DYB_Pc2DhLC/?utm_source=ig_web_copy_link&igsh=MzRlODBiNWFlZA==/c/18368639749205841/,Semua media yang masuk dalam daftar pada kompak ya klarifikasinya,1778219566,1,72009242722,kaloganteng_,Bukan sulap bukan,https://scontent-iad3-1.cdninstagram.com/v/t51.82787-19/527354593_17872912731402723_1678743333652264423_n.jpg?stp=dst-jpg_s150x150_tt6&_nc_cat=101&ccb=7-5&_nc_sid=f7ccc5&efg=eyJ2ZW5jb2RlX3RhZyI6InByb2ZpbGVfcGljLnd3dy4xMDgwLkMzIn0%3D&_nc_ohc=SOEHMhhuOG0Q7kNvwFiv6xB&_nc_oc=AdobtN7dSlrNSL2m8lPDRiAxAcxURxnxJ3eZEEAfkkljjWzzCe1aNOmea2cdGdtBNYw&_nc_zt=24&_nc_ht=scontent-iad3-1.cdninstagram.com&_nc_gid=YMPpvY4wT3w-fWrbEdZEIA&_nc_ss=7d6a8&oh=00_Af62cwKjuEpANE1Ts0JJjZwFxK8TrpJQIWL9eiCsyUEewg&oe=6A039671,kaloganteng_,kaloganteng_,FALSE,FALSE,0,0
3.89166969171883E+018,https://www.instagram.com/p/DYB_Pc2DhLC/?utm_source=ig_web_copy_link&igsh=MzRlODBiNWFlZA==,1.61552564969292E+016,https://www.instagram.com/p/DYB_Pc2DhLC/?utm_source=ig_web_copy_link&igsh=MzRlODBiNWFlZA==/c/16155256496929199/,Lah briefing? 🙌 🔥,1778180477,35,995876029642089,putralia12,Putralia12,https://scontent-iad6-1.cdninstagram.com/v/t51.82787-19/551057952_18479436106074710_8064216012374103146_n.jpg?stp=dst-jpg_s150x150_tt6&_nc_cat=100&ccb=7-5&_nc_sid=f7ccc5&efg=eyJ2ZW5jb2RlX3RhZyI6InByb2ZpbGVfcGljLnd3dy4xMDgwLkMzIn0%3D&_nc_ohc=zisp7lviP2UQ7kNvwGVckTa&_nc_oc=AdrP4WTEinqS-M0c1U5kitNgM9nRMhRgIz15SuIEqB1Icarxkh3GfM2v5jcWXonGHZs&_nc_zt=24&_nc_ht=scontent-iad6-1.cdninstagram.com&_nc_gid=WMI2tPWUAJnlmj3zmmGOgQ&_nc_ss=7d6a8&oh=00_Af6Pt6ofOyMjjmTz8I9Jp51xQ2V05t-WVRaS-M4bmdk-iw&oe=6A039416,putralia12,putralia12,FALSE,FALSE,5,5
3.89166969171883E+018,https://www.instagram.com/p/DYB_Pc2DhLC/?utm_source=ig_web_copy_link&igsh=MzRlODBiNWFlZA==,1.0385689205886E+016,https://www.instagram.com/p/DYB_Pc2DhLC/?utm_source=ig_web_copy_link&igsh=MzRlODBiNWFlZA==/c/10385689205886001/,@folkative coba jawab kritik skandal salfok,1778241243,231,450819779089536,yanti__12,Putri Hakim,https://scontent-iad6-1.cdninstagram.com/v/t51.82787-19/551057952_18479436106074710_8064216012374103146_n.jpg?stp=dst-jpg_s150x150_tt6&_nc_cat=100&ccb=7-5&_nc_sid=f7ccc5&efg=eyJ2ZW5jb2RlX3RhZyI6InByb2ZpbGVfcGljLnd3dy4xMDgwLkMzIn0%3D&_nc_ohc=zisp7lviP2UQ7kNvwGVckTa&_nc_oc=AdrP4WTEinqS-M0c1U5kitNgM9nRMhRgIz15SuIEqB1Icarxkh3GfM2v5jcWXonGHZs&_nc_zt=24&_nc_ht=scontent-iad6-1.cdninstagram.com&_nc_gid=WMI2tPWUAJnlmj3zmmGOgQ&_nc_ss=7d6a8&oh=00_Af6Pt6ofOyMjjmTz8I9Jp51xQ2V05t-WVRaS-M4bmdk-iw&oe=6A039416,yanti__12,yanti__12,FALSE,FALSE,18,18
3.89166969171883E+018,https://www.instagram.com/p/DYB_Pc2DhLC/?utm_source=ig_web_copy_link&igsh=MzRlODBiNWFlZA==,1.81274495415237E+016,https://www.instagram.com/p/DYB_Pc2DhLC/?utm_source=ig_web_copy_link&igsh=MzRlODBiNWFlZA==/c/18127449541523734/,"Mangkanya unfoll ini media dari dlu, soalnya dah ketebak😂",1778239606,0,2990220140,frdhnjihadr,Fardhan Jihad Ramadhan,https://scontent-iad3-2.cdninstagram.com/v/t51.75761-19/501582428_18408703789100141_1910164777219944824_n.jpg?stp=dst-jpg_s150x150_tt6&_nc_cat=103&ccb=7-5&_nc_sid=f7ccc5&efg=eyJ2ZW5jb2RlX3RhZyI6InByb2ZpbGVfcGljLnd3dy4xMDgwLkMzIn0%3D&_nc_ohc=blBcRkcj_U8Q7kNvwGjveHt&_nc_oc=Adoh2BzorDN1fqNRHSxjCUPzAX1FuIscqKtBErzrG1xZiP8VZPCiVo_56ga9nToSUxA&_nc_zt=24&_nc_ht=scontent-iad3-2.cdninstagram.com&_nc_gid=Dfd6CmdWbXJuUiahTF5IFA&_nc_ss=7d6a8&oh=00_Af4D1NWEwZ437PIRk2N0VYiq-ImElBVwUbV_EFYskPg2PA&oe=6A03B697,frdhnjihadr,frdhnjihadr,FALSE,FALSE,0,0
3.89166969171883E+018,https://www.instagram.com/p/DYB_Pc2DhLC/?utm_source=ig_web_copy_link&igsh=MzRlODBiNWFlZA==,1.43696241759832E+016,https://www.instagram.com/p/DYB_Pc2DhLC/?utm_source=ig_web_copy_link&igsh=MzRlODBiNWFlZA==/c/14369624175983198/,Jadi klarifikasi? waduh,1778221818,412,797252609900930,gita973,Hadi Hidayat,https://scontent-iad6-1.cdninstagram.com/v/t51.82787-19/551057952_18479436106074710_8064216012374103146_n.jpg?stp=dst-jpg_s150x150_tt6&_nc_cat=100&ccb=7-5&_nc_sid=f7ccc5&efg=eyJ2ZW5jb2RlX3RhZyI6InByb2ZpbGVfcGljLnd3dy4xMDgwLkMzIn0%3D&_nc_ohc=zisp7lviP2UQ7kNvwGVckTa&_nc_oc=AdrP4WTEinqS-M0c1U5kitNgM9nRMhRgIz15SuIEqB1Icarxkh3GfM2v5jcWXonGHZs&_nc_zt=24&_nc_ht=scontent-iad6-1.cdninstagram.com&_nc_gid=WMI2tPWUAJnlmj3zmmGOgQ&_nc_ss=7d6a8&oh=00_Af6Pt6ofOyMjjmTz8I9Jp51xQ2V05t-WVRaS-M4bmdk-iw&oe=6A039416,gita973,gita973,FALSE,FALSE,10,10
3.89166969171883E+018,https://www.instagram.com/p/DYB_Pc2DhLC/?utm_source=ig_web_copy_link&igsh=MzRlODBiNWFlZA==,1.95589894670942E+016,https://www.instagram.com/p/DYB_Pc2DhLC/?utm_source=ig_web_copy_link&igsh=MzRlODBiNWFlZA==/c/19558989467094223/,Qodari bilang data? waduh gila,1778178339,434,1037555556693945,umar.lestari6,Umar.lestari6,https://scontent-iad6-1.cdninstagram.com/v/t51.82787-19/551057952_18479436106074710_8064216012374103146_n.jpg?stp=dst-jpg_s150x150_tt6&_nc_cat=100&ccb=7-5&_nc_sid=f7ccc5&efg=eyJ2ZW5jb2RlX3RhZyI6InByb2ZpbGVfcGljLnd3dy4xMDgwLkMzIn0%3D&_nc_ohc=zisp7lviP2UQ7kNvwGVckTa&_nc_oc=AdrP4WTEinqS-M0c1U5kitNgM9nRMhRgIz15SuIEqB1Icarxkh3GfM2v5jcWXonGHZs&_nc_zt=24&_nc_ht=scontent-iad6-1.cdninstagram.com&_nc_gid=WMI2tPWUAJnlmj3zmmGOgQ&_nc_ss=7d6a8&oh=00_Af6Pt6ofOyMjjmTz8I9Jp51xQ2V05t-WVRaS-M4bmdk-iw&oe=6A039416,umar.lestari6,umar.lestari6,FALSE,FALSE,3,3
3.89166969171883E+018,https://www.instagram.com/p/DYB_Pc2DhLC/?utm_source=ig_web_copy_link&igsh=MzRlODBiNWFlZA==,1.80761696722436E+016,https://www.instagram.com/p/DYB_Pc2DhLC/?utm_source=ig_web_copy_link&igsh=MzRlODBiNWFlZA==/c/18076169672243627/,saat BNI ada kasus aja ini akun malah promosi jad ga respect sama akun ini,1778145257,515,33519450407,egironisthng,egi roni sitohang,https://scontent-iad3-1.cdninstagram.com/v/t51.89012-19/573323465_1219825463302212_7278921664109726296_n.jpg?stp=dst-jpg_s150x150_tt6&_nc_cat=1&ccb=7-5&_nc_sid=f7ccc5&efg=eyJ2ZW5jb2RlX3RhZyI6InByb2ZpbGVfcGljLnd3dy5DMyJ9&_nc_ohc=Pji814fEPTcQ7kNvwEQfzBU&_nc_oc=AdrbXG0C2zsHFHFt2tWdYZtbrjrVXViuXMoqPhNRKh66FGDq_rXi8c4VHgae9tGS6IE&_nc_zt=24&_nc_ht=scontent-iad3-1.cdninstagram.com&_nc_gid=YVzTi_7OXT0eF77y3gncMg&_nc_ss=7d6a8&oh=00_Af4YGLOTbZOUjXjMd97t_DLCTQT3c_zb2nfZz06_udAsHg&oe=6A0395A2,egironisthng,egironisthng,FALSE,FALSE,5,5
3.89166969171883E+018,https://www.instagram.com/p/DYB_Pc2DhLC/?utm_source=ig_web_copy_link&igsh=MzRlODBiNWFlZA==,1.05841109003985E+016,https://www.instagram.com/p/DYB_Pc2DhLC/?utm_source=ig_web_copy_link&igsh=MzRlODBiNWFlZA==/c/10584110900398457/,waduh pemerintah panik cuy 🔥,1778196526,1966,397820427200176,bukandewi8,Qori Utami,https://scontent-iad6-1.cdninstagram.com/v/t51.82787-19/551057952_18479436106074710_8064216012374103146_n.jpg?stp=dst-jpg_s150x150_tt6&_nc_cat=100&ccb=7-5&_nc_sid=f7ccc5&efg=eyJ2ZW5jb2RlX3RhZyI6InByb2ZpbGVfcGljLnd3dy4xMDgwLkMzIn0%3D&_nc_ohc=zisp7lviP2UQ7kNvwGVckTa&_nc_oc=AdrP4WTEinqS-M0c1U5kitNgM9nRMhRgIz15SuIEqB1Icarxkh3GfM2v5jcWXonGHZs&_nc_zt=24&_nc_ht=scontent-iad6-1.cdninstagram.com&_nc_gid=WMI2tPWUAJnlmj3zmmGOgQ&_nc_ss=7d6a8&oh=00_Af6Pt6ofOyMjjmTz8I9Jp51xQ2V05t-WVRaS-M4bmdk-iw&oe=6A039416,bukandewi8,bukandewi8,FALSE,FALSE,39,39
3.89166969171883E+018,https://www.instagram.com/p/DYB_Pc2DhLC/?utm_source=ig_web_copy_link&igsh=MzRlODBiNWFlZA==,1.19693850214755E+016,https://www.instagram.com/p/DYB_Pc2DhLC/?utm_source=ig_web_copy_link&igsh=MzRlODBiNWFlZA==/c/11969385021475464/,🗿 copy paste dong istana buset,1778172695,25,544478764206662,hadisih12,Agung Wahyuni,https://scontent-iad6-1.cdninstagram.com/v/t51.82787-19/551057952_18479436106074710_8064216012374103146_n.jpg?stp=dst-jpg_s150x150_tt6&_nc_cat=100&ccb=7-5&_nc_sid=f7ccc5&efg=eyJ2ZW5jb2RlX3RhZyI6InByb2ZpbGVfcGljLnd3dy4xMDgwLkMzIn0%3D&_nc_ohc=zisp7lviP2UQ7kNvwGVckTa&_nc_oc=AdrP4WTEinqS-M0c1U5kitNgM9nRMhRgIz15SuIEqB1Icarxkh3GfM2v5jcWXonGHZs&_nc_zt=24&_nc_ht=scontent-iad6-1.cdninstagram.com&_nc_gid=WMI2tPWUAJnlmj3zmmGOgQ&_nc_ss=7d6a8&oh=00_Af6Pt6ofOyMjjmTz8I9Jp51xQ2V05t-WVRaS-M4bmdk-iw&oe=6A039416,hadisih12,hadisih12,FALSE,FALSE,1,1
3.89166969171883E+018,https://www.instagram.com/p/DYB_Pc2DhLC/?utm_source=ig_web_copy_link&igsh=MzRlODBiNWFlZA==,1.26038102061893E+016,https://www.instagram.com/p/DYB_Pc2DhLC/?utm_source=ig_web_copy_link&igsh=MzRlODBiNWFlZA==/c/12603810206189319/,Seharusnya kasus beneran? 🗿,1778150005,486,682257841712553,bukanzaki5,Bukanzaki5,https://scontent-iad6-1.cdninstagram.com/v/t51.82787-19/551057952_18479436106074710_8064216012374103146_n.jpg?stp=dst-jpg_s150x150_tt6&_nc_cat=100&ccb=7-5&_nc_sid=f7ccc5&efg=eyJ2ZW5jb2RlX3RhZyI6InByb2ZpbGVfcGljLnd3dy4xMDgwLkMzIn0%3D&_nc_ohc=zisp7lviP2UQ7kNvwGVckTa&_nc_oc=AdrP4WTEinqS-M0c1U5kitNgM9nRMhRgIz15SuIEqB1Icarxkh3GfM2v5jcWXonGHZs&_nc_zt=24&_nc_ht=scontent-iad6-1.cdninstagram.com&_nc_gid=WMI2tPWUAJnlmj3zmmGOgQ&_nc_ss=7d6a8&oh=00_Af6Pt6ofOyMjjmTz8I9Jp51xQ2V05t-WVRaS-M4bmdk-iw&oe=6A039416,bukanzaki5,bukanzaki5,FALSE,FALSE,5,5
3.89166969171883E+018,https://www.instagram.com/p/DYB_Pc2DhLC/?utm_source=ig_web_copy_link&igsh=MzRlODBiNWFlZA==,1.81247421646134E+016,https://www.instagram.com/p/DYB_Pc2DhLC/?utm_source=ig_web_copy_link&igsh=MzRlODBiNWFlZA==/c/18124742164613355/,semangat apus apusin komen🙌,1778146118,3415,1986012360,spertibersepeda,,https://scontent-iad3-1.cdninstagram.com/v/t51.82787-19/649157364_18530512438068361_1176022214145492965_n.jpg?stp=dst-jpg_s150x150_tt6&_nc_cat=110&ccb=7-5&_nc_sid=f7ccc5&efg=eyJ2ZW5jb2RlX3RhZyI6InByb2ZpbGVfcGljLnd3dy4xMDgwLkMzIn0%3D&_nc_ohc=DFLkYgeQzycQ7kNvwFKZhqG&_nc_oc=AdrICZXQ2qpJwLKdEw-lXFkCDXwTm3vJ5Ul8zvPlArCh7p0lUYAaA0FSG9zxpd1FdyU&_nc_zt=24&_nc_ht=scontent-iad3-1.cdninstagram.com&_nc_gid=WMI2tPWUAJnlmj3zmmGOgQ&_nc_ss=7d6a8&oh=00_Af7xrDOKbZSNrrXEnCfyodQqK4Uh87B6peX5hAqZHDjTKQ&oe=6A038C0B,spertibersepeda,spertibersepeda,FALSE,FALSE,12,12
3.89166969171883E+018,https://www.instagram.com/p/DYB_Pc2DhLC/?utm_source=ig_web_copy_link&igsh=MzRlODBiNWFlZA==,1.71519624828519E+016,https://www.instagram.com/p/DYB_Pc2DhLC/?utm_source=ig_web_copy_link&igsh=MzRlODBiNWFlZA==/c/17151962482851888/,@folkative tolong dong klarifikasi BNI 🙌,1778227128,377,669072165483032,made321,Made321,https://scontent-iad6-1.cdninstagram.com/v/t51.82787-19/551057952_18479436106074710_8064216012374103146_n.jpg?stp=dst-jpg_s150x150_tt6&_nc_cat=100&ccb=7-5&_nc_sid=f7ccc5&efg=eyJ2ZW5jb2RlX3RhZyI6InByb2ZpbGVfcGljLnd3dy4xMDgwLkMzIn0%3D&_nc_ohc=zisp7lviP2UQ7kNvwGVckTa&_nc_oc=AdrP4WTEinqS-M0c1U5kitNgM9nRMhRgIz15SuIEqB1Icarxkh3GfM2v5jcWXonGHZs&_nc_zt=24&_nc_ht=scontent-iad6-1.cdninstagram.com&_nc_gid=WMI2tPWUAJnlmj3zmmGOgQ&_nc_ss=7d6a8&oh=00_Af6Pt6ofOyMjjmTz8I9Jp51xQ2V05t-WVRaS-M4bmdk-iw&oe=6A039416,made321,made321,FALSE,FALSE,1,1
3.89166969171883E+018,https://www.instagram.com/p/DYB_Pc2DhLC/?utm_source=ig_web_copy_link&igsh=MzRlODBiNWFlZA==,1.8015174932849E+016,https://www.instagram.com/p/DYB_Pc2DhLC/?utm_source=ig_web_copy_link&igsh=MzRlODBiNWFlZA==/c/18015174932848948/,Si qodari 🤣🤣🤣🤣,1778232662,1,4292345492,dzaufa2125,AuDza SyauFali,https://scontent-iad6-1.cdninstagram.com/v/t51.82787-19/535053726_18392440162137493_1243195472441369886_n.jpg?stp=dst-jpg_s150x150_tt6&_nc_cat=102&ccb=7-5&_nc_sid=f7ccc5&efg=eyJ2ZW5jb2RlX3RhZyI6InByb2ZpbGVfcGljLnd3dy4xMDgwLkMzIn0%3D&_nc_ohc=da_j9z0KxGYQ7kNvwEd55Jz&_nc_oc=Adp4jvuqmWvI1LSChERNVl_tbBhsuQx-h5GCYAALryUQXfJdkUoEItk-cmWyhDGW0gI&_nc_zt=24&_nc_ht=scontent-iad6-1.cdninstagram.com&_nc_gid=OPk-UPwzzI7cD03qvCgHGQ&_nc_ss=7d6a8&oh=00_Af7YjmwtMqlukhjj2py03ZMMp06LMBKYVbqum9PxXj-wTQ&oe=6A03B212,dzaufa2125,dzaufa2125,FALSE,FALSE,0,0
3.89166969171883E+018,https://www.instagram.com/p/DYB_Pc2DhLC/?utm_source=ig_web_copy_link&igsh=MzRlODBiNWFlZA==,1.81221723437241E+016,https://www.instagram.com/p/DYB_Pc2DhLC/?utm_source=ig_web_copy_link&igsh=MzRlODBiNWFlZA==/c/18122172343724105/,UNFOLLOW MEDIA PEMERINTAH,1778144161,860,28659977596,joel31_mav,Joel_Mav31,https://scontent-iad3-1.cdninstagram.com/v/t51.82787-19/671286138_18092376427953597_8896001636582994659_n.jpg?stp=dst-jpg_s150x150_tt6&_nc_cat=1&ccb=7-5&_nc_sid=f7ccc5&efg=eyJ2ZW5jb2RlX3RhZyI6InByb2ZpbGVfcGljLnd3dy4xMDgwLkMzIn0%3D&_nc_ohc=tvl-HYBbIM8Q7kNvwHcH5vZ&_nc_oc=AdpFCva-QjI6VGEy19PrF7i2F9rA72J3VyRFI-LVMEow5-HUMpmOws4PIv5oqiKbzjU&_nc_zt=24&_nc_ht=scontent-iad3-1.cdninstagram.com&_nc_gid=YVzTi_7OXT0eF77y3gncMg&_nc_ss=7d6a8&oh=00_Af5pJMvnhNvVrDVxY81i-gGKApVJednBnXJYljcTE82O_A&oe=6A039F56,joel31_mav,joel31_mav,FALSE,FALSE,14,14
3.89166969171883E+018,https://www.instagram.com/p/DYB_Pc2DhLC/?utm_source=ig_web_copy_link&igsh=MzRlODBiNWFlZA==,1.29062961748354E+016,https://www.instagram.com/p/DYB_Pc2DhLC/?utm_source=ig_web_copy_link&igsh=MzRlODBiNWFlZA==/c/12906296174835440/,astaga briefing dong istana,1778224955,346,848486976379925,andi709,Andi709,https://scontent-iad6-1.cdninstagram.com/v/t51.82787-19/551057952_18479436106074710_8064216012374103146_n.jpg?stp=dst-jpg_s150x150_tt6&_nc_cat=100&ccb=7-5&_nc_sid=f7ccc5&efg=eyJ2ZW5jb2RlX3RhZyI6InByb2ZpbGVfcGljLnd3dy4xMDgwLkMzIn0%3D&_nc_ohc=zisp7lviP2UQ7kNvwGVckTa&_nc_oc=AdrP4WTEinqS-M0c1U5kitNgM9nRMhRgIz15SuIEqB1Icarxkh3GfM2v5jcWXonGHZs&_nc_zt=24&_nc_ht=scontent-iad6-1.cdninstagram.com&_nc_gid=WMI2tPWUAJnlmj3zmmGOgQ&_nc_ss=7d6a8&oh=00_Af6Pt6ofOyMjjmTz8I9Jp51xQ2V05t-WVRaS-M4bmdk-iw&oe=6A039416,andi709,andi709,FALSE,FALSE,17,17
3.89166969171883E+018,https://www.instagram.com/p/DYB_Pc2DhLC/?utm_source=ig_web_copy_link&igsh=MzRlODBiNWFlZA==,1.32428273248983E+016,https://www.instagram.com/p/DYB_Pc2DhLC/?utm_source=ig_web_copy_link&igsh=MzRlODBiNWFlZA==/c/13242827324898262/,Template mirip wkwk serius?,1778213609,24,959707914337406,lia88,Lia88,https://scontent-iad6-1.cdninstagram.com/v/t51.82787-19/551057952_18479436106074710_8064216012374103146_n.jpg?stp=dst-jpg_s150x150_tt6&_nc_cat=100&ccb=7-5&_nc_sid=f7ccc5&efg=eyJ2ZW5jb2RlX3RhZyI6InByb2ZpbGVfcGljLnd3dy4xMDgwLkMzIn0%3D&_nc_ohc=zisp7lviP2UQ7kNvwGVckTa&_nc_oc=AdrP4WTEinqS-M0c1U5kitNgM9nRMhRgIz15SuIEqB1Icarxkh3GfM2v5jcWXonGHZs&_nc_zt=24&_nc_ht=scontent-iad6-1.cdninstagram.com&_nc_gid=WMI2tPWUAJnlmj3zmmGOgQ&_nc_ss=7d6a8&oh=00_Af6Pt6ofOyMjjmTz8I9Jp51xQ2V05t-WVRaS-M4bmdk-iw&oe=6A039416,lia88,lia88,FALSE,FALSE,0,0
3.89166969171883E+018,https://www.instagram.com/p/DYB_Pc2DhLC/?utm_source=ig_web_copy_link&igsh=MzRlODBiNWFlZA==,1.806721679669E+016,https://www.instagram.com/p/DYB_Pc2DhLC/?utm_source=ig_web_copy_link&igsh=MzRlODBiNWFlZA==/c/18067216796689966/,apakah ini bagian dari brief pemerintahnya min? wkwkwkwk,1778145176,8379,1612399857,kemal_adr,Kemal Adrianto,https://scontent-iad3-2.cdninstagram.com/v/t51.2885-19/440877335_1233509484276712_4841147761753724267_n.jpg?stp=dst-jpg_s150x150_tt6&_nc_cat=105&ccb=7-5&_nc_sid=f7ccc5&efg=eyJ2ZW5jb2RlX3RhZyI6InByb2ZpbGVfcGljLnd3dy4xMDgwLkMzIn0%3D&_nc_ohc=2hawVYbYjPQQ7kNvwGthPkV&_nc_oc=AdpbOhBz8oDxwsu2hekpv8jlACy8T8r0sdxaEVCRnb9QkXvyhyS6KbNNTJo2SJDKjqc&_nc_zt=24&_nc_ht=scontent-iad3-2.cdninstagram.com&_nc_ss=7d6a8&oh=00_Af7l7sEKOIbfCDXYQ7YmPBnZ4Tr0_FlzOPVQhkZMJnVsaQ&oe=6A03B291,kemal_adr,kemal_adr,FALSE,FALSE,25,25
3.89166969171883E+018,https://www.instagram.com/p/DYB_Pc2DhLC/?utm_source=ig_web_copy_link&igsh=MzRlODBiNWFlZA==,1.5854385829296E+016,https://www.instagram.com/p/DYB_Pc2DhLC/?utm_source=ig_web_copy_link&igsh=MzRlODBiNWFlZA==/c/15854385829295954/,wkwk buzer briefing min,1778229273,122,778119234362383,oscar,Yanti Hidayat,https://scontent-iad6-1.cdninstagram.com/v/t51.82787-19/551057952_18479436106074710_8064216012374103146_n.jpg?stp=dst-jpg_s150x150_tt6&_nc_cat=100&ccb=7-5&_nc_sid=f7ccc5&efg=eyJ2ZW5jb2RlX3RhZyI6InByb2ZpbGVfcGljLnd3dy4xMDgwLkMzIn0%3D&_nc_ohc=zisp7lviP2UQ7kNvwGVckTa&_nc_oc=AdrP4WTEinqS-M0c1U5kitNgM9nRMhRgIz15SuIEqB1Icarxkh3GfM2v5jcWXonGHZs&_nc_zt=24&_nc_ht=scontent-iad6-1.cdninstagram.com&_nc_gid=WMI2tPWUAJnlmj3zmmGOgQ&_nc_ss=7d6a8&oh=00_Af6Pt6ofOyMjjmTz8I9Jp51xQ2V05t-WVRaS-M4bmdk-iw&oe=6A039416,oscar,oscar,FALSE,FALSE,15,15
3.89166969171883E+018,https://www.instagram.com/p/DYB_Pc2DhLC/?utm_source=ig_web_copy_link&igsh=MzRlODBiNWFlZA==,1.26359039603444E+016,https://www.instagram.com/p/DYB_Pc2DhLC/?utm_source=ig_web_copy_link&igsh=MzRlODBiNWFlZA==/c/12635903960344397/,Pemerintah klaim darimana? wkwk,1778189426,0,472811774902903,intan3,Rina Wijaya,https://scontent-iad6-1.cdninstagram.com/v/t51.82787-19/551057952_18479436106074710_8064216012374103146_n.jpg?stp=dst-jpg_s150x150_tt6&_nc_cat=100&ccb=7-5&_nc_sid=f7ccc5&efg=eyJ2ZW5jb2RlX3RhZyI6InByb2ZpbGVfcGljLnd3dy4xMDgwLkMzIn0%3D&_nc_ohc=zisp7lviP2UQ7kNvwGVckTa&_nc_oc=AdrP4WTEinqS-M0c1U5kitNgM9nRMhRgIz15SuIEqB1Icarxkh3GfM2v5jcWXonGHZs&_nc_zt=24&_nc_ht=scontent-iad6-1.cdninstagram.com&_nc_gid=WMI2tPWUAJnlmj3zmmGOgQ&_nc_ss=7d6a8&oh=00_Af6Pt6ofOyMjjmTz8I9Jp51xQ2V05t-WVRaS-M4bmdk-iw&oe=6A039416,intan3,intan3,FALSE,FALSE,2,2
3.89166969171883E+018,https://www.instagram.com/p/DYB_Pc2DhLC/?utm_source=ig_web_copy_link&igsh=MzRlODBiNWFlZA==,1.81283180205201E+016,https://www.instagram.com/p/DYB_Pc2DhLC/?utm_source=ig_web_copy_link&igsh=MzRlODBiNWFlZA==/c/18128318020520131/,kenak buzzer pemerintah wkkw,1778215804,1,48144546037,ronaldoosijabat,coconuttreez,https://scontent-iad6-1.cdninstagram.com/v/t51.82787-19/683639112_18091863806602038_7740128061402274012_n.jpg?stp=dst-jpg_s150x150_tt6&_nc_cat=106&ccb=7-5&_nc_sid=f7ccc5&efg=eyJ2ZW5jb2RlX3RhZyI6InByb2ZpbGVfcGljLnd3dy4xMDgwLkMzIn0%3D&_nc_ohc=X6KgDlDwL-kQ7kNvwHgVacJ&_nc_oc=Adrxms5cbM60DGej4ZTAKm-y3oqnJ-oKEoUtQCdKmk2CL5BNRP3JaG1wA8CfyPrFm74&_nc_zt=24&_nc_ht=scontent-iad6-1.cdninstagram.com&_nc_gid=KorXe_l-7gqhAn7_b5B-uQ&_nc_ss=7d6a8&oh=00_Af5QIH2PKm-iXKdNrj5qsRtq10GC1PsBVR4H5g_nDx7n4g&oe=6A03977B,ronaldoosijabat,ronaldoosijabat,FALSE,FALSE,0,0
3.89166969171883E+018,https://www.instagram.com/p/DYB_Pc2DhLC/?utm_source=ig_web_copy_link&igsh=MzRlODBiNWFlZA==,1.24798564491601E+016,https://www.instagram.com/p/DYB_Pc2DhLC/?utm_source=ig_web_copy_link&igsh=MzRlODBiNWFlZA==/c/12479856449160050/,astaga aparat klarifikasi kak,1778175858,41,118992947469209,kevin_firmansyah3,Sari Nugroho,https://scontent-iad6-1.cdninstagram.com/v/t51.82787-19/551057952_18479436106074710_8064216012374103146_n.jpg?stp=dst-jpg_s150x150_tt6&_nc_cat=100&ccb=7-5&_nc_sid=f7ccc5&efg=eyJ2ZW5jb2RlX3RhZyI6InByb2ZpbGVfcGljLnd3dy4xMDgwLkMzIn0%3D&_nc_ohc=zisp7lviP2UQ7kNvwGVckTa&_nc_oc=AdrP4WTEinqS-M0c1U5kitNgM9nRMhRgIz15SuIEqB1Icarxkh3GfM2v5jcWXonGHZs&_nc_zt=24&_nc_ht=scontent-iad6-1.cdninstagram.com&_nc_gid=WMI2tPWUAJnlmj3zmmGOgQ&_nc_ss=7d6a8&oh=00_Af6Pt6ofOyMjjmTz8I9Jp51xQ2V05t-WVRaS-M4bmdk-iw&oe=6A039416,kevin_firmansyah3,kevin_firmansyah3,FALSE,FALSE,6,6
3.89166969171883E+018,https://www.instagram.com/p/DYB_Pc2DhLC/?utm_source=ig_web_copy_link&igsh=MzRlODBiNWFlZA==,1.1685640830995E+016,https://www.instagram.com/p/DYB_Pc2DhLC/?utm_source=ig_web_copy_link&igsh=MzRlODBiNWFlZA==/c/11685640830994948/,Template seragam 🤣 wkwk,1778175706,5,850049001580957,kartikaputra2,Rina Wibowo,https://scontent-iad6-1.cdninstagram.com/v/t51.82787-19/551057952_18479436106074710_8064216012374103146_n.jpg?stp=dst-jpg_s150x150_tt6&_nc_cat=100&ccb=7-5&_nc_sid=f7ccc5&efg=eyJ2ZW5jb2RlX3RhZyI6InByb2ZpbGVfcGljLnd3dy4xMDgwLkMzIn0%3D&_nc_ohc=zisp7lviP2UQ7kNvwGVckTa&_nc_oc=AdrP4WTEinqS-M0c1U5kitNgM9nRMhRgIz15SuIEqB1Icarxkh3GfM2v5jcWXonGHZs&_nc_zt=24&_nc_ht=scontent-iad6-1.cdninstagram.com&_nc_gid=WMI2tPWUAJnlmj3zmmGOgQ&_nc_ss=7d6a8&oh=00_Af6Pt6ofOyMjjmTz8I9Jp51xQ2V05t-WVRaS-M4bmdk-iw&oe=6A039416,kartikaputra2,kartikaputra2,FALSE,FALSE,1,1
3.89166969171883E+018,https://www.instagram.com/p/DYB_Pc2DhLC/?utm_source=ig_web_copy_link&igsh=MzRlODBiNWFlZA==,1.70697989535799E+016,https://www.instagram.com/p/DYB_Pc2DhLC/?utm_source=ig_web_copy_link&igsh=MzRlODBiNWFlZA==/c/17069798953579862/,Qodari bilang sumber? waduh,1778200535,3,616049497620841,fajarhandayani5,Fajarhandayani5,https://scontent-iad6-1.cdninstagram.com/v/t51.82787-19/551057952_18479436106074710_8064216012374103146_n.jpg?stp=dst-jpg_s150x150_tt6&_nc_cat=100&ccb=7-5&_nc_sid=f7ccc5&efg=eyJ2ZW5jb2RlX3RhZyI6InByb2ZpbGVfcGljLnd3dy4xMDgwLkMzIn0%3D&_nc_ohc=zisp7lviP2UQ7kNvwGVckTa&_nc_oc=AdrP4WTEinqS-M0c1U5kitNgM9nRMhRgIz15SuIEqB1Icarxkh3GfM2v5jcWXonGHZs&_nc_zt=24&_nc_ht=scontent-iad6-1.cdninstagram.com&_nc_gid=WMI2tPWUAJnlmj3zmmGOgQ&_nc_ss=7d6a8&oh=00_Af6Pt6ofOyMjjmTz8I9Jp51xQ2V05t-WVRaS-M4bmdk-iw&oe=6A039416,fajarhandayani5,fajarhandayani5,FALSE,FALSE,2,2
3.89166969171883E+018,https://www.instagram.com/p/DYB_Pc2DhLC/?utm_source=ig_web_copy_link&igsh=MzRlODBiNWFlZA==,1.83747040211664E+016,https://www.instagram.com/p/DYB_Pc2DhLC/?utm_source=ig_web_copy_link&igsh=MzRlODBiNWFlZA==/c/18374704021166355/,"DAY 1 JADI BUZZERP PRABOWO: KONTEN KLARIFIKASI ""PERNYATAAN SIKAP""",1778163787,75,49133788108,_frugalmen,kahfil,https://scontent-iad3-1.cdninstagram.com/v/t51.89012-19/573323465_1219825463302212_7278921664109726296_n.jpg?stp=dst-jpg_s150x150_tt6&_nc_cat=1&ccb=7-5&_nc_sid=f7ccc5&efg=eyJ2ZW5jb2RlX3RhZyI6InByb2ZpbGVfcGljLnd3dy5DMyJ9&_nc_ohc=Pji814fEPTcQ7kNvwEQfzBU&_nc_oc=AdrbXG0C2zsHFHFt2tWdYZtbrjrVXViuXMoqPhNRKh66FGDq_rXi8c4VHgae9tGS6IE&_nc_zt=24&_nc_ht=scontent-iad3-1.cdninstagram.com&_nc_gid=cVlGf0MZ106mW3dL54x9tA&_nc_ss=7d6a8&oh=00_Af4u8hCSUiJLUe7wpWiYjJiYM_Mw27mE0yq-XzKHMFk_6w&oe=6A0395A2,_frugalmen,_frugalmen,FALSE,FALSE,0,0
3.89166969171883E+018,https://www.instagram.com/p/DYB_Pc2DhLC/?utm_source=ig_web_copy_link&igsh=MzRlODBiNWFlZA==,1.05662013294499E+016,https://www.instagram.com/p/DYB_Pc2DhLC/?utm_source=ig_web_copy_link&igsh=MzRlODBiNWFlZA==/c/10566201329449878/,Emang copy paste? salfok 🔥,1778152612,11,832898527236160,vinaxx,Nina Yulianti,https://scontent-iad6-1.cdninstagram.com/v/t51.82787-19/551057952_18479436106074710_8064216012374103146_n.jpg?stp=dst-jpg_s150x150_tt6&_nc_cat=100&ccb=7-5&_nc_sid=f7ccc5&efg=eyJ2ZW5jb2RlX3RhZyI6InByb2ZpbGVfcGljLnd3dy4xMDgwLkMzIn0%3D&_nc_ohc=zisp7lviP2UQ7kNvwGVckTa&_nc_oc=AdrP4WTEinqS-M0c1U5kitNgM9nRMhRgIz15SuIEqB1Icarxkh3GfM2v5jcWXonGHZs&_nc_zt=24&_nc_ht=scontent-iad6-1.cdninstagram.com&_nc_gid=WMI2tPWUAJnlmj3zmmGOgQ&_nc_ss=7d6a8&oh=00_Af6Pt6ofOyMjjmTz8I9Jp51xQ2V05t-WVRaS-M4bmdk-iw&oe=6A039416,vinaxx,vinaxx,FALSE,FALSE,6,6
3.89166969171883E+018,https://www.instagram.com/p/DYB_Pc2DhLC/?utm_source=ig_web_copy_link&igsh=MzRlODBiNWFlZA==,1.26988961879725E+016,https://www.instagram.com/p/DYB_Pc2DhLC/?utm_source=ig_web_copy_link&igsh=MzRlODBiNWFlZA==/c/12698896187972457/,🗿 aparat panik bro,1778189416,24,535882826380152,agung150,Cahya Utami,https://scontent-iad6-1.cdninstagram.com/v/t51.82787-19/551057952_18479436106074710_8064216012374103146_n.jpg?stp=dst-jpg_s150x150_tt6&_nc_cat=100&ccb=7-5&_nc_sid=f7ccc5&efg=eyJ2ZW5jb2RlX3RhZyI6InByb2ZpbGVfcGljLnd3dy4xMDgwLkMzIn0%3D&_nc_ohc=zisp7lviP2UQ7kNvwGVckTa&_nc_oc=AdrP4WTEinqS-M0c1U5kitNgM9nRMhRgIz15SuIEqB1Icarxkh3GfM2v5jcWXonGHZs&_nc_zt=24&_nc_ht=scontent-iad6-1.cdninstagram.com&_nc_gid=WMI2tPWUAJnlmj3zmmGOgQ&_nc_ss=7d6a8&oh=00_Af6Pt6ofOyMjjmTz8I9Jp51xQ2V05t-WVRaS-M4bmdk-iw&oe=6A039416,agung150,agung150,FALSE,FALSE,1,1
3.89166969171883E+018,https://www.instagram.com/p/DYB_Pc2DhLC/?utm_source=ig_web_copy_link&igsh=MzRlODBiNWFlZA==,1.7877991557596E+016,https://www.instagram.com/p/DYB_Pc2DhLC/?utm_source=ig_web_copy_link&igsh=MzRlODBiNWFlZA==/c/17877991557596000/,Komen yg dibales pada hilang cuyy🔥👏,1778145557,385,4169677923,hykall_cee,Haykal هيكل,https://scontent-iad3-1.cdninstagram.com/v/t51.89012-19/573323465_1219825463302212_7278921664109726296_n.jpg?stp=dst-jpg_s150x150_tt6&_nc_cat=1&ccb=7-5&_nc_sid=f7ccc5&efg=eyJ2ZW5jb2RlX3RhZyI6InByb2ZpbGVfcGljLnd3dy5DMyJ9&_nc_ohc=Pji814fEPTcQ7kNvwEQfzBU&_nc_oc=AdrbXG0C2zsHFHFt2tWdYZtbrjrVXViuXMoqPhNRKh66FGDq_rXi8c4VHgae9tGS6IE&_nc_zt=24&_nc_ht=scontent-iad3-1.cdninstagram.com&_nc_gid=YVzTi_7OXT0eF77y3gncMg&_nc_ss=7d6a8&oh=00_Af4YGLOTbZOUjXjMd97t_DLCTQT3c_zb2nfZz06_udAsHg&oe=6A0395A2,hykall_cee,hykall_cee,FALSE,FALSE,3,3
3.89166969171883E+018,https://www.instagram.com/p/DYB_Pc2DhLC/?utm_source=ig_web_copy_link&igsh=MzRlODBiNWFlZA==,1.8081224771147E+016,https://www.instagram.com/p/DYB_Pc2DhLC/?utm_source=ig_web_copy_link&igsh=MzRlODBiNWFlZA==/c/18081224771147011/,"Semua media klarifikasi gini wkwkwk, Mau ditaro dimana muka Qodari 😂😂😂",1778143317,5293,4202983922,ajaypardian,Ajay P Ardian,https://scontent-iad6-1.cdninstagram.com/v/t51.82787-19/659077070_18435860734143923_8927840907919203013_n.jpg?stp=dst-jpg_s150x150_tt6&_nc_cat=106&ccb=7-5&_nc_sid=f7ccc5&efg=eyJ2ZW5jb2RlX3RhZyI6InByb2ZpbGVfcGljLnd3dy4xMDgwLkMzIn0%3D&_nc_ohc=f-LHENCFsLkQ7kNvwG-405W&_nc_oc=AdqsIVnDgQS4ezNIN0Ow_ZpCEDthcA0oN6JPjz48HsuKTOg1wzMULD_epmyR3k0JZtw&_nc_zt=24&_nc_ht=scontent-iad6-1.cdninstagram.com&_nc_gid=WMI2tPWUAJnlmj3zmmGOgQ&_nc_ss=7d6a8&oh=00_Af6fGSu_IC9PONpQx5NcP3EkJzbAsqQAKY5hR7oRWXs88w&oe=6A03B887,ajaypardian,ajaypardian,FALSE,FALSE,42,42
3.89166969171883E+018,https://www.instagram.com/p/DYB_Pc2DhLC/?utm_source=ig_web_copy_link&igsh=MzRlODBiNWFlZA==,1.77241758608038E+016,https://www.instagram.com/p/DYB_Pc2DhLC/?utm_source=ig_web_copy_link&igsh=MzRlODBiNWFlZA==/c/17724175860803757/,💀 istana copy paste min gila,1778185699,67,839720998901889,indah274,Nina Saputra,https://scontent-iad6-1.cdninstagram.com/v/t51.82787-19/551057952_18479436106074710_8064216012374103146_n.jpg?stp=dst-jpg_s150x150_tt6&_nc_cat=100&ccb=7-5&_nc_sid=f7ccc5&efg=eyJ2ZW5jb2RlX3RhZyI6InByb2ZpbGVfcGljLnd3dy4xMDgwLkMzIn0%3D&_nc_ohc=zisp7lviP2UQ7kNvwGVckTa&_nc_oc=AdrP4WTEinqS-M0c1U5kitNgM9nRMhRgIz15SuIEqB1Icarxkh3GfM2v5jcWXonGHZs&_nc_zt=24&_nc_ht=scontent-iad6-1.cdninstagram.com&_nc_gid=WMI2tPWUAJnlmj3zmmGOgQ&_nc_ss=7d6a8&oh=00_Af6Pt6ofOyMjjmTz8I9Jp51xQ2V05t-WVRaS-M4bmdk-iw&oe=6A039416,indah274,indah274,FALSE,FALSE,5,5
3.89166969171883E+018,https://www.instagram.com/p/DYB_Pc2DhLC/?utm_source=ig_web_copy_link&igsh=MzRlODBiNWFlZA==,1.87510472345471E+016,https://www.instagram.com/p/DYB_Pc2DhLC/?utm_source=ig_web_copy_link&igsh=MzRlODBiNWFlZA==/c/18751047234547135/,@folkative serius nih klarifikasi swasembada,1778161332,23,123144393556881,bukanqori3,Intan Yulianti,https://scontent-iad6-1.cdninstagram.com/v/t51.82787-19/551057952_18479436106074710_8064216012374103146_n.jpg?stp=dst-jpg_s150x150_tt6&_nc_cat=100&ccb=7-5&_nc_sid=f7ccc5&efg=eyJ2ZW5jb2RlX3RhZyI6InByb2ZpbGVfcGljLnd3dy4xMDgwLkMzIn0%3D&_nc_ohc=zisp7lviP2UQ7kNvwGVckTa&_nc_oc=AdrP4WTEinqS-M0c1U5kitNgM9nRMhRgIz15SuIEqB1Icarxkh3GfM2v5jcWXonGHZs&_nc_zt=24&_nc_ht=scontent-iad6-1.cdninstagram.com&_nc_gid=WMI2tPWUAJnlmj3zmmGOgQ&_nc_ss=7d6a8&oh=00_Af6Pt6ofOyMjjmTz8I9Jp51xQ2V05t-WVRaS-M4bmdk-iw&oe=6A039416,bukanqori3,bukanqori3,FALSE,FALSE,3,3
3.89166969171883E+018,https://www.instagram.com/p/DYB_Pc2DhLC/?utm_source=ig_web_copy_link&igsh=MzRlODBiNWFlZA==,1.81348564545545E+016,https://www.instagram.com/p/DYB_Pc2DhLC/?utm_source=ig_web_copy_link&igsh=MzRlODBiNWFlZA==/c/18134856454554471/,kasus BNI kemarin ngilang min hehe,1778147250,1,3048154504,dimer777_,Dimas Erlangga,https://scontent-iad6-1.cdninstagram.com/v/t51.82787-19/589122216_18438322915098505_9196618546478250383_n.jpg?stp=dst-jpg_s150x150_tt6&_nc_cat=109&ccb=7-5&_nc_sid=f7ccc5&efg=eyJ2ZW5jb2RlX3RhZyI6InByb2ZpbGVfcGljLnd3dy4xMDgwLkMzIn0%3D&_nc_ohc=pA3XwpjjpjQQ7kNvwFS9QEH&_nc_oc=Adq3rCBOHbDB4zDUwcdCGWD0dIaFFrtvuLEirz-5U6PczcsTRfkxagdVwE2q8xieoEQ&_nc_zt=24&_nc_ht=scontent-iad6-1.cdninstagram.com&_nc_gid=cVlGf0MZ106mW3dL54x9tA&_nc_ss=7d6a8&oh=00_Af7CKgo0_J7awXlaLnzaSoX9ktM8fqq4V47VwzewjeS1fQ&oe=6A038534,dimer777_,dimer777_,FALSE,FALSE,0,0
3.89166969171883E+018,https://www.instagram.com/p/DYB_Pc2DhLC/?utm_source=ig_web_copy_link&igsh=MzRlODBiNWFlZA==,1.70545393190414E+016,https://www.instagram.com/p/DYB_Pc2DhLC/?utm_source=ig_web_copy_link&igsh=MzRlODBiNWFlZA==/c/17054539319041389/,hahaha briefing nih qodari,1778180092,59,1007067830215564,bukanwawan321,Fajar Wahyuni,https://scontent-iad6-1.cdninstagram.com/v/t51.82787-19/551057952_18479436106074710_8064216012374103146_n.jpg?stp=dst-jpg_s150x150_tt6&_nc_cat=100&ccb=7-5&_nc_sid=f7ccc5&efg=eyJ2ZW5jb2RlX3RhZyI6InByb2ZpbGVfcGljLnd3dy4xMDgwLkMzIn0%3D&_nc_ohc=zisp7lviP2UQ7kNvwGVckTa&_nc_oc=AdrP4WTEinqS-M0c1U5kitNgM9nRMhRgIz15SuIEqB1Icarxkh3GfM2v5jcWXonGHZs&_nc_zt=24&_nc_ht=scontent-iad6-1.cdninstagram.com&_nc_gid=WMI2tPWUAJnlmj3zmmGOgQ&_nc_ss=7d6a8&oh=00_Af6Pt6ofOyMjjmTz8I9Jp51xQ2V05t-WVRaS-M4bmdk-iw&oe=6A039416,bukanwawan321,bukanwawan321,FALSE,FALSE,8,8
3.89166969171883E+018,https://www.instagram.com/p/DYB_Pc2DhLC/?utm_source=ig_web_copy_link&igsh=MzRlODBiNWFlZA==,1.34241773762756E+016,https://www.instagram.com/p/DYB_Pc2DhLC/?utm_source=ig_web_copy_link&igsh=MzRlODBiNWFlZA==/c/13424177376275603/,Ga jadi unfollow liat buzzer serius? 🗿,1778215400,43,168276630063894,oscar7,Oscar7,https://scontent-iad6-1.cdninstagram.com/v/t51.82787-19/551057952_18479436106074710_8064216012374103146_n.jpg?stp=dst-jpg_s150x150_tt6&_nc_cat=100&ccb=7-5&_nc_sid=f7ccc5&efg=eyJ2ZW5jb2RlX3RhZyI6InByb2ZpbGVfcGljLnd3dy4xMDgwLkMzIn0%3D&_nc_ohc=zisp7lviP2UQ7kNvwGVckTa&_nc_oc=AdrP4WTEinqS-M0c1U5kitNgM9nRMhRgIz15SuIEqB1Icarxkh3GfM2v5jcWXonGHZs&_nc_zt=24&_nc_ht=scontent-iad6-1.cdninstagram.com&_nc_gid=WMI2tPWUAJnlmj3zmmGOgQ&_nc_ss=7d6a8&oh=00_Af6Pt6ofOyMjjmTz8I9Jp51xQ2V05t-WVRaS-M4bmdk-iw&oe=6A039416,oscar7,oscar7,FALSE,FALSE,6,6
3.89166969171883E+018,https://www.instagram.com/p/DYB_Pc2DhLC/?utm_source=ig_web_copy_link&igsh=MzRlODBiNWFlZA==,1.20910247774659E+016,https://www.instagram.com/p/DYB_Pc2DhLC/?utm_source=ig_web_copy_link&igsh=MzRlODBiNWFlZA==/c/12091024777465885/,Seharusnya makan bergizi beneran? waduh,1778149746,373,711066273154321,bukanhendra6,Bukanhendra6,https://scontent-iad6-1.cdninstagram.com/v/t51.82787-19/551057952_18479436106074710_8064216012374103146_n.jpg?stp=dst-jpg_s150x150_tt6&_nc_cat=100&ccb=7-5&_nc_sid=f7ccc5&efg=eyJ2ZW5jb2RlX3RhZyI6InByb2ZpbGVfcGljLnd3dy4xMDgwLkMzIn0%3D&_nc_ohc=zisp7lviP2UQ7kNvwGVckTa&_nc_oc=AdrP4WTEinqS-M0c1U5kitNgM9nRMhRgIz15SuIEqB1Icarxkh3GfM2v5jcWXonGHZs&_nc_zt=24&_nc_ht=scontent-iad6-1.cdninstagram.com&_nc_gid=WMI2tPWUAJnlmj3zmmGOgQ&_nc_ss=7d6a8&oh=00_Af6Pt6ofOyMjjmTz8I9Jp51xQ2V05t-WVRaS-M4bmdk-iw&oe=6A039416,bukanhendra6,bukanhendra6,FALSE,FALSE,7,7
3.89166969171883E+018,https://www.instagram.com/p/DYB_Pc2DhLC/?utm_source=ig_web_copy_link&igsh=MzRlODBiNWFlZA==,1.99823462040582E+016,https://www.instagram.com/p/DYB_Pc2DhLC/?utm_source=ig_web_copy_link&igsh=MzRlODBiNWFlZA==/c/19982346204058153/,Sadar liat buzzer wkwk,1778152467,320,804175972460072,bukandewi123,Xena Mulyadi,https://scontent-iad6-1.cdninstagram.com/v/t51.82787-19/551057952_18479436106074710_8064216012374103146_n.jpg?stp=dst-jpg_s150x150_tt6&_nc_cat=100&ccb=7-5&_nc_sid=f7ccc5&efg=eyJ2ZW5jb2RlX3RhZyI6InByb2ZpbGVfcGljLnd3dy4xMDgwLkMzIn0%3D&_nc_ohc=zisp7lviP2UQ7kNvwGVckTa&_nc_oc=AdrP4WTEinqS-M0c1U5kitNgM9nRMhRgIz15SuIEqB1Icarxkh3GfM2v5jcWXonGHZs&_nc_zt=24&_nc_ht=scontent-iad6-1.cdninstagram.com&_nc_gid=WMI2tPWUAJnlmj3zmmGOgQ&_nc_ss=7d6a8&oh=00_Af6Pt6ofOyMjjmTz8I9Jp51xQ2V05t-WVRaS-M4bmdk-iw&oe=6A039416,bukandewi123,bukandewi123,FALSE,FALSE,18,18
3.89166969171883E+018,https://www.instagram.com/p/DYB_Pc2DhLC/?utm_source=ig_web_copy_link&igsh=MzRlODBiNWFlZA==,1.60865219586083E+016,https://www.instagram.com/p/DYB_Pc2DhLC/?utm_source=ig_web_copy_link&igsh=MzRlODBiNWFlZA==/c/16086521958608304/,Padahal skandal kok ga 🤣,1778193116,358,1029805827074139,maya12,Maya12,https://scontent-iad6-1.cdninstagram.com/v/t51.82787-19/551057952_18479436106074710_8064216012374103146_n.jpg?stp=dst-jpg_s150x150_tt6&_nc_cat=100&ccb=7-5&_nc_sid=f7ccc5&efg=eyJ2ZW5jb2RlX3RhZyI6InByb2ZpbGVfcGljLnd3dy4xMDgwLkMzIn0%3D&_nc_ohc=zisp7lviP2UQ7kNvwGVckTa&_nc_oc=AdrP4WTEinqS-M0c1U5kitNgM9nRMhRgIz15SuIEqB1Icarxkh3GfM2v5jcWXonGHZs&_nc_zt=24&_nc_ht=scontent-iad6-1.cdninstagram.com&_nc_gid=WMI2tPWUAJnlmj3zmmGOgQ&_nc_ss=7d6a8&oh=00_Af6Pt6ofOyMjjmTz8I9Jp51xQ2V05t-WVRaS-M4bmdk-iw&oe=6A039416,maya12,maya12,FALSE,FALSE,1,1
3.89166969171883E+018,https://www.instagram.com/p/DYB_Pc2DhLC/?utm_source=ig_web_copy_link&igsh=MzRlODBiNWFlZA==,1.10545472014616E+016,https://www.instagram.com/p/DYB_Pc2DhLC/?utm_source=ig_web_copy_link&igsh=MzRlODBiNWFlZA==/c/11054547201461591/,Template mirip 😂 🤣,1778159321,44,453416749682304,nanda12,Joko Purnomo,https://scontent-iad6-1.cdninstagram.com/v/t51.82787-19/551057952_18479436106074710_8064216012374103146_n.jpg?stp=dst-jpg_s150x150_tt6&_nc_cat=100&ccb=7-5&_nc_sid=f7ccc5&efg=eyJ2ZW5jb2RlX3RhZyI6InByb2ZpbGVfcGljLnd3dy4xMDgwLkMzIn0%3D&_nc_ohc=zisp7lviP2UQ7kNvwGVckTa&_nc_oc=AdrP4WTEinqS-M0c1U5kitNgM9nRMhRgIz15SuIEqB1Icarxkh3GfM2v5jcWXonGHZs&_nc_zt=24&_nc_ht=scontent-iad6-1.cdninstagram.com&_nc_gid=WMI2tPWUAJnlmj3zmmGOgQ&_nc_ss=7d6a8&oh=00_Af6Pt6ofOyMjjmTz8I9Jp51xQ2V05t-WVRaS-M4bmdk-iw&oe=6A039416,nanda12,nanda12,FALSE,FALSE,2,2
3.89166969171883E+018,https://www.instagram.com/p/DYB_Pc2DhLC/?utm_source=ig_web_copy_link&igsh=MzRlODBiNWFlZA==,1.40847290756008E+016,https://www.instagram.com/p/DYB_Pc2DhLC/?utm_source=ig_web_copy_link&igsh=MzRlODBiNWFlZA==/c/14084729075600824/,BNI kasus sumber? astaga,1778212082,287,985641174245237,agung535,Tono Santoso,https://scontent-iad6-1.cdninstagram.com/v/t51.82787-19/551057952_18479436106074710_8064216012374103146_n.jpg?stp=dst-jpg_s150x150_tt6&_nc_cat=100&ccb=7-5&_nc_sid=f7ccc5&efg=eyJ2ZW5jb2RlX3RhZyI6InByb2ZpbGVfcGljLnd3dy4xMDgwLkMzIn0%3D&_nc_ohc=zisp7lviP2UQ7kNvwGVckTa&_nc_oc=AdrP4WTEinqS-M0c1U5kitNgM9nRMhRgIz15SuIEqB1Icarxkh3GfM2v5jcWXonGHZs&_nc_zt=24&_nc_ht=scontent-iad6-1.cdninstagram.com&_nc_gid=WMI2tPWUAJnlmj3zmmGOgQ&_nc_ss=7d6a8&oh=00_Af6Pt6ofOyMjjmTz8I9Jp51xQ2V05t-WVRaS-M4bmdk-iw&oe=6A039416,agung535,agung535,FALSE,FALSE,1,1
3.89166969171883E+018,https://www.instagram.com/p/DYB_Pc2DhLC/?utm_source=ig_web_copy_link&igsh=MzRlODBiNWFlZA==,1.87849139522138E+016,https://www.instagram.com/p/DYB_Pc2DhLC/?utm_source=ig_web_copy_link&igsh=MzRlODBiNWFlZA==/c/18784913952213802/,@folkative tolong dong template kasus,1778207160,314,362679786637343,farhandong8,Farhandong8,https://scontent-iad6-1.cdninstagram.com/v/t51.82787-19/551057952_18479436106074710_8064216012374103146_n.jpg?stp=dst-jpg_s150x150_tt6&_nc_cat=100&ccb=7-5&_nc_sid=f7ccc5&efg=eyJ2ZW5jb2RlX3RhZyI6InByb2ZpbGVfcGljLnd3dy4xMDgwLkMzIn0%3D&_nc_ohc=zisp7lviP2UQ7kNvwGVckTa&_nc_oc=AdrP4WTEinqS-M0c1U5kitNgM9nRMhRgIz15SuIEqB1Icarxkh3GfM2v5jcWXonGHZs&_nc_zt=24&_nc_ht=scontent-iad6-1.cdninstagram.com&_nc_gid=WMI2tPWUAJnlmj3zmmGOgQ&_nc_ss=7d6a8&oh=00_Af6Pt6ofOyMjjmTz8I9Jp51xQ2V05t-WVRaS-M4bmdk-iw&oe=6A039416,farhandong8,farhandong8,FALSE,FALSE,18,18
3.89166969171883E+018,https://www.instagram.com/p/DYB_Pc2DhLC/?utm_source=ig_web_copy_link&igsh=MzRlODBiNWFlZA==,1.76132753336322E+016,https://www.instagram.com/p/DYB_Pc2DhLC/?utm_source=ig_web_copy_link&igsh=MzRlODBiNWFlZA==/c/17613275333632203/,Template copas 🔥 😂,1778190555,7,894514388706580,bukandewi10,Bukandewi10,https://scontent-iad6-1.cdninstagram.com/v/t51.82787-19/551057952_18479436106074710_8064216012374103146_n.jpg?stp=dst-jpg_s150x150_tt6&_nc_cat=100&ccb=7-5&_nc_sid=f7ccc5&efg=eyJ2ZW5jb2RlX3RhZyI6InByb2ZpbGVfcGljLnd3dy4xMDgwLkMzIn0%3D&_nc_ohc=zisp7lviP2UQ7kNvwGVckTa&_nc_oc=AdrP4WTEinqS-M0c1U5kitNgM9nRMhRgIz15SuIEqB1Icarxkh3GfM2v5jcWXonGHZs&_nc_zt=24&_nc_ht=scontent-iad6-1.cdninstagram.com&_nc_gid=WMI2tPWUAJnlmj3zmmGOgQ&_nc_ss=7d6a8&oh=00_Af6Pt6ofOyMjjmTz8I9Jp51xQ2V05t-WVRaS-M4bmdk-iw&oe=6A039416,bukandewi10,bukandewi10,FALSE,FALSE,0,0
3.89166969171883E+018,https://www.instagram.com/p/DYB_Pc2DhLC/?utm_source=ig_web_copy_link&igsh=MzRlODBiNWFlZA==,1.52646041442899E+016,https://www.instagram.com/p/DYB_Pc2DhLC/?utm_source=ig_web_copy_link&igsh=MzRlODBiNWFlZA==/c/15264604144289913/,🤣 aparat klarifikasi min astaga,1778199305,386,650868205256014,intan_mahendra99,Intan_mahendra99,https://scontent-iad6-1.cdninstagram.com/v/t51.82787-19/551057952_18479436106074710_8064216012374103146_n.jpg?stp=dst-jpg_s150x150_tt6&_nc_cat=100&ccb=7-5&_nc_sid=f7ccc5&efg=eyJ2ZW5jb2RlX3RhZyI6InByb2ZpbGVfcGljLnd3dy4xMDgwLkMzIn0%3D&_nc_ohc=zisp7lviP2UQ7kNvwGVckTa&_nc_oc=AdrP4WTEinqS-M0c1U5kitNgM9nRMhRgIz15SuIEqB1Icarxkh3GfM2v5jcWXonGHZs&_nc_zt=24&_nc_ht=scontent-iad6-1.cdninstagram.com&_nc_gid=WMI2tPWUAJnlmj3zmmGOgQ&_nc_ss=7d6a8&oh=00_Af6Pt6ofOyMjjmTz8I9Jp51xQ2V05t-WVRaS-M4bmdk-iw&oe=6A039416,intan_mahendra99,intan_mahendra99,FALSE,FALSE,10,10
3.89166969171883E+018,https://www.instagram.com/p/DYB_Pc2DhLC/?utm_source=ig_web_copy_link&igsh=MzRlODBiNWFlZA==,1.39442401579249E+016,https://www.instagram.com/p/DYB_Pc2DhLC/?utm_source=ig_web_copy_link&igsh=MzRlODBiNWFlZA==/c/13944240157924926/,Setuju liat istana masa sih,1778174569,15,476368667940954,farhanfirmansyah321,Farhanfirmansyah321,https://scontent-iad6-1.cdninstagram.com/v/t51.82787-19/551057952_18479436106074710_8064216012374103146_n.jpg?stp=dst-jpg_s150x150_tt6&_nc_cat=100&ccb=7-5&_nc_sid=f7ccc5&efg=eyJ2ZW5jb2RlX3RhZyI6InByb2ZpbGVfcGljLnd3dy4xMDgwLkMzIn0%3D&_nc_ohc=zisp7lviP2UQ7kNvwGVckTa&_nc_oc=AdrP4WTEinqS-M0c1U5kitNgM9nRMhRgIz15SuIEqB1Icarxkh3GfM2v5jcWXonGHZs&_nc_zt=24&_nc_ht=scontent-iad6-1.cdninstagram.com&_nc_gid=WMI2tPWUAJnlmj3zmmGOgQ&_nc_ss=7d6a8&oh=00_Af6Pt6ofOyMjjmTz8I9Jp51xQ2V05t-WVRaS-M4bmdk-iw&oe=6A039416,farhanfirmansyah321,farhanfirmansyah321,FALSE,FALSE,5,5
3.89166969171883E+018,https://www.instagram.com/p/DYB_Pc2DhLC/?utm_source=ig_web_copy_link&igsh=MzRlODBiNWFlZA==,1.22767974657033E+016,https://www.instagram.com/p/DYB_Pc2DhLC/?utm_source=ig_web_copy_link&igsh=MzRlODBiNWFlZA==/c/12276797465703311/,🔥 arahan dong istana serius?,1778217981,20,1022226821647572,kevinsis1,Gita Hakim,https://scontent-iad6-1.cdninstagram.com/v/t51.82787-19/551057952_18479436106074710_8064216012374103146_n.jpg?stp=dst-jpg_s150x150_tt6&_nc_cat=100&ccb=7-5&_nc_sid=f7ccc5&efg=eyJ2ZW5jb2RlX3RhZyI6InByb2ZpbGVfcGljLnd3dy4xMDgwLkMzIn0%3D&_nc_ohc=zisp7lviP2UQ7kNvwGVckTa&_nc_oc=AdrP4WTEinqS-M0c1U5kitNgM9nRMhRgIz15SuIEqB1Icarxkh3GfM2v5jcWXonGHZs&_nc_zt=24&_nc_ht=scontent-iad6-1.cdninstagram.com&_nc_gid=WMI2tPWUAJnlmj3zmmGOgQ&_nc_ss=7d6a8&oh=00_Af6Pt6ofOyMjjmTz8I9Jp51xQ2V05t-WVRaS-M4bmdk-iw&oe=6A039416,kevinsis1,kevinsis1,FALSE,FALSE,5,5
3.89166969171883E+018,https://www.instagram.com/p/DYB_Pc2DhLC/?utm_source=ig_web_copy_link&igsh=MzRlODBiNWFlZA==,1.25650264626225E+016,https://www.instagram.com/p/DYB_Pc2DhLC/?utm_source=ig_web_copy_link&igsh=MzRlODBiNWFlZA==/c/12565026462622499/,Seharusnya qodari beneran? 🤣,1778170727,29,310835851037635,si_vina5,Qori Wahyuni,https://scontent-iad6-1.cdninstagram.com/v/t51.82787-19/551057952_18479436106074710_8064216012374103146_n.jpg?stp=dst-jpg_s150x150_tt6&_nc_cat=100&ccb=7-5&_nc_sid=f7ccc5&efg=eyJ2ZW5jb2RlX3RhZyI6InByb2ZpbGVfcGljLnd3dy4xMDgwLkMzIn0%3D&_nc_ohc=zisp7lviP2UQ7kNvwGVckTa&_nc_oc=AdrP4WTEinqS-M0c1U5kitNgM9nRMhRgIz15SuIEqB1Icarxkh3GfM2v5jcWXonGHZs&_nc_zt=24&_nc_ht=scontent-iad6-1.cdninstagram.com&_nc_gid=WMI2tPWUAJnlmj3zmmGOgQ&_nc_ss=7d6a8&oh=00_Af6Pt6ofOyMjjmTz8I9Jp51xQ2V05t-WVRaS-M4bmdk-iw&oe=6A039416,si_vina5,si_vina5,FALSE,FALSE,1,1
3.89166969171883E+018,https://www.instagram.com/p/DYB_Pc2DhLC/?utm_source=ig_web_copy_link&igsh=MzRlODBiNWFlZA==,1.00130866306381E+016,https://www.instagram.com/p/DYB_Pc2DhLC/?utm_source=ig_web_copy_link&igsh=MzRlODBiNWFlZA==/c/10013086630638069/,BNI kasus sumber? waduh 😂,1778209538,28,618338124158060,agung_yulianti3,Agung_yulianti3,https://scontent-iad6-1.cdninstagram.com/v/t51.82787-19/551057952_18479436106074710_8064216012374103146_n.jpg?stp=dst-jpg_s150x150_tt6&_nc_cat=100&ccb=7-5&_nc_sid=f7ccc5&efg=eyJ2ZW5jb2RlX3RhZyI6InByb2ZpbGVfcGljLnd3dy4xMDgwLkMzIn0%3D&_nc_ohc=zisp7lviP2UQ7kNvwGVckTa&_nc_oc=AdrP4WTEinqS-M0c1U5kitNgM9nRMhRgIz15SuIEqB1Icarxkh3GfM2v5jcWXonGHZs&_nc_zt=24&_nc_ht=scontent-iad6-1.cdninstagram.com&_nc_gid=WMI2tPWUAJnlmj3zmmGOgQ&_nc_ss=7d6a8&oh=00_Af6Pt6ofOyMjjmTz8I9Jp51xQ2V05t-WVRaS-M4bmdk-iw&oe=6A039416,agung_yulianti3,agung_yulianti3,FALSE,FALSE,1,1
3.89166969171883E+018,https://www.instagram.com/p/DYB_Pc2DhLC/?utm_source=ig_web_copy_link&igsh=MzRlODBiNWFlZA==,1.84187086857905E+016,https://www.instagram.com/p/DYB_Pc2DhLC/?utm_source=ig_web_copy_link&igsh=MzRlODBiNWFlZA==/c/18418708685790516/,wkwk panik ya plat merah,1778232026,1142,805569343646945,bukansari77,Sari Putra,https://scontent-iad6-1.cdninstagram.com/v/t51.82787-19/551057952_18479436106074710_8064216012374103146_n.jpg?stp=dst-jpg_s150x150_tt6&_nc_cat=100&ccb=7-5&_nc_sid=f7ccc5&efg=eyJ2ZW5jb2RlX3RhZyI6InByb2ZpbGVfcGljLnd3dy4xMDgwLkMzIn0%3D&_nc_ohc=zisp7lviP2UQ7kNvwGVckTa&_nc_oc=AdrP4WTEinqS-M0c1U5kitNgM9nRMhRgIz15SuIEqB1Icarxkh3GfM2v5jcWXonGHZs&_nc_zt=24&_nc_ht=scontent-iad6-1.cdninstagram.com&_nc_gid=WMI2tPWUAJnlmj3zmmGOgQ&_nc_ss=7d6a8&oh=00_Af6Pt6ofOyMjjmTz8I9Jp51xQ2V05t-WVRaS-M4bmdk-iw&oe=6A039416,bukansari77,bukansari77,FALSE,FALSE,19,19
3.89166969171883E+018,https://www.instagram.com/p/DYB_Pc2DhLC/?utm_source=ig_web_copy_link&igsh=MzRlODBiNWFlZA==,1.98217186544542E+016,https://www.instagram.com/p/DYB_Pc2DhLC/?utm_source=ig_web_copy_link&igsh=MzRlODBiNWFlZA==/c/19821718654454214/,Kemarin swasembada kok ga 🙌,1778170647,410,235578701188115,sariyulianti4,Bella Anggraini,https://scontent-iad6-1.cdninstagram.com/v/t51.82787-19/551057952_18479436106074710_8064216012374103146_n.jpg?stp=dst-jpg_s150x150_tt6&_nc_cat=100&ccb=7-5&_nc_sid=f7ccc5&efg=eyJ2ZW5jb2RlX3RhZyI6InByb2ZpbGVfcGljLnd3dy4xMDgwLkMzIn0%3D&_nc_ohc=zisp7lviP2UQ7kNvwGVckTa&_nc_oc=AdrP4WTEinqS-M0c1U5kitNgM9nRMhRgIz15SuIEqB1Icarxkh3GfM2v5jcWXonGHZs&_nc_zt=24&_nc_ht=scontent-iad6-1.cdninstagram.com&_nc_gid=WMI2tPWUAJnlmj3zmmGOgQ&_nc_ss=7d6a8&oh=00_Af6Pt6ofOyMjjmTz8I9Jp51xQ2V05t-WVRaS-M4bmdk-iw&oe=6A039416,sariyulianti4,sariyulianti4,FALSE,FALSE,10,10
3.89166969171883E+018,https://www.instagram.com/p/DYB_Pc2DhLC/?utm_source=ig_web_copy_link&igsh=MzRlODBiNWFlZA==,1.81147205148281E+016,https://www.instagram.com/p/DYB_Pc2DhLC/?utm_source=ig_web_copy_link&igsh=MzRlODBiNWFlZA==/c/18114720514828133/,spik aja media sampis,1778147767,1,4745536816,sildaf88,Fadli Syauqi,https://scontent-iad3-2.cdninstagram.com/v/t51.2885-19/345121077_3046693868971271_8001614704148166004_n.jpg?stp=dst-jpg_s150x150_tt6&_nc_cat=105&ccb=7-5&_nc_sid=f7ccc5&efg=eyJ2ZW5jb2RlX3RhZyI6InByb2ZpbGVfcGljLnd3dy45ODAuQzMifQ%3D%3D&_nc_ohc=smy9QEmKFTkQ7kNvwG0k30L&_nc_oc=AdqwCjHv32hRRr77Qyy9_Av887MrIUAf6W1Se8N_vBVr3LjohhFEBnu5NcoLVdVhJO8&_nc_zt=24&_nc_ht=scontent-iad3-2.cdninstagram.com&_nc_ss=7d6a8&oh=00_Af4emAetcIPMrhWBdH9-_TcU1wv4MzDYjzaZ0JroY9ZOVw&oe=6A03A418,sildaf88,sildaf88,FALSE,FALSE,0,0
3.89166969171883E+018,https://www.instagram.com/p/DYB_Pc2DhLC/?utm_source=ig_web_copy_link&igsh=MzRlODBiNWFlZA==,1.47855852373922E+016,https://www.instagram.com/p/DYB_Pc2DhLC/?utm_source=ig_web_copy_link&igsh=MzRlODBiNWFlZA==/c/14785585237392202/,Berarti klarifikasi? 💀 🗿,1778211712,446,683243007154862,umar.gunawan12,Kartika Santoso,https://scontent-iad6-1.cdninstagram.com/v/t51.82787-19/551057952_18479436106074710_8064216012374103146_n.jpg?stp=dst-jpg_s150x150_tt6&_nc_cat=100&ccb=7-5&_nc_sid=f7ccc5&efg=eyJ2ZW5jb2RlX3RhZyI6InByb2ZpbGVfcGljLnd3dy4xMDgwLkMzIn0%3D&_nc_ohc=zisp7lviP2UQ7kNvwGVckTa&_nc_oc=AdrP4WTEinqS-M0c1U5kitNgM9nRMhRgIz15SuIEqB1Icarxkh3GfM2v5jcWXonGHZs&_nc_zt=24&_nc_ht=scontent-iad6-1.cdninstagram.com&_nc_gid=WMI2tPWUAJnlmj3zmmGOgQ&_nc_ss=7d6a8&oh=00_Af6Pt6ofOyMjjmTz8I9Jp51xQ2V05t-WVRaS-M4bmdk-iw&oe=6A039416,umar.gunawan12,umar.gunawan12,FALSE,FALSE,18,18
3.89166969171883E+018,https://www.instagram.com/p/DYB_Pc2DhLC/?utm_source=ig_web_copy_link&igsh=MzRlODBiNWFlZA==,1.8944890673469E+016,https://www.instagram.com/p/DYB_Pc2DhLC/?utm_source=ig_web_copy_link&igsh=MzRlODBiNWFlZA==/c/18944890673469027/,Setuju liat aparat salfok 🔥,1778182372,38,414220210730326,bukangendis7,Bukangendis7,https://scontent-iad6-1.cdninstagram.com/v/t51.82787-19/551057952_18479436106074710_8064216012374103146_n.jpg?stp=dst-jpg_s150x150_tt6&_nc_cat=100&ccb=7-5&_nc_sid=f7ccc5&efg=eyJ2ZW5jb2RlX3RhZyI6InByb2ZpbGVfcGljLnd3dy4xMDgwLkMzIn0%3D&_nc_ohc=zisp7lviP2UQ7kNvwGVckTa&_nc_oc=AdrP4WTEinqS-M0c1U5kitNgM9nRMhRgIz15SuIEqB1Icarxkh3GfM2v5jcWXonGHZs&_nc_zt=24&_nc_ht=scontent-iad6-1.cdninstagram.com&_nc_gid=WMI2tPWUAJnlmj3zmmGOgQ&_nc_ss=7d6a8&oh=00_Af6Pt6ofOyMjjmTz8I9Jp51xQ2V05t-WVRaS-M4bmdk-iw&oe=6A039416,bukangendis7,bukangendis7,FALSE,FALSE,5,5
3.89166969171883E+018,https://www.instagram.com/p/DYB_Pc2DhLC/?utm_source=ig_web_copy_link&igsh=MzRlODBiNWFlZA==,1.9912188301823E+016,https://www.instagram.com/p/DYB_Pc2DhLC/?utm_source=ig_web_copy_link&igsh=MzRlODBiNWFlZA==/c/19912188301823039/,hahaha rezim template min,1778240460,354,816339339021163,wijayayanti123,Wawan Sari,https://scontent-iad6-1.cdninstagram.com/v/t51.82787-19/551057952_18479436106074710_8064216012374103146_n.jpg?stp=dst-jpg_s150x150_tt6&_nc_cat=100&ccb=7-5&_nc_sid=f7ccc5&efg=eyJ2ZW5jb2RlX3RhZyI6InByb2ZpbGVfcGljLnd3dy4xMDgwLkMzIn0%3D&_nc_ohc=zisp7lviP2UQ7kNvwGVckTa&_nc_oc=AdrP4WTEinqS-M0c1U5kitNgM9nRMhRgIz15SuIEqB1Icarxkh3GfM2v5jcWXonGHZs&_nc_zt=24&_nc_ht=scontent-iad6-1.cdninstagram.com&_nc_gid=WMI2tPWUAJnlmj3zmmGOgQ&_nc_ss=7d6a8&oh=00_Af6Pt6ofOyMjjmTz8I9Jp51xQ2V05t-WVRaS-M4bmdk-iw&oe=6A039416,wijayayanti123,wijayayanti123,FALSE,FALSE,1,1
3.89166969171883E+018,https://www.instagram.com/p/DYB_Pc2DhLC/?utm_source=ig_web_copy_link&igsh=MzRlODBiNWFlZA==,1.60430988262378E+016,https://www.instagram.com/p/DYB_Pc2DhLC/?utm_source=ig_web_copy_link&igsh=MzRlODBiNWFlZA==/c/16043098826237839/,waduh panik ya aparat waduh,1778234903,325,592755107610806,budi_kusuma1,Umar Mulyadi,https://scontent-iad6-1.cdninstagram.com/v/t51.82787-19/551057952_18479436106074710_8064216012374103146_n.jpg?stp=dst-jpg_s150x150_tt6&_nc_cat=100&ccb=7-5&_nc_sid=f7ccc5&efg=eyJ2ZW5jb2RlX3RhZyI6InByb2ZpbGVfcGljLnd3dy4xMDgwLkMzIn0%3D&_nc_ohc=zisp7lviP2UQ7kNvwGVckTa&_nc_oc=AdrP4WTEinqS-M0c1U5kitNgM9nRMhRgIz15SuIEqB1Icarxkh3GfM2v5jcWXonGHZs&_nc_zt=24&_nc_ht=scontent-iad6-1.cdninstagram.com&_nc_gid=WMI2tPWUAJnlmj3zmmGOgQ&_nc_ss=7d6a8&oh=00_Af6Pt6ofOyMjjmTz8I9Jp51xQ2V05t-WVRaS-M4bmdk-iw&oe=6A039416,budi_kusuma1,budi_kusuma1,FALSE,FALSE,7,7
3.89166969171883E+018,https://www.instagram.com/p/DYB_Pc2DhLC/?utm_source=ig_web_copy_link&igsh=MzRlODBiNWFlZA==,1.83145378177129E+016,https://www.instagram.com/p/DYB_Pc2DhLC/?utm_source=ig_web_copy_link&igsh=MzRlODBiNWFlZA==/c/18314537817712892/,@folkative masa sih arahan pangan 🔥,1778161219,2,234198643474398,hadi_mulyadi99,Nina Saputra,https://scontent-iad6-1.cdninstagram.com/v/t51.82787-19/551057952_18479436106074710_8064216012374103146_n.jpg?stp=dst-jpg_s150x150_tt6&_nc_cat=100&ccb=7-5&_nc_sid=f7ccc5&efg=eyJ2ZW5jb2RlX3RhZyI6InByb2ZpbGVfcGljLnd3dy4xMDgwLkMzIn0%3D&_nc_ohc=zisp7lviP2UQ7kNvwGVckTa&_nc_oc=AdrP4WTEinqS-M0c1U5kitNgM9nRMhRgIz15SuIEqB1Icarxkh3GfM2v5jcWXonGHZs&_nc_zt=24&_nc_ht=scontent-iad6-1.cdninstagram.com&_nc_gid=WMI2tPWUAJnlmj3zmmGOgQ&_nc_ss=7d6a8&oh=00_Af6Pt6ofOyMjjmTz8I9Jp51xQ2V05t-WVRaS-M4bmdk-iw&oe=6A039416,hadi_mulyadi99,hadi_mulyadi99,TRUE,FALSE,2,2
3.89166969171883E+018,https://www.instagram.com/p/DYB_Pc2DhLC/?utm_source=ig_web_copy_link&igsh=MzRlODBiNWFlZA==,1.29997392523149E+016,https://www.instagram.com/p/DYB_Pc2DhLC/?utm_source=ig_web_copy_link&igsh=MzRlODBiNWFlZA==/c/12999739252314923/,Lah klarifikasi? 🤣,1778148603,12,204560286182523,fajar_purnomo77,Fajar_purnomo77,https://scontent-iad6-1.cdninstagram.com/v/t51.82787-19/551057952_18479436106074710_8064216012374103146_n.jpg?stp=dst-jpg_s150x150_tt6&_nc_cat=100&ccb=7-5&_nc_sid=f7ccc5&efg=eyJ2ZW5jb2RlX3RhZyI6InByb2ZpbGVfcGljLnd3dy4xMDgwLkMzIn0%3D&_nc_ohc=zisp7lviP2UQ7kNvwGVckTa&_nc_oc=AdrP4WTEinqS-M0c1U5kitNgM9nRMhRgIz15SuIEqB1Icarxkh3GfM2v5jcWXonGHZs&_nc_zt=24&_nc_ht=scontent-iad6-1.cdninstagram.com&_nc_gid=WMI2tPWUAJnlmj3zmmGOgQ&_nc_ss=7d6a8&oh=00_Af6Pt6ofOyMjjmTz8I9Jp51xQ2V05t-WVRaS-M4bmdk-iw&oe=6A039416,fajar_purnomo77,fajar_purnomo77,FALSE,FALSE,7,7
3.89166969171883E+018,https://www.instagram.com/p/DYB_Pc2DhLC/?utm_source=ig_web_copy_link&igsh=MzRlODBiNWFlZA==,1.66432853189418E+016,https://www.instagram.com/p/DYB_Pc2DhLC/?utm_source=ig_web_copy_link&igsh=MzRlODBiNWFlZA==/c/16643285318941831/,Tapi skandal masa 🔥,1778199373,130,1074054531689272,kartikasaputra321,Sari Wahyuni,https://scontent-iad6-1.cdninstagram.com/v/t51.82787-19/551057952_18479436106074710_8064216012374103146_n.jpg?stp=dst-jpg_s150x150_tt6&_nc_cat=100&ccb=7-5&_nc_sid=f7ccc5&efg=eyJ2ZW5jb2RlX3RhZyI6InByb2ZpbGVfcGljLnd3dy4xMDgwLkMzIn0%3D&_nc_ohc=zisp7lviP2UQ7kNvwGVckTa&_nc_oc=AdrP4WTEinqS-M0c1U5kitNgM9nRMhRgIz15SuIEqB1Icarxkh3GfM2v5jcWXonGHZs&_nc_zt=24&_nc_ht=scontent-iad6-1.cdninstagram.com&_nc_gid=WMI2tPWUAJnlmj3zmmGOgQ&_nc_ss=7d6a8&oh=00_Af6Pt6ofOyMjjmTz8I9Jp51xQ2V05t-WVRaS-M4bmdk-iw&oe=6A039416,kartikasaputra321,kartikasaputra321,FALSE,FALSE,7,7
3.89166969171883E+018,https://www.instagram.com/p/DYB_Pc2DhLC/?utm_source=ig_web_copy_link&igsh=MzRlODBiNWFlZA==,1.11556447719087E+016,https://www.instagram.com/p/DYB_Pc2DhLC/?utm_source=ig_web_copy_link&igsh=MzRlODBiNWFlZA==/c/11155644771908719/,Kemarin qodari masa 🙌 astaga,1778214977,25,808726201546278,mayaningsih,Bella Sari,https://scontent-iad6-1.cdninstagram.com/v/t51.82787-19/551057952_18479436106074710_8064216012374103146_n.jpg?stp=dst-jpg_s150x150_tt6&_nc_cat=100&ccb=7-5&_nc_sid=f7ccc5&efg=eyJ2ZW5jb2RlX3RhZyI6InByb2ZpbGVfcGljLnd3dy4xMDgwLkMzIn0%3D&_nc_ohc=zisp7lviP2UQ7kNvwGVckTa&_nc_oc=AdrP4WTEinqS-M0c1U5kitNgM9nRMhRgIz15SuIEqB1Icarxkh3GfM2v5jcWXonGHZs&_nc_zt=24&_nc_ht=scontent-iad6-1.cdninstagram.com&_nc_gid=WMI2tPWUAJnlmj3zmmGOgQ&_nc_ss=7d6a8&oh=00_Af6Pt6ofOyMjjmTz8I9Jp51xQ2V05t-WVRaS-M4bmdk-iw&oe=6A039416,mayaningsih,mayaningsih,FALSE,FALSE,8,8
3.89166969171883E+018,https://www.instagram.com/p/DYB_Pc2DhLC/?utm_source=ig_web_copy_link&igsh=MzRlODBiNWFlZA==,1.40160837056082E+016,https://www.instagram.com/p/DYB_Pc2DhLC/?utm_source=ig_web_copy_link&igsh=MzRlODBiNWFlZA==/c/14016083705608240/,@folkative coba jawab kritik kasus hahaha,1778235539,11,397236536406605,bukanerna8,Bukanerna8,https://scontent-iad6-1.cdninstagram.com/v/t51.82787-19/551057952_18479436106074710_8064216012374103146_n.jpg?stp=dst-jpg_s150x150_tt6&_nc_cat=100&ccb=7-5&_nc_sid=f7ccc5&efg=eyJ2ZW5jb2RlX3RhZyI6InByb2ZpbGVfcGljLnd3dy4xMDgwLkMzIn0%3D&_nc_ohc=zisp7lviP2UQ7kNvwGVckTa&_nc_oc=AdrP4WTEinqS-M0c1U5kitNgM9nRMhRgIz15SuIEqB1Icarxkh3GfM2v5jcWXonGHZs&_nc_zt=24&_nc_ht=scontent-iad6-1.cdninstagram.com&_nc_gid=WMI2tPWUAJnlmj3zmmGOgQ&_nc_ss=7d6a8&oh=00_Af6Pt6ofOyMjjmTz8I9Jp51xQ2V05t-WVRaS-M4bmdk-iw&oe=6A039416,bukanerna8,bukanerna8,TRUE,FALSE,3,3
3.89166969171883E+018,https://www.instagram.com/p/DYB_Pc2DhLC/?utm_source=ig_web_copy_link&igsh=MzRlODBiNWFlZA==,1.80745294102572E+016,https://www.instagram.com/p/DYB_Pc2DhLC/?utm_source=ig_web_copy_link&igsh=MzRlODBiNWFlZA==/c/18074529410257170/,Tr@sh,1778239746,0,50715503993,dela__lune,13I•,https://scontent-iad6-1.cdninstagram.com/v/t51.2885-19/439457362_982765776130542_4442306410479387074_n.jpg?stp=dst-jpg_s150x150_tt6&_nc_cat=102&ccb=7-5&_nc_sid=f7ccc5&efg=eyJ2ZW5jb2RlX3RhZyI6InByb2ZpbGVfcGljLnd3dy4xMDgwLkMzIn0%3D&_nc_ohc=a8phiSUOrKwQ7kNvwGj41Rx&_nc_oc=Adqjh7ClEwQjBskJg9IkKyYl0eGrqP4_NXMUOcS9_OgLNacZqPmCmisIvzKtbChloEY&_nc_zt=24&_nc_ht=scontent-iad6-1.cdninstagram.com&_nc_ss=7d6a8&oh=00_Af6OyfQs3xdDZPuQv6mgE4KYtJFYQyGdeK_MTSrCo0SHBg&oe=6A03AE09,dela__lune,dela__lune,FALSE,FALSE,0,0
3.89166969171883E+018,https://www.instagram.com/p/DYB_Pc2DhLC/?utm_source=ig_web_copy_link&igsh=MzRlODBiNWFlZA==,1.45553219268784E+016,https://www.instagram.com/p/DYB_Pc2DhLC/?utm_source=ig_web_copy_link&igsh=MzRlODBiNWFlZA==/c/14555321926878375/,Tapi MBG kok ga 😂 🔥,1778231392,13,340728777533423,indahpurnomo3,Zaki Hidayat,https://scontent-iad6-1.cdninstagram.com/v/t51.82787-19/551057952_18479436106074710_8064216012374103146_n.jpg?stp=dst-jpg_s150x150_tt6&_nc_cat=100&ccb=7-5&_nc_sid=f7ccc5&efg=eyJ2ZW5jb2RlX3RhZyI6InByb2ZpbGVfcGljLnd3dy4xMDgwLkMzIn0%3D&_nc_ohc=zisp7lviP2UQ7kNvwGVckTa&_nc_oc=AdrP4WTEinqS-M0c1U5kitNgM9nRMhRgIz15SuIEqB1Icarxkh3GfM2v5jcWXonGHZs&_nc_zt=24&_nc_ht=scontent-iad6-1.cdninstagram.com&_nc_gid=WMI2tPWUAJnlmj3zmmGOgQ&_nc_ss=7d6a8&oh=00_Af6Pt6ofOyMjjmTz8I9Jp51xQ2V05t-WVRaS-M4bmdk-iw&oe=6A039416,indahpurnomo3,indahpurnomo3,FALSE,FALSE,2,2
3.89166969171883E+018,https://www.instagram.com/p/DYB_Pc2DhLC/?utm_source=ig_web_copy_link&igsh=MzRlODBiNWFlZA==,1.46315871626286E+016,https://www.instagram.com/p/DYB_Pc2DhLC/?utm_source=ig_web_copy_link&igsh=MzRlODBiNWFlZA==/c/14631587162628635/,@folkative serius nih panik pangan,1778176593,5,1042173251438026,si_nanda4,Cahya Utami,https://scontent-iad6-1.cdninstagram.com/v/t51.82787-19/551057952_18479436106074710_8064216012374103146_n.jpg?stp=dst-jpg_s150x150_tt6&_nc_cat=100&ccb=7-5&_nc_sid=f7ccc5&efg=eyJ2ZW5jb2RlX3RhZyI6InByb2ZpbGVfcGljLnd3dy4xMDgwLkMzIn0%3D&_nc_ohc=zisp7lviP2UQ7kNvwGVckTa&_nc_oc=AdrP4WTEinqS-M0c1U5kitNgM9nRMhRgIz15SuIEqB1Icarxkh3GfM2v5jcWXonGHZs&_nc_zt=24&_nc_ht=scontent-iad6-1.cdninstagram.com&_nc_gid=WMI2tPWUAJnlmj3zmmGOgQ&_nc_ss=7d6a8&oh=00_Af6Pt6ofOyMjjmTz8I9Jp51xQ2V05t-WVRaS-M4bmdk-iw&oe=6A039416,si_nanda4,si_nanda4,FALSE,FALSE,2,2
3.89166969171883E+018,https://www.instagram.com/p/DYB_Pc2DhLC/?utm_source=ig_web_copy_link&igsh=MzRlODBiNWFlZA==,1.04179838375404E+016,https://www.instagram.com/p/DYB_Pc2DhLC/?utm_source=ig_web_copy_link&igsh=MzRlODBiNWFlZA==/c/10417983837540441/,Template seragam 🗿 🗿,1778167619,42,770244455977902,infohadi8,Bella Mulyadi,https://scontent-iad6-1.cdninstagram.com/v/t51.82787-19/551057952_18479436106074710_8064216012374103146_n.jpg?stp=dst-jpg_s150x150_tt6&_nc_cat=100&ccb=7-5&_nc_sid=f7ccc5&efg=eyJ2ZW5jb2RlX3RhZyI6InByb2ZpbGVfcGljLnd3dy4xMDgwLkMzIn0%3D&_nc_ohc=zisp7lviP2UQ7kNvwGVckTa&_nc_oc=AdrP4WTEinqS-M0c1U5kitNgM9nRMhRgIz15SuIEqB1Icarxkh3GfM2v5jcWXonGHZs&_nc_zt=24&_nc_ht=scontent-iad6-1.cdninstagram.com&_nc_gid=WMI2tPWUAJnlmj3zmmGOgQ&_nc_ss=7d6a8&oh=00_Af6Pt6ofOyMjjmTz8I9Jp51xQ2V05t-WVRaS-M4bmdk-iw&oe=6A039416,infohadi8,infohadi8,FALSE,FALSE,1,1
3.89166969171883E+018,https://www.instagram.com/p/DYB_Pc2DhLC/?utm_source=ig_web_copy_link&igsh=MzRlODBiNWFlZA==,1.80827718351166E+016,https://www.instagram.com/p/DYB_Pc2DhLC/?utm_source=ig_web_copy_link&igsh=MzRlODBiNWFlZA==/c/18082771835116645/,Maling mana mau ngaku maling😂,1778240962,0,51014629468,z0f4r,Erectile Dysfunction,https://scontent-iad6-1.cdninstagram.com/v/t51.82787-19/616414521_18047080562701469_2149224342725019218_n.jpg?stp=dst-jpg_s150x150_tt6&_nc_cat=107&ccb=7-5&_nc_sid=f7ccc5&efg=eyJ2ZW5jb2RlX3RhZyI6InByb2ZpbGVfcGljLnd3dy4xMDgwLkMzIn0%3D&_nc_ohc=igNHnvxX_e4Q7kNvwGwnWEc&_nc_oc=AdoavpqNrQehDSuDqhF7OUCNviTXDZ95RJGACwB5IJrjom9UmTPu459UC9O77_6o2jg&_nc_zt=24&_nc_ht=scontent-iad6-1.cdninstagram.com&_nc_gid=Dfd6CmdWbXJuUiahTF5IFA&_nc_ss=7d6a8&oh=00_Af6auItlrda4QilguBaIBMrKjN1dFagkRydIDXKUUR4ohA&oe=6A038779,z0f4r,z0f4r,FALSE,FALSE,0,0
3.89166969171883E+018,https://www.instagram.com/p/DYB_Pc2DhLC/?utm_source=ig_web_copy_link&igsh=MzRlODBiNWFlZA==,1.32451167169891E+016,https://www.instagram.com/p/DYB_Pc2DhLC/?utm_source=ig_web_copy_link&igsh=MzRlODBiNWFlZA==/c/13245116716989113/,Waduh copy paste? wkwk,1778224496,184,771737671363955,sihbudi8,Sihbudi8,https://scontent-iad6-1.cdninstagram.com/v/t51.82787-19/551057952_18479436106074710_8064216012374103146_n.jpg?stp=dst-jpg_s150x150_tt6&_nc_cat=100&ccb=7-5&_nc_sid=f7ccc5&efg=eyJ2ZW5jb2RlX3RhZyI6InByb2ZpbGVfcGljLnd3dy4xMDgwLkMzIn0%3D&_nc_ohc=zisp7lviP2UQ7kNvwGVckTa&_nc_oc=AdrP4WTEinqS-M0c1U5kitNgM9nRMhRgIz15SuIEqB1Icarxkh3GfM2v5jcWXonGHZs&_nc_zt=24&_nc_ht=scontent-iad6-1.cdninstagram.com&_nc_gid=WMI2tPWUAJnlmj3zmmGOgQ&_nc_ss=7d6a8&oh=00_Af6Pt6ofOyMjjmTz8I9Jp51xQ2V05t-WVRaS-M4bmdk-iw&oe=6A039416,sihbudi8,sihbudi8,FALSE,FALSE,9,9
3.89166969171883E+018,https://www.instagram.com/p/DYB_Pc2DhLC/?utm_source=ig_web_copy_link&igsh=MzRlODBiNWFlZA==,1.3006654904152E+016,https://www.instagram.com/p/DYB_Pc2DhLC/?utm_source=ig_web_copy_link&igsh=MzRlODBiNWFlZA==/c/13006654904151976/,@folkative serius nih panik bank wkwk,1778161602,47,135256926601629,andi.hidayat2,Citra Anggraini,https://scontent-iad6-1.cdninstagram.com/v/t51.82787-19/551057952_18479436106074710_8064216012374103146_n.jpg?stp=dst-jpg_s150x150_tt6&_nc_cat=100&ccb=7-5&_nc_sid=f7ccc5&efg=eyJ2ZW5jb2RlX3RhZyI6InByb2ZpbGVfcGljLnd3dy4xMDgwLkMzIn0%3D&_nc_ohc=zisp7lviP2UQ7kNvwGVckTa&_nc_oc=AdrP4WTEinqS-M0c1U5kitNgM9nRMhRgIz15SuIEqB1Icarxkh3GfM2v5jcWXonGHZs&_nc_zt=24&_nc_ht=scontent-iad6-1.cdninstagram.com&_nc_gid=WMI2tPWUAJnlmj3zmmGOgQ&_nc_ss=7d6a8&oh=00_Af6Pt6ofOyMjjmTz8I9Jp51xQ2V05t-WVRaS-M4bmdk-iw&oe=6A039416,andi.hidayat2,andi.hidayat2,FALSE,FALSE,7,7
3.89166969171883E+018,https://www.instagram.com/p/DYB_Pc2DhLC/?utm_source=ig_web_copy_link&igsh=MzRlODBiNWFlZA==,1.78452164741603E+016,https://www.instagram.com/p/DYB_Pc2DhLC/?utm_source=ig_web_copy_link&igsh=MzRlODBiNWFlZA==/c/17845216474160332/,Ga jadi unfollow sama istana masa sih,1778199248,47,1094957857483490,si_dewi10,Si_dewi10,https://scontent-iad6-1.cdninstagram.com/v/t51.82787-19/551057952_18479436106074710_8064216012374103146_n.jpg?stp=dst-jpg_s150x150_tt6&_nc_cat=100&ccb=7-5&_nc_sid=f7ccc5&efg=eyJ2ZW5jb2RlX3RhZyI6InByb2ZpbGVfcGljLnd3dy4xMDgwLkMzIn0%3D&_nc_ohc=zisp7lviP2UQ7kNvwGVckTa&_nc_oc=AdrP4WTEinqS-M0c1U5kitNgM9nRMhRgIz15SuIEqB1Icarxkh3GfM2v5jcWXonGHZs&_nc_zt=24&_nc_ht=scontent-iad6-1.cdninstagram.com&_nc_gid=WMI2tPWUAJnlmj3zmmGOgQ&_nc_ss=7d6a8&oh=00_Af6Pt6ofOyMjjmTz8I9Jp51xQ2V05t-WVRaS-M4bmdk-iw&oe=6A039416,si_dewi10,si_dewi10,FALSE,FALSE,6,6
3.89166969171883E+018,https://www.instagram.com/p/DYB_Pc2DhLC/?utm_source=ig_web_copy_link&igsh=MzRlODBiNWFlZA==,1.99808896929874E+016,https://www.instagram.com/p/DYB_Pc2DhLC/?utm_source=ig_web_copy_link&igsh=MzRlODBiNWFlZA==/c/19980889692987403/,@folkative masa sih template bank serius?,1778235940,229,482243628656971,nanda2,Umar Kusuma,https://scontent-iad6-1.cdninstagram.com/v/t51.82787-19/551057952_18479436106074710_8064216012374103146_n.jpg?stp=dst-jpg_s150x150_tt6&_nc_cat=100&ccb=7-5&_nc_sid=f7ccc5&efg=eyJ2ZW5jb2RlX3RhZyI6InByb2ZpbGVfcGljLnd3dy4xMDgwLkMzIn0%3D&_nc_ohc=zisp7lviP2UQ7kNvwGVckTa&_nc_oc=AdrP4WTEinqS-M0c1U5kitNgM9nRMhRgIz15SuIEqB1Icarxkh3GfM2v5jcWXonGHZs&_nc_zt=24&_nc_ht=scontent-iad6-1.cdninstagram.com&_nc_gid=WMI2tPWUAJnlmj3zmmGOgQ&_nc_ss=7d6a8&oh=00_Af6Pt6ofOyMjjmTz8I9Jp51xQ2V05t-WVRaS-M4bmdk-iw&oe=6A039416,nanda2,nanda2,FALSE,FALSE,12,12
3.89166969171883E+018,https://www.instagram.com/p/DYB_Pc2DhLC/?utm_source=ig_web_copy_link&igsh=MzRlODBiNWFlZA==,1.75408716326341E+016,https://www.instagram.com/p/DYB_Pc2DhLC/?utm_source=ig_web_copy_link&igsh=MzRlODBiNWFlZA==/c/17540871632634057/,wkwk qodari briefing min 😂,1778199094,30,595553603596075,oscardong6,Gita Saputra,https://scontent-iad6-1.cdninstagram.com/v/t51.82787-19/551057952_18479436106074710_8064216012374103146_n.jpg?stp=dst-jpg_s150x150_tt6&_nc_cat=100&ccb=7-5&_nc_sid=f7ccc5&efg=eyJ2ZW5jb2RlX3RhZyI6InByb2ZpbGVfcGljLnd3dy4xMDgwLkMzIn0%3D&_nc_ohc=zisp7lviP2UQ7kNvwGVckTa&_nc_oc=AdrP4WTEinqS-M0c1U5kitNgM9nRMhRgIz15SuIEqB1Icarxkh3GfM2v5jcWXonGHZs&_nc_zt=24&_nc_ht=scontent-iad6-1.cdninstagram.com&_nc_gid=WMI2tPWUAJnlmj3zmmGOgQ&_nc_ss=7d6a8&oh=00_Af6Pt6ofOyMjjmTz8I9Jp51xQ2V05t-WVRaS-M4bmdk-iw&oe=6A039416,oscardong6,oscardong6,FALSE,FALSE,8,8
3.89166969171883E+018,https://www.instagram.com/p/DYB_Pc2DhLC/?utm_source=ig_web_copy_link&igsh=MzRlODBiNWFlZA==,1.80756630802398E+016,https://www.instagram.com/p/DYB_Pc2DhLC/?utm_source=ig_web_copy_link&igsh=MzRlODBiNWFlZA==/c/18075663080239824/,Makin keliatan kalo ni page emang pro pemerintah,1778161857,5,9281508406,razor._z,RazorZ,https://scontent-iad6-1.cdninstagram.com/v/t51.82787-19/608585082_18219283741308407_1174203918057101775_n.jpg?stp=dst-jpg_s150x150_tt6&_nc_cat=100&ccb=7-5&_nc_sid=f7ccc5&efg=eyJ2ZW5jb2RlX3RhZyI6InByb2ZpbGVfcGljLnd3dy4xMDgwLkMzIn0%3D&_nc_ohc=5bu58v6VnPoQ7kNvwGm1eUR&_nc_oc=AdrCXkc0gyRmf1SvqI8u0QE-kfV4C9rVmDsjap93TNUJZZgdAJvHq4pe8u6hiDBWRhs&_nc_zt=24&_nc_ht=scontent-iad6-1.cdninstagram.com&_nc_gid=p5o2IttGHgoFURt34Q3SGg&_nc_ss=7d6a8&oh=00_Af4ASnWCgvubLMpQT2yZjejL8A7-qyi-D3whadClunp4BA&oe=6A03B869,razor._z,razor._z,FALSE,FALSE,0,0
3.89166969171883E+018,https://www.instagram.com/p/DYB_Pc2DhLC/?utm_source=ig_web_copy_link&igsh=MzRlODBiNWFlZA==,1.19949246858347E+016,https://www.instagram.com/p/DYB_Pc2DhLC/?utm_source=ig_web_copy_link&igsh=MzRlODBiNWFlZA==/c/11994924685834682/,gila qodari cuci tangan bro wkwk,1778180792,0,717955648290794,xena_mahendra10,Xena_mahendra10,https://scontent-iad6-1.cdninstagram.com/v/t51.82787-19/551057952_18479436106074710_8064216012374103146_n.jpg?stp=dst-jpg_s150x150_tt6&_nc_cat=100&ccb=7-5&_nc_sid=f7ccc5&efg=eyJ2ZW5jb2RlX3RhZyI6InByb2ZpbGVfcGljLnd3dy4xMDgwLkMzIn0%3D&_nc_ohc=zisp7lviP2UQ7kNvwGVckTa&_nc_oc=AdrP4WTEinqS-M0c1U5kitNgM9nRMhRgIz15SuIEqB1Icarxkh3GfM2v5jcWXonGHZs&_nc_zt=24&_nc_ht=scontent-iad6-1.cdninstagram.com&_nc_gid=WMI2tPWUAJnlmj3zmmGOgQ&_nc_ss=7d6a8&oh=00_Af6Pt6ofOyMjjmTz8I9Jp51xQ2V05t-WVRaS-M4bmdk-iw&oe=6A039416,xena_mahendra10,xena_mahendra10,FALSE,FALSE,1,1
3.89166969171883E+018,https://www.instagram.com/p/DYB_Pc2DhLC/?utm_source=ig_web_copy_link&igsh=MzRlODBiNWFlZA==,1.91722840772658E+016,https://www.instagram.com/p/DYB_Pc2DhLC/?utm_source=ig_web_copy_link&igsh=MzRlODBiNWFlZA==/c/19172284077265807/,wkwk istana klarifikasi bro,1778222881,42,916705118584642,vinapurnomo11,Vinapurnomo11,https://scontent-iad6-1.cdninstagram.com/v/t51.82787-19/551057952_18479436106074710_8064216012374103146_n.jpg?stp=dst-jpg_s150x150_tt6&_nc_cat=100&ccb=7-5&_nc_sid=f7ccc5&efg=eyJ2ZW5jb2RlX3RhZyI6InByb2ZpbGVfcGljLnd3dy4xMDgwLkMzIn0%3D&_nc_ohc=zisp7lviP2UQ7kNvwGVckTa&_nc_oc=AdrP4WTEinqS-M0c1U5kitNgM9nRMhRgIz15SuIEqB1Icarxkh3GfM2v5jcWXonGHZs&_nc_zt=24&_nc_ht=scontent-iad6-1.cdninstagram.com&_nc_gid=WMI2tPWUAJnlmj3zmmGOgQ&_nc_ss=7d6a8&oh=00_Af6Pt6ofOyMjjmTz8I9Jp51xQ2V05t-WVRaS-M4bmdk-iw&oe=6A039416,vinapurnomo11,vinapurnomo11,FALSE,FALSE,7,7
3.89166969171883E+018,https://www.instagram.com/p/DYB_Pc2DhLC/?utm_source=ig_web_copy_link&igsh=MzRlODBiNWFlZA==,1.61788166715847E+016,https://www.instagram.com/p/DYB_Pc2DhLC/?utm_source=ig_web_copy_link&igsh=MzRlODBiNWFlZA==/c/16178816671584677/,Lah panik? 🤣 🤣,1778169886,23,1048880949564712,officialbella88,Officialbella88,https://scontent-iad6-1.cdninstagram.com/v/t51.82787-19/551057952_18479436106074710_8064216012374103146_n.jpg?stp=dst-jpg_s150x150_tt6&_nc_cat=100&ccb=7-5&_nc_sid=f7ccc5&efg=eyJ2ZW5jb2RlX3RhZyI6InByb2ZpbGVfcGljLnd3dy4xMDgwLkMzIn0%3D&_nc_ohc=zisp7lviP2UQ7kNvwGVckTa&_nc_oc=AdrP4WTEinqS-M0c1U5kitNgM9nRMhRgIz15SuIEqB1Icarxkh3GfM2v5jcWXonGHZs&_nc_zt=24&_nc_ht=scontent-iad6-1.cdninstagram.com&_nc_gid=WMI2tPWUAJnlmj3zmmGOgQ&_nc_ss=7d6a8&oh=00_Af6Pt6ofOyMjjmTz8I9Jp51xQ2V05t-WVRaS-M4bmdk-iw&oe=6A039416,officialbella88,officialbella88,FALSE,FALSE,3,3
3.89166969171883E+018,https://www.instagram.com/p/DYB_Pc2DhLC/?utm_source=ig_web_copy_link&igsh=MzRlODBiNWFlZA==,1.05235915292169E+016,https://www.instagram.com/p/DYB_Pc2DhLC/?utm_source=ig_web_copy_link&igsh=MzRlODBiNWFlZA==/c/10523591529216916/,Baru tau sama pemerintah serius?,1778156256,115,304244228373387,umarharyanto,Yanti Kusuma,https://scontent-iad6-1.cdninstagram.com/v/t51.82787-19/551057952_18479436106074710_8064216012374103146_n.jpg?stp=dst-jpg_s150x150_tt6&_nc_cat=100&ccb=7-5&_nc_sid=f7ccc5&efg=eyJ2ZW5jb2RlX3RhZyI6InByb2ZpbGVfcGljLnd3dy4xMDgwLkMzIn0%3D&_nc_ohc=zisp7lviP2UQ7kNvwGVckTa&_nc_oc=AdrP4WTEinqS-M0c1U5kitNgM9nRMhRgIz15SuIEqB1Icarxkh3GfM2v5jcWXonGHZs&_nc_zt=24&_nc_ht=scontent-iad6-1.cdninstagram.com&_nc_gid=WMI2tPWUAJnlmj3zmmGOgQ&_nc_ss=7d6a8&oh=00_Af6Pt6ofOyMjjmTz8I9Jp51xQ2V05t-WVRaS-M4bmdk-iw&oe=6A039416,umarharyanto,umarharyanto,FALSE,FALSE,6,6
3.89166969171883E+018,https://www.instagram.com/p/DYB_Pc2DhLC/?utm_source=ig_web_copy_link&igsh=MzRlODBiNWFlZA==,1.35006013092354E+016,https://www.instagram.com/p/DYB_Pc2DhLC/?utm_source=ig_web_copy_link&igsh=MzRlODBiNWFlZA==/c/13500601309235393/,Unfollow liat aparat 🔥 🤣,1778218934,28,433765729067911,zaki_purnomo2,Fajar Hidayat,https://scontent-iad6-1.cdninstagram.com/v/t51.82787-19/551057952_18479436106074710_8064216012374103146_n.jpg?stp=dst-jpg_s150x150_tt6&_nc_cat=100&ccb=7-5&_nc_sid=f7ccc5&efg=eyJ2ZW5jb2RlX3RhZyI6InByb2ZpbGVfcGljLnd3dy4xMDgwLkMzIn0%3D&_nc_ohc=zisp7lviP2UQ7kNvwGVckTa&_nc_oc=AdrP4WTEinqS-M0c1U5kitNgM9nRMhRgIz15SuIEqB1Icarxkh3GfM2v5jcWXonGHZs&_nc_zt=24&_nc_ht=scontent-iad6-1.cdninstagram.com&_nc_gid=WMI2tPWUAJnlmj3zmmGOgQ&_nc_ss=7d6a8&oh=00_Af6Pt6ofOyMjjmTz8I9Jp51xQ2V05t-WVRaS-M4bmdk-iw&oe=6A039416,zaki_purnomo2,zaki_purnomo2,FALSE,FALSE,8,8
3.89166969171883E+018,https://www.instagram.com/p/DYB_Pc2DhLC/?utm_source=ig_web_copy_link&igsh=MzRlODBiNWFlZA==,1.33232734026813E+016,https://www.instagram.com/p/DYB_Pc2DhLC/?utm_source=ig_web_copy_link&igsh=MzRlODBiNWFlZA==/c/13323273402681286/,buset klarifikasi nih aparat waduh,1778181007,33,141191770256874,zakiningsih6,Gita Lestari,https://scontent-iad6-1.cdninstagram.com/v/t51.82787-19/551057952_18479436106074710_8064216012374103146_n.jpg?stp=dst-jpg_s150x150_tt6&_nc_cat=100&ccb=7-5&_nc_sid=f7ccc5&efg=eyJ2ZW5jb2RlX3RhZyI6InByb2ZpbGVfcGljLnd3dy4xMDgwLkMzIn0%3D&_nc_ohc=zisp7lviP2UQ7kNvwGVckTa&_nc_oc=AdrP4WTEinqS-M0c1U5kitNgM9nRMhRgIz15SuIEqB1Icarxkh3GfM2v5jcWXonGHZs&_nc_zt=24&_nc_ht=scontent-iad6-1.cdninstagram.com&_nc_gid=WMI2tPWUAJnlmj3zmmGOgQ&_nc_ss=7d6a8&oh=00_Af6Pt6ofOyMjjmTz8I9Jp51xQ2V05t-WVRaS-M4bmdk-iw&oe=6A039416,zakiningsih6,zakiningsih6,FALSE,FALSE,0,0
3.89166969171883E+018,https://www.instagram.com/p/DYB_Pc2DhLC/?utm_source=ig_web_copy_link&igsh=MzRlODBiNWFlZA==,1.51797373259881E+016,https://www.instagram.com/p/DYB_Pc2DhLC/?utm_source=ig_web_copy_link&igsh=MzRlODBiNWFlZA==/c/15179737325988086/,Qodari bilang data? 🔥 🤣,1778178377,425,840837704025418,oscar6,Oscar6,https://scontent-iad6-1.cdninstagram.com/v/t51.82787-19/551057952_18479436106074710_8064216012374103146_n.jpg?stp=dst-jpg_s150x150_tt6&_nc_cat=100&ccb=7-5&_nc_sid=f7ccc5&efg=eyJ2ZW5jb2RlX3RhZyI6InByb2ZpbGVfcGljLnd3dy4xMDgwLkMzIn0%3D&_nc_ohc=zisp7lviP2UQ7kNvwGVckTa&_nc_oc=AdrP4WTEinqS-M0c1U5kitNgM9nRMhRgIz15SuIEqB1Icarxkh3GfM2v5jcWXonGHZs&_nc_zt=24&_nc_ht=scontent-iad6-1.cdninstagram.com&_nc_gid=WMI2tPWUAJnlmj3zmmGOgQ&_nc_ss=7d6a8&oh=00_Af6Pt6ofOyMjjmTz8I9Jp51xQ2V05t-WVRaS-M4bmdk-iw&oe=6A039416,oscar6,oscar6,FALSE,FALSE,3,3
3.89166969171883E+018,https://www.instagram.com/p/DYB_Pc2DhLC/?utm_source=ig_web_copy_link&igsh=MzRlODBiNWFlZA==,1.5527084443703E+016,https://www.instagram.com/p/DYB_Pc2DhLC/?utm_source=ig_web_copy_link&igsh=MzRlODBiNWFlZA==/c/15527084443702956/,Pemerintah klaim hoax? buset,1778145583,485,317500696855057,bukanrina12,Intan Pratama,https://scontent-iad6-1.cdninstagram.com/v/t51.82787-19/551057952_18479436106074710_8064216012374103146_n.jpg?stp=dst-jpg_s150x150_tt6&_nc_cat=100&ccb=7-5&_nc_sid=f7ccc5&efg=eyJ2ZW5jb2RlX3RhZyI6InByb2ZpbGVfcGljLnd3dy4xMDgwLkMzIn0%3D&_nc_ohc=zisp7lviP2UQ7kNvwGVckTa&_nc_oc=AdrP4WTEinqS-M0c1U5kitNgM9nRMhRgIz15SuIEqB1Icarxkh3GfM2v5jcWXonGHZs&_nc_zt=24&_nc_ht=scontent-iad6-1.cdninstagram.com&_nc_gid=WMI2tPWUAJnlmj3zmmGOgQ&_nc_ss=7d6a8&oh=00_Af6Pt6ofOyMjjmTz8I9Jp51xQ2V05t-WVRaS-M4bmdk-iw&oe=6A039416,bukanrina12,bukanrina12,FALSE,FALSE,9,9
3.89166969171883E+018,https://www.instagram.com/p/DYB_Pc2DhLC/?utm_source=ig_web_copy_link&igsh=MzRlODBiNWFlZA==,1.30448176319087E+016,https://www.instagram.com/p/DYB_Pc2DhLC/?utm_source=ig_web_copy_link&igsh=MzRlODBiNWFlZA==/c/13044817631908663/,BNI kasus beneran? 🔥 buset,1778229520,48,106813051411684,budireal11,Putri Yulianti,https://scontent-iad6-1.cdninstagram.com/v/t51.82787-19/551057952_18479436106074710_8064216012374103146_n.jpg?stp=dst-jpg_s150x150_tt6&_nc_cat=100&ccb=7-5&_nc_sid=f7ccc5&efg=eyJ2ZW5jb2RlX3RhZyI6InByb2ZpbGVfcGljLnd3dy4xMDgwLkMzIn0%3D&_nc_ohc=zisp7lviP2UQ7kNvwGVckTa&_nc_oc=AdrP4WTEinqS-M0c1U5kitNgM9nRMhRgIz15SuIEqB1Icarxkh3GfM2v5jcWXonGHZs&_nc_zt=24&_nc_ht=scontent-iad6-1.cdninstagram.com&_nc_gid=WMI2tPWUAJnlmj3zmmGOgQ&_nc_ss=7d6a8&oh=00_Af6Pt6ofOyMjjmTz8I9Jp51xQ2V05t-WVRaS-M4bmdk-iw&oe=6A039416,budireal11,budireal11,FALSE,FALSE,6,6
3.89166969171883E+018,https://www.instagram.com/p/DYB_Pc2DhLC/?utm_source=ig_web_copy_link&igsh=MzRlODBiNWFlZA==,1.32791562399376E+016,https://www.instagram.com/p/DYB_Pc2DhLC/?utm_source=ig_web_copy_link&igsh=MzRlODBiNWFlZA==/c/13279156239937614/,BNI kasus beneran? astaga,1778213198,18,580023991722395,nina882,Nina882,https://scontent-iad6-1.cdninstagram.com/v/t51.82787-19/551057952_18479436106074710_8064216012374103146_n.jpg?stp=dst-jpg_s150x150_tt6&_nc_cat=100&ccb=7-5&_nc_sid=f7ccc5&efg=eyJ2ZW5jb2RlX3RhZyI6InByb2ZpbGVfcGljLnd3dy4xMDgwLkMzIn0%3D&_nc_ohc=zisp7lviP2UQ7kNvwGVckTa&_nc_oc=AdrP4WTEinqS-M0c1U5kitNgM9nRMhRgIz15SuIEqB1Icarxkh3GfM2v5jcWXonGHZs&_nc_zt=24&_nc_ht=scontent-iad6-1.cdninstagram.com&_nc_gid=WMI2tPWUAJnlmj3zmmGOgQ&_nc_ss=7d6a8&oh=00_Af6Pt6ofOyMjjmTz8I9Jp51xQ2V05t-WVRaS-M4bmdk-iw&oe=6A039416,nina882,nina882,FALSE,FALSE,2,2
3.89166969171883E+018,https://www.instagram.com/p/DYB_Pc2DhLC/?utm_source=ig_web_copy_link&igsh=MzRlODBiNWFlZA==,1.88028291721335E+016,https://www.instagram.com/p/DYB_Pc2DhLC/?utm_source=ig_web_copy_link&igsh=MzRlODBiNWFlZA==/c/18802829172133539/,Baru tau liat qodari 🗿,1778204888,5,347847621199772,bukanumar6,Eka Siregar,https://scontent-iad6-1.cdninstagram.com/v/t51.82787-19/551057952_18479436106074710_8064216012374103146_n.jpg?stp=dst-jpg_s150x150_tt6&_nc_cat=100&ccb=7-5&_nc_sid=f7ccc5&efg=eyJ2ZW5jb2RlX3RhZyI6InByb2ZpbGVfcGljLnd3dy4xMDgwLkMzIn0%3D&_nc_ohc=zisp7lviP2UQ7kNvwGVckTa&_nc_oc=AdrP4WTEinqS-M0c1U5kitNgM9nRMhRgIz15SuIEqB1Icarxkh3GfM2v5jcWXonGHZs&_nc_zt=24&_nc_ht=scontent-iad6-1.cdninstagram.com&_nc_gid=WMI2tPWUAJnlmj3zmmGOgQ&_nc_ss=7d6a8&oh=00_Af6Pt6ofOyMjjmTz8I9Jp51xQ2V05t-WVRaS-M4bmdk-iw&oe=6A039416,bukanumar6,bukanumar6,FALSE,FALSE,0,0
3.89166969171883E+018,https://www.instagram.com/p/DYB_Pc2DhLC/?utm_source=ig_web_copy_link&igsh=MzRlODBiNWFlZA==,1.26539103460808E+016,https://www.instagram.com/p/DYB_Pc2DhLC/?utm_source=ig_web_copy_link&igsh=MzRlODBiNWFlZA==/c/12653910346080782/,Setuju dengan buzzer buset,1778156226,500,148955170297113,kartikadong3,Kartikadong3,https://scontent-iad6-1.cdninstagram.com/v/t51.82787-19/551057952_18479436106074710_8064216012374103146_n.jpg?stp=dst-jpg_s150x150_tt6&_nc_cat=100&ccb=7-5&_nc_sid=f7ccc5&efg=eyJ2ZW5jb2RlX3RhZyI6InByb2ZpbGVfcGljLnd3dy4xMDgwLkMzIn0%3D&_nc_ohc=zisp7lviP2UQ7kNvwGVckTa&_nc_oc=AdrP4WTEinqS-M0c1U5kitNgM9nRMhRgIz15SuIEqB1Icarxkh3GfM2v5jcWXonGHZs&_nc_zt=24&_nc_ht=scontent-iad6-1.cdninstagram.com&_nc_gid=WMI2tPWUAJnlmj3zmmGOgQ&_nc_ss=7d6a8&oh=00_Af6Pt6ofOyMjjmTz8I9Jp51xQ2V05t-WVRaS-M4bmdk-iw&oe=6A039416,kartikadong3,kartikadong3,FALSE,FALSE,25,25
3.89166969171883E+018,https://www.instagram.com/p/DYB_Pc2DhLC/?utm_source=ig_web_copy_link&igsh=MzRlODBiNWFlZA==,1.48288544682622E+016,https://www.instagram.com/p/DYB_Pc2DhLC/?utm_source=ig_web_copy_link&igsh=MzRlODBiNWFlZA==/c/14828854468262238/,Lah arahan? 🔥 🙌,1778156613,426,286788934768862,nina__123,Nina__123,https://scontent-iad6-1.cdninstagram.com/v/t51.82787-19/551057952_18479436106074710_8064216012374103146_n.jpg?stp=dst-jpg_s150x150_tt6&_nc_cat=100&ccb=7-5&_nc_sid=f7ccc5&efg=eyJ2ZW5jb2RlX3RhZyI6InByb2ZpbGVfcGljLnd3dy4xMDgwLkMzIn0%3D&_nc_ohc=zisp7lviP2UQ7kNvwGVckTa&_nc_oc=AdrP4WTEinqS-M0c1U5kitNgM9nRMhRgIz15SuIEqB1Icarxkh3GfM2v5jcWXonGHZs&_nc_zt=24&_nc_ht=scontent-iad6-1.cdninstagram.com&_nc_gid=WMI2tPWUAJnlmj3zmmGOgQ&_nc_ss=7d6a8&oh=00_Af6Pt6ofOyMjjmTz8I9Jp51xQ2V05t-WVRaS-M4bmdk-iw&oe=6A039416,nina__123,nina__123,FALSE,FALSE,3,3
3.89166969171883E+018,https://www.instagram.com/p/DYB_Pc2DhLC/?utm_source=ig_web_copy_link&igsh=MzRlODBiNWFlZA==,1.62854493865179E+016,https://www.instagram.com/p/DYB_Pc2DhLC/?utm_source=ig_web_copy_link&igsh=MzRlODBiNWFlZA==/c/16285449386517931/,Lah arahan? gila,1778221556,2543,1008287630215770,kartikamulyadi77,Tono Anggraini,https://scontent-iad6-1.cdninstagram.com/v/t51.82787-19/551057952_18479436106074710_8064216012374103146_n.jpg?stp=dst-jpg_s150x150_tt6&_nc_cat=100&ccb=7-5&_nc_sid=f7ccc5&efg=eyJ2ZW5jb2RlX3RhZyI6InByb2ZpbGVfcGljLnd3dy4xMDgwLkMzIn0%3D&_nc_ohc=zisp7lviP2UQ7kNvwGVckTa&_nc_oc=AdrP4WTEinqS-M0c1U5kitNgM9nRMhRgIz15SuIEqB1Icarxkh3GfM2v5jcWXonGHZs&_nc_zt=24&_nc_ht=scontent-iad6-1.cdninstagram.com&_nc_gid=WMI2tPWUAJnlmj3zmmGOgQ&_nc_ss=7d6a8&oh=00_Af6Pt6ofOyMjjmTz8I9Jp51xQ2V05t-WVRaS-M4bmdk-iw&oe=6A039416,kartikamulyadi77,kartikamulyadi77,FALSE,FALSE,25,25
3.89166969171883E+018,https://www.instagram.com/p/DYB_Pc2DhLC/?utm_source=ig_web_copy_link&igsh=MzRlODBiNWFlZA==,1.83245269482821E+016,https://www.instagram.com/p/DYB_Pc2DhLC/?utm_source=ig_web_copy_link&igsh=MzRlODBiNWFlZA==/c/18324526948282138/,Pemerintah klaim darimana njirr,1778147865,3,3150242486,sumedang_banget,SUMEDANG | Makin Tahu Sumedang!,https://scontent-iad6-1.cdninstagram.com/v/t51.2885-19/411529520_923505206040342_234714578944315979_n.jpg?stp=dst-jpg_s150x150_tt6&_nc_cat=102&ccb=7-5&_nc_sid=f7ccc5&efg=eyJ2ZW5jb2RlX3RhZyI6InByb2ZpbGVfcGljLnd3dy4xMDgwLkMzIn0%3D&_nc_ohc=B3s798YGN_kQ7kNvwF8AJ9X&_nc_oc=Adp3a44prkDI3FQGaLOIY2U1vMsFhwz8R6AMy0PxVl5SJe2LUKC37Kw0YVUd5Q2kgcE&_nc_zt=24&_nc_ht=scontent-iad6-1.cdninstagram.com&_nc_ss=7d6a8&oh=00_Af5oiGNAvf9NxFWErwGTP9KExNYR9v_Jyk41De0K-QJWvg&oe=6A03A5D7,sumedang_banget,sumedang_banget,FALSE,FALSE,1,1
3.89166969171883E+018,https://www.instagram.com/p/DYB_Pc2DhLC/?utm_source=ig_web_copy_link&igsh=MzRlODBiNWFlZA==,1.96381450866222E+016,https://www.instagram.com/p/DYB_Pc2DhLC/?utm_source=ig_web_copy_link&igsh=MzRlODBiNWFlZA==/c/19638145086622168/,Template seragam gila,1778185309,12,529775518577583,umar553,Leni Lestari,https://scontent-iad6-1.cdninstagram.com/v/t51.82787-19/551057952_18479436106074710_8064216012374103146_n.jpg?stp=dst-jpg_s150x150_tt6&_nc_cat=100&ccb=7-5&_nc_sid=f7ccc5&efg=eyJ2ZW5jb2RlX3RhZyI6InByb2ZpbGVfcGljLnd3dy4xMDgwLkMzIn0%3D&_nc_ohc=zisp7lviP2UQ7kNvwGVckTa&_nc_oc=AdrP4WTEinqS-M0c1U5kitNgM9nRMhRgIz15SuIEqB1Icarxkh3GfM2v5jcWXonGHZs&_nc_zt=24&_nc_ht=scontent-iad6-1.cdninstagram.com&_nc_gid=WMI2tPWUAJnlmj3zmmGOgQ&_nc_ss=7d6a8&oh=00_Af6Pt6ofOyMjjmTz8I9Jp51xQ2V05t-WVRaS-M4bmdk-iw&oe=6A039416,umar553,umar553,FALSE,FALSE,8,8
3.89166969171883E+018,https://www.instagram.com/p/DYB_Pc2DhLC/?utm_source=ig_web_copy_link&igsh=MzRlODBiNWFlZA==,1.02649562202889E+016,https://www.instagram.com/p/DYB_Pc2DhLC/?utm_source=ig_web_copy_link&igsh=MzRlODBiNWFlZA==/c/10264956220288899/,@folkative coba jawab briefing MBG,1778180609,2,762171742342619,bukanyanti11,Dewi Yulianti,https://scontent-iad6-1.cdninstagram.com/v/t51.82787-19/551057952_18479436106074710_8064216012374103146_n.jpg?stp=dst-jpg_s150x150_tt6&_nc_cat=100&ccb=7-5&_nc_sid=f7ccc5&efg=eyJ2ZW5jb2RlX3RhZyI6InByb2ZpbGVfcGljLnd3dy4xMDgwLkMzIn0%3D&_nc_ohc=zisp7lviP2UQ7kNvwGVckTa&_nc_oc=AdrP4WTEinqS-M0c1U5kitNgM9nRMhRgIz15SuIEqB1Icarxkh3GfM2v5jcWXonGHZs&_nc_zt=24&_nc_ht=scontent-iad6-1.cdninstagram.com&_nc_gid=WMI2tPWUAJnlmj3zmmGOgQ&_nc_ss=7d6a8&oh=00_Af6Pt6ofOyMjjmTz8I9Jp51xQ2V05t-WVRaS-M4bmdk-iw&oe=6A039416,bukanyanti11,bukanyanti11,FALSE,FALSE,2,2
3.89166969171883E+018,https://www.instagram.com/p/DYB_Pc2DhLC/?utm_source=ig_web_copy_link&igsh=MzRlODBiNWFlZA==,1.84874046897817E+016,https://www.instagram.com/p/DYB_Pc2DhLC/?utm_source=ig_web_copy_link&igsh=MzRlODBiNWFlZA==/c/18487404689781732/,Tapi pangan beneran? 😂 🔥,1778187143,40,550402781609126,oscar5,Qori Putra,https://scontent-iad6-1.cdninstagram.com/v/t51.82787-19/551057952_18479436106074710_8064216012374103146_n.jpg?stp=dst-jpg_s150x150_tt6&_nc_cat=100&ccb=7-5&_nc_sid=f7ccc5&efg=eyJ2ZW5jb2RlX3RhZyI6InByb2ZpbGVfcGljLnd3dy4xMDgwLkMzIn0%3D&_nc_ohc=zisp7lviP2UQ7kNvwGVckTa&_nc_oc=AdrP4WTEinqS-M0c1U5kitNgM9nRMhRgIz15SuIEqB1Icarxkh3GfM2v5jcWXonGHZs&_nc_zt=24&_nc_ht=scontent-iad6-1.cdninstagram.com&_nc_gid=WMI2tPWUAJnlmj3zmmGOgQ&_nc_ss=7d6a8&oh=00_Af6Pt6ofOyMjjmTz8I9Jp51xQ2V05t-WVRaS-M4bmdk-iw&oe=6A039416,oscar5,oscar5,FALSE,FALSE,1,1
3.89166969171883E+018,https://www.instagram.com/p/DYB_Pc2DhLC/?utm_source=ig_web_copy_link&igsh=MzRlODBiNWFlZA==,1.02951769087771E+016,https://www.instagram.com/p/DYB_Pc2DhLC/?utm_source=ig_web_copy_link&igsh=MzRlODBiNWFlZA==/c/10295176908777133/,@folkative tolong dong template kasus gila,1778164281,121,740287724744282,cahya_putra7,Citra Wijaya,https://scontent-iad6-1.cdninstagram.com/v/t51.82787-19/551057952_18479436106074710_8064216012374103146_n.jpg?stp=dst-jpg_s150x150_tt6&_nc_cat=100&ccb=7-5&_nc_sid=f7ccc5&efg=eyJ2ZW5jb2RlX3RhZyI6InByb2ZpbGVfcGljLnd3dy4xMDgwLkMzIn0%3D&_nc_ohc=zisp7lviP2UQ7kNvwGVckTa&_nc_oc=AdrP4WTEinqS-M0c1U5kitNgM9nRMhRgIz15SuIEqB1Icarxkh3GfM2v5jcWXonGHZs&_nc_zt=24&_nc_ht=scontent-iad6-1.cdninstagram.com&_nc_gid=WMI2tPWUAJnlmj3zmmGOgQ&_nc_ss=7d6a8&oh=00_Af6Pt6ofOyMjjmTz8I9Jp51xQ2V05t-WVRaS-M4bmdk-iw&oe=6A039416,cahya_putra7,cahya_putra7,FALSE,FALSE,20,20
3.89166969171883E+018,https://www.instagram.com/p/DYB_Pc2DhLC/?utm_source=ig_web_copy_link&igsh=MzRlODBiNWFlZA==,1.39312930436078E+016,https://www.instagram.com/p/DYB_Pc2DhLC/?utm_source=ig_web_copy_link&igsh=MzRlODBiNWFlZA==/c/13931293043607835/,Istana briefing darimana? serius? astaga,1778187383,10,895751728728098,hendra.hidayat8,Hendra.hidayat8,https://scontent-iad6-1.cdninstagram.com/v/t51.82787-19/551057952_18479436106074710_8064216012374103146_n.jpg?stp=dst-jpg_s150x150_tt6&_nc_cat=100&ccb=7-5&_nc_sid=f7ccc5&efg=eyJ2ZW5jb2RlX3RhZyI6InByb2ZpbGVfcGljLnd3dy4xMDgwLkMzIn0%3D&_nc_ohc=zisp7lviP2UQ7kNvwGVckTa&_nc_oc=AdrP4WTEinqS-M0c1U5kitNgM9nRMhRgIz15SuIEqB1Icarxkh3GfM2v5jcWXonGHZs&_nc_zt=24&_nc_ht=scontent-iad6-1.cdninstagram.com&_nc_gid=WMI2tPWUAJnlmj3zmmGOgQ&_nc_ss=7d6a8&oh=00_Af6Pt6ofOyMjjmTz8I9Jp51xQ2V05t-WVRaS-M4bmdk-iw&oe=6A039416,hendra.hidayat8,hendra.hidayat8,FALSE,FALSE,6,6
3.89166969171883E+018,https://www.instagram.com/p/DYB_Pc2DhLC/?utm_source=ig_web_copy_link&igsh=MzRlODBiNWFlZA==,1.62781054700082E+016,https://www.instagram.com/p/DYB_Pc2DhLC/?utm_source=ig_web_copy_link&igsh=MzRlODBiNWFlZA==/c/16278105470008225/,astaga pemerintah klarifikasi bro,1778149073,22,395815743229771,gendis_mahendra8,Yanti Pratama,https://scontent-iad6-1.cdninstagram.com/v/t51.82787-19/551057952_18479436106074710_8064216012374103146_n.jpg?stp=dst-jpg_s150x150_tt6&_nc_cat=100&ccb=7-5&_nc_sid=f7ccc5&efg=eyJ2ZW5jb2RlX3RhZyI6InByb2ZpbGVfcGljLnd3dy4xMDgwLkMzIn0%3D&_nc_ohc=zisp7lviP2UQ7kNvwGVckTa&_nc_oc=AdrP4WTEinqS-M0c1U5kitNgM9nRMhRgIz15SuIEqB1Icarxkh3GfM2v5jcWXonGHZs&_nc_zt=24&_nc_ht=scontent-iad6-1.cdninstagram.com&_nc_gid=WMI2tPWUAJnlmj3zmmGOgQ&_nc_ss=7d6a8&oh=00_Af6Pt6ofOyMjjmTz8I9Jp51xQ2V05t-WVRaS-M4bmdk-iw&oe=6A039416,gendis_mahendra8,gendis_mahendra8,FALSE,FALSE,6,6
3.89166969171883E+018,https://www.instagram.com/p/DYB_Pc2DhLC/?utm_source=ig_web_copy_link&igsh=MzRlODBiNWFlZA==,1.81018622420034E+016,https://www.instagram.com/p/DYB_Pc2DhLC/?utm_source=ig_web_copy_link&igsh=MzRlODBiNWFlZA==/c/18101862242003373/,🤣🤣🤣,1778198581,1,3933528305,alippots,Lip,https://scontent-iad6-1.cdninstagram.com/v/t51.82787-19/605889805_18435046654128306_6478019335538479930_n.jpg?stp=dst-jpg_s150x150_tt6&_nc_cat=106&ccb=7-5&_nc_sid=f7ccc5&efg=eyJ2ZW5jb2RlX3RhZyI6InByb2ZpbGVfcGljLnd3dy4xMDgwLkMzIn0%3D&_nc_ohc=rQ1Imf9ehmcQ7kNvwFYcwDB&_nc_oc=Ado-0_XxgI9eYspEiA54yPwxwBn9iq5wtVTexXP_h9adewSjTrjE9x6_rdBWg066WU4&_nc_zt=24&_nc_ht=scontent-iad6-1.cdninstagram.com&_nc_gid=KorXe_l-7gqhAn7_b5B-uQ&_nc_ss=7d6a8&oh=00_Af75yjBH0RAWHackQS-18z7QR3XvV2liZ5dRoco-DLa3Xg&oe=6A039452,alippots,alippots,FALSE,FALSE,0,0
3.89166969171883E+018,https://www.instagram.com/p/DYB_Pc2DhLC/?utm_source=ig_web_copy_link&igsh=MzRlODBiNWFlZA==,1.72031031952165E+016,https://www.instagram.com/p/DYB_Pc2DhLC/?utm_source=ig_web_copy_link&igsh=MzRlODBiNWFlZA==/c/17203103195216454/,Tapi BNI kok ga astaga,1778146018,3,129446541368870,santosoindah5,Santosoindah5,https://scontent-iad6-1.cdninstagram.com/v/t51.82787-19/551057952_18479436106074710_8064216012374103146_n.jpg?stp=dst-jpg_s150x150_tt6&_nc_cat=100&ccb=7-5&_nc_sid=f7ccc5&efg=eyJ2ZW5jb2RlX3RhZyI6InByb2ZpbGVfcGljLnd3dy4xMDgwLkMzIn0%3D&_nc_ohc=zisp7lviP2UQ7kNvwGVckTa&_nc_oc=AdrP4WTEinqS-M0c1U5kitNgM9nRMhRgIz15SuIEqB1Icarxkh3GfM2v5jcWXonGHZs&_nc_zt=24&_nc_ht=scontent-iad6-1.cdninstagram.com&_nc_gid=WMI2tPWUAJnlmj3zmmGOgQ&_nc_ss=7d6a8&oh=00_Af6Pt6ofOyMjjmTz8I9Jp51xQ2V05t-WVRaS-M4bmdk-iw&oe=6A039416,santosoindah5,santosoindah5,FALSE,FALSE,0,0
3.89166969171883E+018,https://www.instagram.com/p/DYB_Pc2DhLC/?utm_source=ig_web_copy_link&igsh=MzRlODBiNWFlZA==,1.83191577072829E+016,https://www.instagram.com/p/DYB_Pc2DhLC/?utm_source=ig_web_copy_link&igsh=MzRlODBiNWFlZA==/c/18319157707282927/,TIDAK PERNAH KRITIK PEMERINTAH,1778239894,0,34352257408,andrea.linskorg,Spinazzola,https://scontent-iad3-1.cdninstagram.com/v/t51.82787-19/607720045_18083105312145409_5224453772431551508_n.jpg?stp=dst-jpg_s150x150_tt6&_nc_cat=108&ccb=7-5&_nc_sid=f7ccc5&efg=eyJ2ZW5jb2RlX3RhZyI6InByb2ZpbGVfcGljLnd3dy4xMDgwLkMzIn0%3D&_nc_ohc=M08eBkGUT5MQ7kNvwFAVlFs&_nc_oc=Adp564J7xV0kcfYIimbdnD_lVeRwxbL8f2mCZ2uBfgTiNwmONnNkvJqDe9OHq20K5cA&_nc_zt=24&_nc_ht=scontent-iad3-1.cdninstagram.com&_nc_gid=Dfd6CmdWbXJuUiahTF5IFA&_nc_ss=7d6a8&oh=00_Af65-4sGqrebWNenoDGgRnW7iDB9oR1pIg3PQ84OZMwfUw&oe=6A03A92A,andrea.linskorg,andrea.linskorg,FALSE,FALSE,0,0
3.89166969171883E+018,https://www.instagram.com/p/DYB_Pc2DhLC/?utm_source=ig_web_copy_link&igsh=MzRlODBiNWFlZA==,1.56677499266152E+016,https://www.instagram.com/p/DYB_Pc2DhLC/?utm_source=ig_web_copy_link&igsh=MzRlODBiNWFlZA==/c/15667749926615148/,🔥 pemerintah copy paste cuy,1778197750,5,132388669071006,fajar.wibowo123,Rina Anggraini,https://scontent-iad6-1.cdninstagram.com/v/t51.82787-19/551057952_18479436106074710_8064216012374103146_n.jpg?stp=dst-jpg_s150x150_tt6&_nc_cat=100&ccb=7-5&_nc_sid=f7ccc5&efg=eyJ2ZW5jb2RlX3RhZyI6InByb2ZpbGVfcGljLnd3dy4xMDgwLkMzIn0%3D&_nc_ohc=zisp7lviP2UQ7kNvwGVckTa&_nc_oc=AdrP4WTEinqS-M0c1U5kitNgM9nRMhRgIz15SuIEqB1Icarxkh3GfM2v5jcWXonGHZs&_nc_zt=24&_nc_ht=scontent-iad6-1.cdninstagram.com&_nc_gid=WMI2tPWUAJnlmj3zmmGOgQ&_nc_ss=7d6a8&oh=00_Af6Pt6ofOyMjjmTz8I9Jp51xQ2V05t-WVRaS-M4bmdk-iw&oe=6A039416,fajar.wibowo123,fajar.wibowo123,FALSE,FALSE,0,0
3.89166969171883E+018,https://www.instagram.com/p/DYB_Pc2DhLC/?utm_source=ig_web_copy_link&igsh=MzRlODBiNWFlZA==,1.80942762199E+016,https://www.instagram.com/p/DYB_Pc2DhLC/?utm_source=ig_web_copy_link&igsh=MzRlODBiNWFlZA==/c/18094276219899993/,Folkative bukannya emang dari dulu memuja pemerintah apapun kebijakan yg merugikan rakyat? ☺️☺️,1778144670,3584,648038279,sofiadebi,Sofia Debi Puspa,https://scontent-iad6-1.cdninstagram.com/v/t51.82787-19/696121836_18587185267038280_8398845419852643438_n.jpg?stp=dst-jpg_s150x150_tt6&_nc_cat=106&ccb=7-5&_nc_sid=f7ccc5&efg=eyJ2ZW5jb2RlX3RhZyI6InByb2ZpbGVfcGljLnd3dy4xMDgwLkMzIn0%3D&_nc_ohc=MKd1OyjWj28Q7kNvwHKtdYQ&_nc_oc=Adre35lC_gJKpj4E7cI1k3Gw2fX1KguwgimendCp7TnPC-2b0D0YaHnL1HkGHKGEXu8&_nc_zt=24&_nc_ht=scontent-iad6-1.cdninstagram.com&_nc_gid=WMI2tPWUAJnlmj3zmmGOgQ&_nc_ss=7d6a8&oh=00_Af6Ma0wcHiyr8G_zWd0BbEo6m0q8giJTVDrogQmqyi00sA&oe=6A039966,sofiadebi,sofiadebi,FALSE,FALSE,14,14
3.89166969171883E+018,https://www.instagram.com/p/DYB_Pc2DhLC/?utm_source=ig_web_copy_link&igsh=MzRlODBiNWFlZA==,1.44180544830655E+016,https://www.instagram.com/p/DYB_Pc2DhLC/?utm_source=ig_web_copy_link&igsh=MzRlODBiNWFlZA==/c/14418054483065467/,Template sama semua 💀,1778209270,41,690443943400512,nina80,Leni Nugroho,https://scontent-iad6-1.cdninstagram.com/v/t51.82787-19/551057952_18479436106074710_8064216012374103146_n.jpg?stp=dst-jpg_s150x150_tt6&_nc_cat=100&ccb=7-5&_nc_sid=f7ccc5&efg=eyJ2ZW5jb2RlX3RhZyI6InByb2ZpbGVfcGljLnd3dy4xMDgwLkMzIn0%3D&_nc_ohc=zisp7lviP2UQ7kNvwGVckTa&_nc_oc=AdrP4WTEinqS-M0c1U5kitNgM9nRMhRgIz15SuIEqB1Icarxkh3GfM2v5jcWXonGHZs&_nc_zt=24&_nc_ht=scontent-iad6-1.cdninstagram.com&_nc_gid=WMI2tPWUAJnlmj3zmmGOgQ&_nc_ss=7d6a8&oh=00_Af6Pt6ofOyMjjmTz8I9Jp51xQ2V05t-WVRaS-M4bmdk-iw&oe=6A039416,nina80,nina80,FALSE,FALSE,6,6
3.89166969171883E+018,https://www.instagram.com/p/DYB_Pc2DhLC/?utm_source=ig_web_copy_link&igsh=MzRlODBiNWFlZA==,1.60710261190947E+016,https://www.instagram.com/p/DYB_Pc2DhLC/?utm_source=ig_web_copy_link&igsh=MzRlODBiNWFlZA==/c/16071026119094739/,Emang kritik? 🙌,1778171098,225,465522607508817,leni267,Maya Mulyadi,https://scontent-iad6-1.cdninstagram.com/v/t51.82787-19/551057952_18479436106074710_8064216012374103146_n.jpg?stp=dst-jpg_s150x150_tt6&_nc_cat=100&ccb=7-5&_nc_sid=f7ccc5&efg=eyJ2ZW5jb2RlX3RhZyI6InByb2ZpbGVfcGljLnd3dy4xMDgwLkMzIn0%3D&_nc_ohc=zisp7lviP2UQ7kNvwGVckTa&_nc_oc=AdrP4WTEinqS-M0c1U5kitNgM9nRMhRgIz15SuIEqB1Icarxkh3GfM2v5jcWXonGHZs&_nc_zt=24&_nc_ht=scontent-iad6-1.cdninstagram.com&_nc_gid=WMI2tPWUAJnlmj3zmmGOgQ&_nc_ss=7d6a8&oh=00_Af6Pt6ofOyMjjmTz8I9Jp51xQ2V05t-WVRaS-M4bmdk-iw&oe=6A039416,leni267,leni267,FALSE,FALSE,14,14
3.89166969171883E+018,https://www.instagram.com/p/DYB_Pc2DhLC/?utm_source=ig_web_copy_link&igsh=MzRlODBiNWFlZA==,1.69570244713974E+016,https://www.instagram.com/p/DYB_Pc2DhLC/?utm_source=ig_web_copy_link&igsh=MzRlODBiNWFlZA==/c/16957024471397383/,Pemerintah klaim darimana? serius?,1778192470,17,423037806806051,wawan.aisyah77,Wawan Lestari,https://scontent-iad6-1.cdninstagram.com/v/t51.82787-19/551057952_18479436106074710_8064216012374103146_n.jpg?stp=dst-jpg_s150x150_tt6&_nc_cat=100&ccb=7-5&_nc_sid=f7ccc5&efg=eyJ2ZW5jb2RlX3RhZyI6InByb2ZpbGVfcGljLnd3dy4xMDgwLkMzIn0%3D&_nc_ohc=zisp7lviP2UQ7kNvwGVckTa&_nc_oc=AdrP4WTEinqS-M0c1U5kitNgM9nRMhRgIz15SuIEqB1Icarxkh3GfM2v5jcWXonGHZs&_nc_zt=24&_nc_ht=scontent-iad6-1.cdninstagram.com&_nc_gid=WMI2tPWUAJnlmj3zmmGOgQ&_nc_ss=7d6a8&oh=00_Af6Pt6ofOyMjjmTz8I9Jp51xQ2V05t-WVRaS-M4bmdk-iw&oe=6A039416,wawan.aisyah77,wawan.aisyah77,FALSE,FALSE,3,3
3.89166969171883E+018,https://www.instagram.com/p/DYB_Pc2DhLC/?utm_source=ig_web_copy_link&igsh=MzRlODBiNWFlZA==,1.14759403147256E+016,https://www.instagram.com/p/DYB_Pc2DhLC/?utm_source=ig_web_copy_link&igsh=MzRlODBiNWFlZA==/c/11475940314725550/,Istana briefing sumber? salfok 🔥,1778152685,32,291866312221313,haryantokartika123,Cahya Lestari,https://scontent-iad6-1.cdninstagram.com/v/t51.82787-19/551057952_18479436106074710_8064216012374103146_n.jpg?stp=dst-jpg_s150x150_tt6&_nc_cat=100&ccb=7-5&_nc_sid=f7ccc5&efg=eyJ2ZW5jb2RlX3RhZyI6InByb2ZpbGVfcGljLnd3dy4xMDgwLkMzIn0%3D&_nc_ohc=zisp7lviP2UQ7kNvwGVckTa&_nc_oc=AdrP4WTEinqS-M0c1U5kitNgM9nRMhRgIz15SuIEqB1Icarxkh3GfM2v5jcWXonGHZs&_nc_zt=24&_nc_ht=scontent-iad6-1.cdninstagram.com&_nc_gid=WMI2tPWUAJnlmj3zmmGOgQ&_nc_ss=7d6a8&oh=00_Af6Pt6ofOyMjjmTz8I9Jp51xQ2V05t-WVRaS-M4bmdk-iw&oe=6A039416,haryantokartika123,haryantokartika123,FALSE,FALSE,4,4
3.89166969171883E+018,https://www.instagram.com/p/DYB_Pc2DhLC/?utm_source=ig_web_copy_link&igsh=MzRlODBiNWFlZA==,1.27440706181851E+016,https://www.instagram.com/p/DYB_Pc2DhLC/?utm_source=ig_web_copy_link&igsh=MzRlODBiNWFlZA==/c/12744070618185073/,Pemerintah klaim data? gila hahaha,1778241482,3,601694163720621,si_hendra123,Si_hendra123,https://scontent-iad6-1.cdninstagram.com/v/t51.82787-19/551057952_18479436106074710_8064216012374103146_n.jpg?stp=dst-jpg_s150x150_tt6&_nc_cat=100&ccb=7-5&_nc_sid=f7ccc5&efg=eyJ2ZW5jb2RlX3RhZyI6InByb2ZpbGVfcGljLnd3dy4xMDgwLkMzIn0%3D&_nc_ohc=zisp7lviP2UQ7kNvwGVckTa&_nc_oc=AdrP4WTEinqS-M0c1U5kitNgM9nRMhRgIz15SuIEqB1Icarxkh3GfM2v5jcWXonGHZs&_nc_zt=24&_nc_ht=scontent-iad6-1.cdninstagram.com&_nc_gid=WMI2tPWUAJnlmj3zmmGOgQ&_nc_ss=7d6a8&oh=00_Af6Pt6ofOyMjjmTz8I9Jp51xQ2V05t-WVRaS-M4bmdk-iw&oe=6A039416,si_hendra123,si_hendra123,FALSE,FALSE,0,0
3.89166969171883E+018,https://www.instagram.com/p/DYB_Pc2DhLC/?utm_source=ig_web_copy_link&igsh=MzRlODBiNWFlZA==,1.83775848414718E+016,https://www.instagram.com/p/DYB_Pc2DhLC/?utm_source=ig_web_copy_link&igsh=MzRlODBiNWFlZA==/c/18377584841471771/,BNI kasus darimana? gila 💀,1778206760,2,936904306569074,si_nina7,Si_nina7,https://scontent-iad6-1.cdninstagram.com/v/t51.82787-19/551057952_18479436106074710_8064216012374103146_n.jpg?stp=dst-jpg_s150x150_tt6&_nc_cat=100&ccb=7-5&_nc_sid=f7ccc5&efg=eyJ2ZW5jb2RlX3RhZyI6InByb2ZpbGVfcGljLnd3dy4xMDgwLkMzIn0%3D&_nc_ohc=zisp7lviP2UQ7kNvwGVckTa&_nc_oc=AdrP4WTEinqS-M0c1U5kitNgM9nRMhRgIz15SuIEqB1Icarxkh3GfM2v5jcWXonGHZs&_nc_zt=24&_nc_ht=scontent-iad6-1.cdninstagram.com&_nc_gid=WMI2tPWUAJnlmj3zmmGOgQ&_nc_ss=7d6a8&oh=00_Af6Pt6ofOyMjjmTz8I9Jp51xQ2V05t-WVRaS-M4bmdk-iw&oe=6A039416,si_nina7,si_nina7,FALSE,FALSE,1,1
3.89166969171883E+018,https://www.instagram.com/p/DYB_Pc2DhLC/?utm_source=ig_web_copy_link&igsh=MzRlODBiNWFlZA==,1.98449710445733E+016,https://www.instagram.com/p/DYB_Pc2DhLC/?utm_source=ig_web_copy_link&igsh=MzRlODBiNWFlZA==/c/19844971044573308/,masa sih rezim klarifikasi bro buset,1778147930,43,797829894569554,bellamin,Bellamin,https://scontent-iad6-1.cdninstagram.com/v/t51.82787-19/551057952_18479436106074710_8064216012374103146_n.jpg?stp=dst-jpg_s150x150_tt6&_nc_cat=100&ccb=7-5&_nc_sid=f7ccc5&efg=eyJ2ZW5jb2RlX3RhZyI6InByb2ZpbGVfcGljLnd3dy4xMDgwLkMzIn0%3D&_nc_ohc=zisp7lviP2UQ7kNvwGVckTa&_nc_oc=AdrP4WTEinqS-M0c1U5kitNgM9nRMhRgIz15SuIEqB1Icarxkh3GfM2v5jcWXonGHZs&_nc_zt=24&_nc_ht=scontent-iad6-1.cdninstagram.com&_nc_gid=WMI2tPWUAJnlmj3zmmGOgQ&_nc_ss=7d6a8&oh=00_Af6Pt6ofOyMjjmTz8I9Jp51xQ2V05t-WVRaS-M4bmdk-iw&oe=6A039416,bellamin,bellamin,TRUE,FALSE,4,4
3.89166969171883E+018,https://www.instagram.com/p/DYB_Pc2DhLC/?utm_source=ig_web_copy_link&igsh=MzRlODBiNWFlZA==,1.02221937357994E+016,https://www.instagram.com/p/DYB_Pc2DhLC/?utm_source=ig_web_copy_link&igsh=MzRlODBiNWFlZA==/c/10222193735799356/,Jadi template? 😂,1778157073,3,479804078462288,si_xena77,Si_xena77,https://scontent-iad6-1.cdninstagram.com/v/t51.82787-19/551057952_18479436106074710_8064216012374103146_n.jpg?stp=dst-jpg_s150x150_tt6&_nc_cat=100&ccb=7-5&_nc_sid=f7ccc5&efg=eyJ2ZW5jb2RlX3RhZyI6InByb2ZpbGVfcGljLnd3dy4xMDgwLkMzIn0%3D&_nc_ohc=zisp7lviP2UQ7kNvwGVckTa&_nc_oc=AdrP4WTEinqS-M0c1U5kitNgM9nRMhRgIz15SuIEqB1Icarxkh3GfM2v5jcWXonGHZs&_nc_zt=24&_nc_ht=scontent-iad6-1.cdninstagram.com&_nc_gid=WMI2tPWUAJnlmj3zmmGOgQ&_nc_ss=7d6a8&oh=00_Af6Pt6ofOyMjjmTz8I9Jp51xQ2V05t-WVRaS-M4bmdk-iw&oe=6A039416,si_xena77,si_xena77,FALSE,FALSE,1,1
3.89166969171883E+018,https://www.instagram.com/p/DYB_Pc2DhLC/?utm_source=ig_web_copy_link&igsh=MzRlODBiNWFlZA==,1.04931111045728E+016,https://www.instagram.com/p/DYB_Pc2DhLC/?utm_source=ig_web_copy_link&igsh=MzRlODBiNWFlZA==/c/10493111104572795/,@folkative masa sih copy paste BNI buset,1778179032,44,441543691527733,si_wawan11,Si_wawan11,https://scontent-iad6-1.cdninstagram.com/v/t51.82787-19/551057952_18479436106074710_8064216012374103146_n.jpg?stp=dst-jpg_s150x150_tt6&_nc_cat=100&ccb=7-5&_nc_sid=f7ccc5&efg=eyJ2ZW5jb2RlX3RhZyI6InByb2ZpbGVfcGljLnd3dy4xMDgwLkMzIn0%3D&_nc_ohc=zisp7lviP2UQ7kNvwGVckTa&_nc_oc=AdrP4WTEinqS-M0c1U5kitNgM9nRMhRgIz15SuIEqB1Icarxkh3GfM2v5jcWXonGHZs&_nc_zt=24&_nc_ht=scontent-iad6-1.cdninstagram.com&_nc_gid=WMI2tPWUAJnlmj3zmmGOgQ&_nc_ss=7d6a8&oh=00_Af6Pt6ofOyMjjmTz8I9Jp51xQ2V05t-WVRaS-M4bmdk-iw&oe=6A039416,si_wawan11,si_wawan11,FALSE,FALSE,3,3
3.89166969171883E+018,https://www.instagram.com/p/DYB_Pc2DhLC/?utm_source=ig_web_copy_link&igsh=MzRlODBiNWFlZA==,1.81687926314216E+016,https://www.instagram.com/p/DYB_Pc2DhLC/?utm_source=ig_web_copy_link&igsh=MzRlODBiNWFlZA==/c/18168792631421633/,WADAWW UDAH BEBERAPA AKUN MEDIA SAMPE KLARIFIKASI HAL YANG SAMA 🙃🙃🙃,1778143457,163,43511588823,cettamandarin,Cetta - Kursus Bahasa Mandarin 🇨🇳🇹🇼 #Pedeajadulu,https://scontent-iad3-1.cdninstagram.com/v/t51.82787-19/657829327_18077043275452824_8507011888499935423_n.jpg?stp=dst-jpg_s150x150_tt6&_nc_cat=1&ccb=7-5&_nc_sid=f7ccc5&efg=eyJ2ZW5jb2RlX3RhZyI6InByb2ZpbGVfcGljLnd3dy4xMDgwLkMzIn0%3D&_nc_ohc=NgO9hdPqubAQ7kNvwEwQA3J&_nc_oc=Adre0D9W59suDnAhVZ706Tt5yN2nPkppOhlS4miO1TPVqXJFQ3i9mf0KcGqKLlmDf5I&_nc_zt=24&_nc_ht=scontent-iad3-1.cdninstagram.com&_nc_gid=WMI2tPWUAJnlmj3zmmGOgQ&_nc_ss=7d6a8&oh=00_Af51Oypo2IdRE4e7UbhH9yojGzGfEVUUmHMaqAROxcIGZw&oe=6A03AD1A,cettamandarin,cettamandarin,FALSE,FALSE,2,2
3.89166969171883E+018,https://www.instagram.com/p/DYB_Pc2DhLC/?utm_source=ig_web_copy_link&igsh=MzRlODBiNWFlZA==,1.58987581866067E+016,https://www.instagram.com/p/DYB_Pc2DhLC/?utm_source=ig_web_copy_link&igsh=MzRlODBiNWFlZA==/c/15898758186606687/,Lah arahan? hahaha gila,1778171250,28,149012078606134,putri.kusuma10,Vina Utami,https://scontent-iad6-1.cdninstagram.com/v/t51.82787-19/551057952_18479436106074710_8064216012374103146_n.jpg?stp=dst-jpg_s150x150_tt6&_nc_cat=100&ccb=7-5&_nc_sid=f7ccc5&efg=eyJ2ZW5jb2RlX3RhZyI6InByb2ZpbGVfcGljLnd3dy4xMDgwLkMzIn0%3D&_nc_ohc=zisp7lviP2UQ7kNvwGVckTa&_nc_oc=AdrP4WTEinqS-M0c1U5kitNgM9nRMhRgIz15SuIEqB1Icarxkh3GfM2v5jcWXonGHZs&_nc_zt=24&_nc_ht=scontent-iad6-1.cdninstagram.com&_nc_gid=WMI2tPWUAJnlmj3zmmGOgQ&_nc_ss=7d6a8&oh=00_Af6Pt6ofOyMjjmTz8I9Jp51xQ2V05t-WVRaS-M4bmdk-iw&oe=6A039416,putri.kusuma10,putri.kusuma10,FALSE,FALSE,8,8
3.89166969171883E+018,https://www.instagram.com/p/DYB_Pc2DhLC/?utm_source=ig_web_copy_link&igsh=MzRlODBiNWFlZA==,1.107486557105E+016,https://www.instagram.com/p/DYB_Pc2DhLC/?utm_source=ig_web_copy_link&igsh=MzRlODBiNWFlZA==/c/11074865571050022/,Baru tau liat rezim waduh,1778187301,135,766549361058286,si_doni77,Sari Mulyadi,https://scontent-iad6-1.cdninstagram.com/v/t51.82787-19/551057952_18479436106074710_8064216012374103146_n.jpg?stp=dst-jpg_s150x150_tt6&_nc_cat=100&ccb=7-5&_nc_sid=f7ccc5&efg=eyJ2ZW5jb2RlX3RhZyI6InByb2ZpbGVfcGljLnd3dy4xMDgwLkMzIn0%3D&_nc_ohc=zisp7lviP2UQ7kNvwGVckTa&_nc_oc=AdrP4WTEinqS-M0c1U5kitNgM9nRMhRgIz15SuIEqB1Icarxkh3GfM2v5jcWXonGHZs&_nc_zt=24&_nc_ht=scontent-iad6-1.cdninstagram.com&_nc_gid=WMI2tPWUAJnlmj3zmmGOgQ&_nc_ss=7d6a8&oh=00_Af6Pt6ofOyMjjmTz8I9Jp51xQ2V05t-WVRaS-M4bmdk-iw&oe=6A039416,si_doni77,si_doni77,FALSE,FALSE,20,20
3.89166969171883E+018,https://www.instagram.com/p/DYB_Pc2DhLC/?utm_source=ig_web_copy_link&igsh=MzRlODBiNWFlZA==,1.80125584706998E+016,https://www.instagram.com/p/DYB_Pc2DhLC/?utm_source=ig_web_copy_link&igsh=MzRlODBiNWFlZA==/c/18012558470699787/,ah masa,1778241094,0,44490165,matcha._mantra,matcha.mantra,https://scontent-iad3-2.cdninstagram.com/v/t51.82787-19/558185230_18531559333010166_3057733260080447289_n.jpg?stp=dst-jpg_s150x150_tt6&_nc_cat=105&ccb=7-5&_nc_sid=f7ccc5&efg=eyJ2ZW5jb2RlX3RhZyI6InByb2ZpbGVfcGljLnd3dy4xMDgwLkMzIn0%3D&_nc_ohc=tOxCmIpeHlUQ7kNvwHfIzEo&_nc_oc=AdpZCqAjZfoQO_jtZZzwiSVH9PTsU9JsOLZQn5LZzk2P4o2nY9VwodC7eSqBG3VkAlc&_nc_zt=24&_nc_ht=scontent-iad3-2.cdninstagram.com&_nc_gid=Dfd6CmdWbXJuUiahTF5IFA&_nc_ss=7d6a8&oh=00_Af42u2ajQyxr3KU8bO8011_n7fB1vZKYXrtNcGoJfD7yYg&oe=6A03B4FC,matcha._mantra,matcha._mantra,FALSE,FALSE,0,0
3.89166969171883E+018,https://www.instagram.com/p/DYB_Pc2DhLC/?utm_source=ig_web_copy_link&igsh=MzRlODBiNWFlZA==,1.8200094313357E+016,https://www.instagram.com/p/DYB_Pc2DhLC/?utm_source=ig_web_copy_link&igsh=MzRlODBiNWFlZA==/c/18200094313357033/,Unfollow dulu klz,1778145070,1,339535,mynameisfitrah,Fitrah Kurnia,https://scontent-iad3-1.cdninstagram.com/v/t51.82787-19/657264705_18579975895019536_7405798140460056475_n.jpg?stp=dst-jpg_s150x150_tt6&_nc_cat=110&ccb=7-5&_nc_sid=f7ccc5&efg=eyJ2ZW5jb2RlX3RhZyI6InByb2ZpbGVfcGljLnd3dy4xMDI0LkMzIn0%3D&_nc_ohc=pjECROVmxhcQ7kNvwHHDMH7&_nc_oc=Ado3-D1wnJojgvsuGEHizSZ0HBSTKkFGswc-mDb2X3r8NcAq8DRct9O_kLk3H0EhjZI&_nc_zt=24&_nc_ht=scontent-iad3-1.cdninstagram.com&_nc_gid=cVlGf0MZ106mW3dL54x9tA&_nc_ss=7d6a8&oh=00_Af4EbX30UJDlRY11TmZWOFnMTQ1_EoRMOXR2pxioEBMMSQ&oe=6A03852D,mynameisfitrah,mynameisfitrah,FALSE,FALSE,2,2
3.89166969171883E+018,https://www.instagram.com/p/DYB_Pc2DhLC/?utm_source=ig_web_copy_link&igsh=MzRlODBiNWFlZA==,1.93773090498618E+016,https://www.instagram.com/p/DYB_Pc2DhLC/?utm_source=ig_web_copy_link&igsh=MzRlODBiNWFlZA==/c/19377309049861806/,Istana briefing data? 😂 🙌,1778198755,17,711421534257377,hadisantoso321,Fajar Kusuma,https://scontent-iad6-1.cdninstagram.com/v/t51.82787-19/551057952_18479436106074710_8064216012374103146_n.jpg?stp=dst-jpg_s150x150_tt6&_nc_cat=100&ccb=7-5&_nc_sid=f7ccc5&efg=eyJ2ZW5jb2RlX3RhZyI6InByb2ZpbGVfcGljLnd3dy4xMDgwLkMzIn0%3D&_nc_ohc=zisp7lviP2UQ7kNvwGVckTa&_nc_oc=AdrP4WTEinqS-M0c1U5kitNgM9nRMhRgIz15SuIEqB1Icarxkh3GfM2v5jcWXonGHZs&_nc_zt=24&_nc_ht=scontent-iad6-1.cdninstagram.com&_nc_gid=WMI2tPWUAJnlmj3zmmGOgQ&_nc_ss=7d6a8&oh=00_Af6Pt6ofOyMjjmTz8I9Jp51xQ2V05t-WVRaS-M4bmdk-iw&oe=6A039416,hadisantoso321,hadisantoso321,FALSE,FALSE,8,8
3.89166969171883E+018,https://www.instagram.com/p/DYB_Pc2DhLC/?utm_source=ig_web_copy_link&igsh=MzRlODBiNWFlZA==,1.06387990628251E+016,https://www.instagram.com/p/DYB_Pc2DhLC/?utm_source=ig_web_copy_link&igsh=MzRlODBiNWFlZA==/c/10638799062825134/,buset buzzer klarifikasi cuy,1778160538,356,761175192700923,maya.handayani88,Maya.handayani88,https://scontent-iad6-1.cdninstagram.com/v/t51.82787-19/551057952_18479436106074710_8064216012374103146_n.jpg?stp=dst-jpg_s150x150_tt6&_nc_cat=100&ccb=7-5&_nc_sid=f7ccc5&efg=eyJ2ZW5jb2RlX3RhZyI6InByb2ZpbGVfcGljLnd3dy4xMDgwLkMzIn0%3D&_nc_ohc=zisp7lviP2UQ7kNvwGVckTa&_nc_oc=AdrP4WTEinqS-M0c1U5kitNgM9nRMhRgIz15SuIEqB1Icarxkh3GfM2v5jcWXonGHZs&_nc_zt=24&_nc_ht=scontent-iad6-1.cdninstagram.com&_nc_gid=WMI2tPWUAJnlmj3zmmGOgQ&_nc_ss=7d6a8&oh=00_Af6Pt6ofOyMjjmTz8I9Jp51xQ2V05t-WVRaS-M4bmdk-iw&oe=6A039416,maya.handayani88,maya.handayani88,FALSE,FALSE,8,8
3.89166969171883E+018,https://www.instagram.com/p/DYB_Pc2DhLC/?utm_source=ig_web_copy_link&igsh=MzRlODBiNWFlZA==,1.2933667109724E+016,https://www.instagram.com/p/DYB_Pc2DhLC/?utm_source=ig_web_copy_link&igsh=MzRlODBiNWFlZA==/c/12933667109723975/,😂 panik nih pemerintah,1778191450,171,725811821670164,gita877,Gita877,https://scontent-iad6-1.cdninstagram.com/v/t51.82787-19/551057952_18479436106074710_8064216012374103146_n.jpg?stp=dst-jpg_s150x150_tt6&_nc_cat=100&ccb=7-5&_nc_sid=f7ccc5&efg=eyJ2ZW5jb2RlX3RhZyI6InByb2ZpbGVfcGljLnd3dy4xMDgwLkMzIn0%3D&_nc_ohc=zisp7lviP2UQ7kNvwGVckTa&_nc_oc=AdrP4WTEinqS-M0c1U5kitNgM9nRMhRgIz15SuIEqB1Icarxkh3GfM2v5jcWXonGHZs&_nc_zt=24&_nc_ht=scontent-iad6-1.cdninstagram.com&_nc_gid=WMI2tPWUAJnlmj3zmmGOgQ&_nc_ss=7d6a8&oh=00_Af6Pt6ofOyMjjmTz8I9Jp51xQ2V05t-WVRaS-M4bmdk-iw&oe=6A039416,gita877,gita877,FALSE,FALSE,9,9
3.89166969171883E+018,https://www.instagram.com/p/DYB_Pc2DhLC/?utm_source=ig_web_copy_link&igsh=MzRlODBiNWFlZA==,1.47657520530121E+016,https://www.instagram.com/p/DYB_Pc2DhLC/?utm_source=ig_web_copy_link&igsh=MzRlODBiNWFlZA==/c/14765752053012083/,Setuju sama rezim 😂,1778237856,50,277151140158942,umar1,Andi Utami,https://scontent-iad6-1.cdninstagram.com/v/t51.82787-19/551057952_18479436106074710_8064216012374103146_n.jpg?stp=dst-jpg_s150x150_tt6&_nc_cat=100&ccb=7-5&_nc_sid=f7ccc5&efg=eyJ2ZW5jb2RlX3RhZyI6InByb2ZpbGVfcGljLnd3dy4xMDgwLkMzIn0%3D&_nc_ohc=zisp7lviP2UQ7kNvwGVckTa&_nc_oc=AdrP4WTEinqS-M0c1U5kitNgM9nRMhRgIz15SuIEqB1Icarxkh3GfM2v5jcWXonGHZs&_nc_zt=24&_nc_ht=scontent-iad6-1.cdninstagram.com&_nc_gid=WMI2tPWUAJnlmj3zmmGOgQ&_nc_ss=7d6a8&oh=00_Af6Pt6ofOyMjjmTz8I9Jp51xQ2V05t-WVRaS-M4bmdk-iw&oe=6A039416,umar1,umar1,FALSE,FALSE,4,4
3.89166969171883E+018,https://www.instagram.com/p/DYB_Pc2DhLC/?utm_source=ig_web_copy_link&igsh=MzRlODBiNWFlZA==,1.64516107667777E+016,https://www.instagram.com/p/DYB_Pc2DhLC/?utm_source=ig_web_copy_link&igsh=MzRlODBiNWFlZA==/c/16451610766777718/,Template copas buset astaga,1778159651,199,533860751867940,tono_gunawan10,Sari Nugroho,https://scontent-iad6-1.cdninstagram.com/v/t51.82787-19/551057952_18479436106074710_8064216012374103146_n.jpg?stp=dst-jpg_s150x150_tt6&_nc_cat=100&ccb=7-5&_nc_sid=f7ccc5&efg=eyJ2ZW5jb2RlX3RhZyI6InByb2ZpbGVfcGljLnd3dy4xMDgwLkMzIn0%3D&_nc_ohc=zisp7lviP2UQ7kNvwGVckTa&_nc_oc=AdrP4WTEinqS-M0c1U5kitNgM9nRMhRgIz15SuIEqB1Icarxkh3GfM2v5jcWXonGHZs&_nc_zt=24&_nc_ht=scontent-iad6-1.cdninstagram.com&_nc_gid=WMI2tPWUAJnlmj3zmmGOgQ&_nc_ss=7d6a8&oh=00_Af6Pt6ofOyMjjmTz8I9Jp51xQ2V05t-WVRaS-M4bmdk-iw&oe=6A039416,tono_gunawan10,tono_gunawan10,FALSE,FALSE,11,11
3.89166969171883E+018,https://www.instagram.com/p/DYB_Pc2DhLC/?utm_source=ig_web_copy_link&igsh=MzRlODBiNWFlZA==,1.94448366950963E+016,https://www.instagram.com/p/DYB_Pc2DhLC/?utm_source=ig_web_copy_link&igsh=MzRlODBiNWFlZA==/c/19444836695096344/,Template copas gila 🗿,1778162293,28,775055543506955,realbudi77,Realbudi77,https://scontent-iad6-1.cdninstagram.com/v/t51.82787-19/551057952_18479436106074710_8064216012374103146_n.jpg?stp=dst-jpg_s150x150_tt6&_nc_cat=100&ccb=7-5&_nc_sid=f7ccc5&efg=eyJ2ZW5jb2RlX3RhZyI6InByb2ZpbGVfcGljLnd3dy4xMDgwLkMzIn0%3D&_nc_ohc=zisp7lviP2UQ7kNvwGVckTa&_nc_oc=AdrP4WTEinqS-M0c1U5kitNgM9nRMhRgIz15SuIEqB1Icarxkh3GfM2v5jcWXonGHZs&_nc_zt=24&_nc_ht=scontent-iad6-1.cdninstagram.com&_nc_gid=WMI2tPWUAJnlmj3zmmGOgQ&_nc_ss=7d6a8&oh=00_Af6Pt6ofOyMjjmTz8I9Jp51xQ2V05t-WVRaS-M4bmdk-iw&oe=6A039416,realbudi77,realbudi77,FALSE,FALSE,5,5
3.89166969171883E+018,https://www.instagram.com/p/DYB_Pc2DhLC/?utm_source=ig_web_copy_link&igsh=MzRlODBiNWFlZA==,1.98432172364381E+016,https://www.instagram.com/p/DYB_Pc2DhLC/?utm_source=ig_web_copy_link&igsh=MzRlODBiNWFlZA==/c/19843217236438142/,Padahal swasembada beneran? salfok waduh,1778215671,45,298606500672279,si_tono4,Si_tono4,https://scontent-iad6-1.cdninstagram.com/v/t51.82787-19/551057952_18479436106074710_8064216012374103146_n.jpg?stp=dst-jpg_s150x150_tt6&_nc_cat=100&ccb=7-5&_nc_sid=f7ccc5&efg=eyJ2ZW5jb2RlX3RhZyI6InByb2ZpbGVfcGljLnd3dy4xMDgwLkMzIn0%3D&_nc_ohc=zisp7lviP2UQ7kNvwGVckTa&_nc_oc=AdrP4WTEinqS-M0c1U5kitNgM9nRMhRgIz15SuIEqB1Icarxkh3GfM2v5jcWXonGHZs&_nc_zt=24&_nc_ht=scontent-iad6-1.cdninstagram.com&_nc_gid=WMI2tPWUAJnlmj3zmmGOgQ&_nc_ss=7d6a8&oh=00_Af6Pt6ofOyMjjmTz8I9Jp51xQ2V05t-WVRaS-M4bmdk-iw&oe=6A039416,si_tono4,si_tono4,FALSE,FALSE,3,3
3.89166969171883E+018,https://www.instagram.com/p/DYB_Pc2DhLC/?utm_source=ig_web_copy_link&igsh=MzRlODBiNWFlZA==,1.01519900340439E+016,https://www.instagram.com/p/DYB_Pc2DhLC/?utm_source=ig_web_copy_link&igsh=MzRlODBiNWFlZA==/c/10151990034043935/,Setuju liat qodari 🤣,1778154714,353,1075264998604475,putri_kusuma88,Joko Sari,https://scontent-iad6-1.cdninstagram.com/v/t51.82787-19/551057952_18479436106074710_8064216012374103146_n.jpg?stp=dst-jpg_s150x150_tt6&_nc_cat=100&ccb=7-5&_nc_sid=f7ccc5&efg=eyJ2ZW5jb2RlX3RhZyI6InByb2ZpbGVfcGljLnd3dy4xMDgwLkMzIn0%3D&_nc_ohc=zisp7lviP2UQ7kNvwGVckTa&_nc_oc=AdrP4WTEinqS-M0c1U5kitNgM9nRMhRgIz15SuIEqB1Icarxkh3GfM2v5jcWXonGHZs&_nc_zt=24&_nc_ht=scontent-iad6-1.cdninstagram.com&_nc_gid=WMI2tPWUAJnlmj3zmmGOgQ&_nc_ss=7d6a8&oh=00_Af6Pt6ofOyMjjmTz8I9Jp51xQ2V05t-WVRaS-M4bmdk-iw&oe=6A039416,putri_kusuma88,putri_kusuma88,FALSE,FALSE,15,15
3.89166969171883E+018,https://www.instagram.com/p/DYB_Pc2DhLC/?utm_source=ig_web_copy_link&igsh=MzRlODBiNWFlZA==,1.54343326528721E+016,https://www.instagram.com/p/DYB_Pc2DhLC/?utm_source=ig_web_copy_link&igsh=MzRlODBiNWFlZA==/c/15434332652872116/,💀 cuci tangan nih buzzer,1778234170,35,1060041014819905,putri405,Putri405,https://scontent-iad6-1.cdninstagram.com/v/t51.82787-19/551057952_18479436106074710_8064216012374103146_n.jpg?stp=dst-jpg_s150x150_tt6&_nc_cat=100&ccb=7-5&_nc_sid=f7ccc5&efg=eyJ2ZW5jb2RlX3RhZyI6InByb2ZpbGVfcGljLnd3dy4xMDgwLkMzIn0%3D&_nc_ohc=zisp7lviP2UQ7kNvwGVckTa&_nc_oc=AdrP4WTEinqS-M0c1U5kitNgM9nRMhRgIz15SuIEqB1Icarxkh3GfM2v5jcWXonGHZs&_nc_zt=24&_nc_ht=scontent-iad6-1.cdninstagram.com&_nc_gid=WMI2tPWUAJnlmj3zmmGOgQ&_nc_ss=7d6a8&oh=00_Af6Pt6ofOyMjjmTz8I9Jp51xQ2V05t-WVRaS-M4bmdk-iw&oe=6A039416,putri405,putri405,FALSE,FALSE,4,4
3.89166969171883E+018,https://www.instagram.com/p/DYB_Pc2DhLC/?utm_source=ig_web_copy_link&igsh=MzRlODBiNWFlZA==,1.48798643987987E+016,https://www.instagram.com/p/DYB_Pc2DhLC/?utm_source=ig_web_copy_link&igsh=MzRlODBiNWFlZA==/c/14879864398798647/,BNI kasus darimana? 💀,1778157705,188,330460415956332,si_gita,Sari Putra,https://scontent-iad6-1.cdninstagram.com/v/t51.82787-19/551057952_18479436106074710_8064216012374103146_n.jpg?stp=dst-jpg_s150x150_tt6&_nc_cat=100&ccb=7-5&_nc_sid=f7ccc5&efg=eyJ2ZW5jb2RlX3RhZyI6InByb2ZpbGVfcGljLnd3dy4xMDgwLkMzIn0%3D&_nc_ohc=zisp7lviP2UQ7kNvwGVckTa&_nc_oc=AdrP4WTEinqS-M0c1U5kitNgM9nRMhRgIz15SuIEqB1Icarxkh3GfM2v5jcWXonGHZs&_nc_zt=24&_nc_ht=scontent-iad6-1.cdninstagram.com&_nc_gid=WMI2tPWUAJnlmj3zmmGOgQ&_nc_ss=7d6a8&oh=00_Af6Pt6ofOyMjjmTz8I9Jp51xQ2V05t-WVRaS-M4bmdk-iw&oe=6A039416,si_gita,si_gita,FALSE,FALSE,1,1
3.89166969171883E+018,https://www.instagram.com/p/DYB_Pc2DhLC/?utm_source=ig_web_copy_link&igsh=MzRlODBiNWFlZA==,1.37192752907936E+016,https://www.instagram.com/p/DYB_Pc2DhLC/?utm_source=ig_web_copy_link&igsh=MzRlODBiNWFlZA==/c/13719275290793576/,😂 buzer arahan min,1778188798,31,781630578192389,si_rina3,Si_rina3,https://scontent-iad6-1.cdninstagram.com/v/t51.82787-19/551057952_18479436106074710_8064216012374103146_n.jpg?stp=dst-jpg_s150x150_tt6&_nc_cat=100&ccb=7-5&_nc_sid=f7ccc5&efg=eyJ2ZW5jb2RlX3RhZyI6InByb2ZpbGVfcGljLnd3dy4xMDgwLkMzIn0%3D&_nc_ohc=zisp7lviP2UQ7kNvwGVckTa&_nc_oc=AdrP4WTEinqS-M0c1U5kitNgM9nRMhRgIz15SuIEqB1Icarxkh3GfM2v5jcWXonGHZs&_nc_zt=24&_nc_ht=scontent-iad6-1.cdninstagram.com&_nc_gid=WMI2tPWUAJnlmj3zmmGOgQ&_nc_ss=7d6a8&oh=00_Af6Pt6ofOyMjjmTz8I9Jp51xQ2V05t-WVRaS-M4bmdk-iw&oe=6A039416,si_rina3,si_rina3,FALSE,FALSE,3,3
3.89166969171883E+018,https://www.instagram.com/p/DYB_Pc2DhLC/?utm_source=ig_web_copy_link&igsh=MzRlODBiNWFlZA==,1.29713296156242E+016,https://www.instagram.com/p/DYB_Pc2DhLC/?utm_source=ig_web_copy_link&igsh=MzRlODBiNWFlZA==/c/12971329615624204/,Padahal swasembada gimana sih salfok,1778174779,45,210163316583799,wehfajar3,Wehfajar3,https://scontent-iad6-1.cdninstagram.com/v/t51.82787-19/551057952_18479436106074710_8064216012374103146_n.jpg?stp=dst-jpg_s150x150_tt6&_nc_cat=100&ccb=7-5&_nc_sid=f7ccc5&efg=eyJ2ZW5jb2RlX3RhZyI6InByb2ZpbGVfcGljLnd3dy4xMDgwLkMzIn0%3D&_nc_ohc=zisp7lviP2UQ7kNvwGVckTa&_nc_oc=AdrP4WTEinqS-M0c1U5kitNgM9nRMhRgIz15SuIEqB1Icarxkh3GfM2v5jcWXonGHZs&_nc_zt=24&_nc_ht=scontent-iad6-1.cdninstagram.com&_nc_gid=WMI2tPWUAJnlmj3zmmGOgQ&_nc_ss=7d6a8&oh=00_Af6Pt6ofOyMjjmTz8I9Jp51xQ2V05t-WVRaS-M4bmdk-iw&oe=6A039416,wehfajar3,wehfajar3,FALSE,FALSE,1,1
3.89166969171883E+018,https://www.instagram.com/p/DYB_Pc2DhLC/?utm_source=ig_web_copy_link&igsh=MzRlODBiNWFlZA==,1.60204226608791E+016,https://www.instagram.com/p/DYB_Pc2DhLC/?utm_source=ig_web_copy_link&igsh=MzRlODBiNWFlZA==/c/16020422660879086/,Sadar sama buzzer masa sih masa sih,1778170862,23,1096723935347044,qori490,Yanti Pratama,https://scontent-iad6-1.cdninstagram.com/v/t51.82787-19/551057952_18479436106074710_8064216012374103146_n.jpg?stp=dst-jpg_s150x150_tt6&_nc_cat=100&ccb=7-5&_nc_sid=f7ccc5&efg=eyJ2ZW5jb2RlX3RhZyI6InByb2ZpbGVfcGljLnd3dy4xMDgwLkMzIn0%3D&_nc_ohc=zisp7lviP2UQ7kNvwGVckTa&_nc_oc=AdrP4WTEinqS-M0c1U5kitNgM9nRMhRgIz15SuIEqB1Icarxkh3GfM2v5jcWXonGHZs&_nc_zt=24&_nc_ht=scontent-iad6-1.cdninstagram.com&_nc_gid=WMI2tPWUAJnlmj3zmmGOgQ&_nc_ss=7d6a8&oh=00_Af6Pt6ofOyMjjmTz8I9Jp51xQ2V05t-WVRaS-M4bmdk-iw&oe=6A039416,qori490,qori490,FALSE,FALSE,3,3
3.89166969171883E+018,https://www.instagram.com/p/DYB_Pc2DhLC/?utm_source=ig_web_copy_link&igsh=MzRlODBiNWFlZA==,1.40434812234013E+016,https://www.instagram.com/p/DYB_Pc2DhLC/?utm_source=ig_web_copy_link&igsh=MzRlODBiNWFlZA==/c/14043481223401250/,Unfollow sama pemerintah wkwk,1778163739,48,1022396404757720,hendra_haryanto11,Hendra_haryanto11,https://scontent-iad6-1.cdninstagram.com/v/t51.82787-19/551057952_18479436106074710_8064216012374103146_n.jpg?stp=dst-jpg_s150x150_tt6&_nc_cat=100&ccb=7-5&_nc_sid=f7ccc5&efg=eyJ2ZW5jb2RlX3RhZyI6InByb2ZpbGVfcGljLnd3dy4xMDgwLkMzIn0%3D&_nc_ohc=zisp7lviP2UQ7kNvwGVckTa&_nc_oc=AdrP4WTEinqS-M0c1U5kitNgM9nRMhRgIz15SuIEqB1Icarxkh3GfM2v5jcWXonGHZs&_nc_zt=24&_nc_ht=scontent-iad6-1.cdninstagram.com&_nc_gid=WMI2tPWUAJnlmj3zmmGOgQ&_nc_ss=7d6a8&oh=00_Af6Pt6ofOyMjjmTz8I9Jp51xQ2V05t-WVRaS-M4bmdk-iw&oe=6A039416,hendra_haryanto11,hendra_haryanto11,FALSE,FALSE,7,7
3.89166969171883E+018,https://www.instagram.com/p/DYB_Pc2DhLC/?utm_source=ig_web_copy_link&igsh=MzRlODBiNWFlZA==,1.11508888431976E+016,https://www.instagram.com/p/DYB_Pc2DhLC/?utm_source=ig_web_copy_link&igsh=MzRlODBiNWFlZA==/c/11150888843197644/,Template mirip 🗿 😂,1778235238,249,822171524989834,kartika88,Kartika88,https://scontent-iad6-1.cdninstagram.com/v/t51.82787-19/551057952_18479436106074710_8064216012374103146_n.jpg?stp=dst-jpg_s150x150_tt6&_nc_cat=100&ccb=7-5&_nc_sid=f7ccc5&efg=eyJ2ZW5jb2RlX3RhZyI6InByb2ZpbGVfcGljLnd3dy4xMDgwLkMzIn0%3D&_nc_ohc=zisp7lviP2UQ7kNvwGVckTa&_nc_oc=AdrP4WTEinqS-M0c1U5kitNgM9nRMhRgIz15SuIEqB1Icarxkh3GfM2v5jcWXonGHZs&_nc_zt=24&_nc_ht=scontent-iad6-1.cdninstagram.com&_nc_gid=WMI2tPWUAJnlmj3zmmGOgQ&_nc_ss=7d6a8&oh=00_Af6Pt6ofOyMjjmTz8I9Jp51xQ2V05t-WVRaS-M4bmdk-iw&oe=6A039416,kartika88,kartika88,FALSE,FALSE,5,5
3.89166969171883E+018,https://www.instagram.com/p/DYB_Pc2DhLC/?utm_source=ig_web_copy_link&igsh=MzRlODBiNWFlZA==,1.79251877192859E+016,https://www.instagram.com/p/DYB_Pc2DhLC/?utm_source=ig_web_copy_link&igsh=MzRlODBiNWFlZA==/c/17925187719285864/,Unfoll ah,1778239281,0,2236957129,bani_an21,ᨅᨉᨗ ᨕᨔᨑᨗ,https://scontent-iad3-2.cdninstagram.com/v/t51.82787-19/606057180_18500312992077130_4388658454124502831_n.jpg?stp=dst-jpg_s150x150_tt6&_nc_cat=103&ccb=7-5&_nc_sid=f7ccc5&efg=eyJ2ZW5jb2RlX3RhZyI6InByb2ZpbGVfcGljLnd3dy4zMjAuQzMifQ%3D%3D&_nc_ohc=gCuAk0BrFqEQ7kNvwE5PFLM&_nc_oc=AdrPbySxASVS2w77E9ZVYgkSsdMy2QFyVNM3fxbDDiMGnK0pPkim9xp2sZEnQyGBaAI&_nc_zt=24&_nc_ht=scontent-iad3-2.cdninstagram.com&_nc_gid=TC0akw1c_9qSTsKRD54wSg&_nc_ss=7d6a8&oh=00_Af5XHEc25oSNAV055VieMQcRvPI0GQjrv1XcOmCw3P75XQ&oe=6A03AE97,bani_an21,bani_an21,FALSE,FALSE,0,0
3.89166969171883E+018,https://www.instagram.com/p/DYB_Pc2DhLC/?utm_source=ig_web_copy_link&igsh=MzRlODBiNWFlZA==,1.23020641458481E+016,https://www.instagram.com/p/DYB_Pc2DhLC/?utm_source=ig_web_copy_link&igsh=MzRlODBiNWFlZA==/c/12302064145848067/,Padahal kasus kok ga 🗿,1778156729,2,969075500692786,kartikaningsih88,Kartikaningsih88,https://scontent-iad6-1.cdninstagram.com/v/t51.82787-19/551057952_18479436106074710_8064216012374103146_n.jpg?stp=dst-jpg_s150x150_tt6&_nc_cat=100&ccb=7-5&_nc_sid=f7ccc5&efg=eyJ2ZW5jb2RlX3RhZyI6InByb2ZpbGVfcGljLnd3dy4xMDgwLkMzIn0%3D&_nc_ohc=zisp7lviP2UQ7kNvwGVckTa&_nc_oc=AdrP4WTEinqS-M0c1U5kitNgM9nRMhRgIz15SuIEqB1Icarxkh3GfM2v5jcWXonGHZs&_nc_zt=24&_nc_ht=scontent-iad6-1.cdninstagram.com&_nc_gid=WMI2tPWUAJnlmj3zmmGOgQ&_nc_ss=7d6a8&oh=00_Af6Pt6ofOyMjjmTz8I9Jp51xQ2V05t-WVRaS-M4bmdk-iw&oe=6A039416,kartikaningsih88,kartikaningsih88,FALSE,FALSE,0,0
3.89166969171883E+018,https://www.instagram.com/p/DYB_Pc2DhLC/?utm_source=ig_web_copy_link&igsh=MzRlODBiNWFlZA==,1.54498497755823E+016,https://www.instagram.com/p/DYB_Pc2DhLC/?utm_source=ig_web_copy_link&igsh=MzRlODBiNWFlZA==/c/15449849775582298/,😂 aparat kritik bro,1778167247,348,288369652501552,jihan_siregar,Jihan_siregar,https://scontent-iad6-1.cdninstagram.com/v/t51.82787-19/551057952_18479436106074710_8064216012374103146_n.jpg?stp=dst-jpg_s150x150_tt6&_nc_cat=100&ccb=7-5&_nc_sid=f7ccc5&efg=eyJ2ZW5jb2RlX3RhZyI6InByb2ZpbGVfcGljLnd3dy4xMDgwLkMzIn0%3D&_nc_ohc=zisp7lviP2UQ7kNvwGVckTa&_nc_oc=AdrP4WTEinqS-M0c1U5kitNgM9nRMhRgIz15SuIEqB1Icarxkh3GfM2v5jcWXonGHZs&_nc_zt=24&_nc_ht=scontent-iad6-1.cdninstagram.com&_nc_gid=WMI2tPWUAJnlmj3zmmGOgQ&_nc_ss=7d6a8&oh=00_Af6Pt6ofOyMjjmTz8I9Jp51xQ2V05t-WVRaS-M4bmdk-iw&oe=6A039416,jihan_siregar,jihan_siregar,FALSE,FALSE,7,7
3.89166969171883E+018,https://www.instagram.com/p/DYB_Pc2DhLC/?utm_source=ig_web_copy_link&igsh=MzRlODBiNWFlZA==,1.94208606366029E+016,https://www.instagram.com/p/DYB_Pc2DhLC/?utm_source=ig_web_copy_link&igsh=MzRlODBiNWFlZA==/c/19420860636602885/,Setuju sama rezim 🙌 🗿,1778162651,254,242498816868044,purnomoumar88,Tono Wahyuni,https://scontent-iad6-1.cdninstagram.com/v/t51.82787-19/551057952_18479436106074710_8064216012374103146_n.jpg?stp=dst-jpg_s150x150_tt6&_nc_cat=100&ccb=7-5&_nc_sid=f7ccc5&efg=eyJ2ZW5jb2RlX3RhZyI6InByb2ZpbGVfcGljLnd3dy4xMDgwLkMzIn0%3D&_nc_ohc=zisp7lviP2UQ7kNvwGVckTa&_nc_oc=AdrP4WTEinqS-M0c1U5kitNgM9nRMhRgIz15SuIEqB1Icarxkh3GfM2v5jcWXonGHZs&_nc_zt=24&_nc_ht=scontent-iad6-1.cdninstagram.com&_nc_gid=WMI2tPWUAJnlmj3zmmGOgQ&_nc_ss=7d6a8&oh=00_Af6Pt6ofOyMjjmTz8I9Jp51xQ2V05t-WVRaS-M4bmdk-iw&oe=6A039416,purnomoumar88,purnomoumar88,FALSE,FALSE,19,19
3.89166969171883E+018,https://www.instagram.com/p/DYB_Pc2DhLC/?utm_source=ig_web_copy_link&igsh=MzRlODBiNWFlZA==,1.80816568286209E+016,https://www.instagram.com/p/DYB_Pc2DhLC/?utm_source=ig_web_copy_link&igsh=MzRlODBiNWFlZA==/c/18081656828620855/,Halah boong uangnya udah nyampe rekening blom? Berani disidak kah? 🤣🤣,1778239163,0,46111638765,qudratullah_hossein,Huzayn,https://scontent-iad6-1.cdninstagram.com/v/t51.82787-19/670773636_18076364315542766_8710668624338736943_n.jpg?stp=dst-jpg_s150x150_tt6&_nc_cat=109&ccb=7-5&_nc_sid=f7ccc5&efg=eyJ2ZW5jb2RlX3RhZyI6InByb2ZpbGVfcGljLnd3dy4xMDgwLkMzIn0%3D&_nc_ohc=s0tbGzOZYGUQ7kNvwF5qP5v&_nc_oc=AdoGD_n6nvGQrwpPzX3WI-tOgDpC40J_yA0IGJS3-rhz_3pHAT-eGBYfvi0eysiDKLw&_nc_zt=24&_nc_ht=scontent-iad6-1.cdninstagram.com&_nc_gid=TC0akw1c_9qSTsKRD54wSg&_nc_ss=7d6a8&oh=00_Af4iWNByOm0mEqVFkHLukY5gxu8fB_v73KRZ2voFYyCpKw&oe=6A03B1FD,qudratullah_hossein,qudratullah_hossein,FALSE,FALSE,0,0
3.89166969171883E+018,https://www.instagram.com/p/DYB_Pc2DhLC/?utm_source=ig_web_copy_link&igsh=MzRlODBiNWFlZA==,1.05823672523215E+016,https://www.instagram.com/p/DYB_Pc2DhLC/?utm_source=ig_web_copy_link&igsh=MzRlODBiNWFlZA==/c/10582367252321535/,Katanya cuci tangan? waduh,1778210312,0,574482163869922,si_made4,Si_made4,https://scontent-iad6-1.cdninstagram.com/v/t51.82787-19/551057952_18479436106074710_8064216012374103146_n.jpg?stp=dst-jpg_s150x150_tt6&_nc_cat=100&ccb=7-5&_nc_sid=f7ccc5&efg=eyJ2ZW5jb2RlX3RhZyI6InByb2ZpbGVfcGljLnd3dy4xMDgwLkMzIn0%3D&_nc_ohc=zisp7lviP2UQ7kNvwGVckTa&_nc_oc=AdrP4WTEinqS-M0c1U5kitNgM9nRMhRgIz15SuIEqB1Icarxkh3GfM2v5jcWXonGHZs&_nc_zt=24&_nc_ht=scontent-iad6-1.cdninstagram.com&_nc_gid=WMI2tPWUAJnlmj3zmmGOgQ&_nc_ss=7d6a8&oh=00_Af6Pt6ofOyMjjmTz8I9Jp51xQ2V05t-WVRaS-M4bmdk-iw&oe=6A039416,si_made4,si_made4,FALSE,FALSE,0,0
3.89166969171883E+018,https://www.instagram.com/p/DYB_Pc2DhLC/?utm_source=ig_web_copy_link&igsh=MzRlODBiNWFlZA==,1.71866628469765E+016,https://www.instagram.com/p/DYB_Pc2DhLC/?utm_source=ig_web_copy_link&igsh=MzRlODBiNWFlZA==/c/17186662846976490/,Template copas 💀 🔥,1778215969,2534,346147885956992,indah_syahputra99,Indah_syahputra99,https://scontent-iad6-1.cdninstagram.com/v/t51.82787-19/551057952_18479436106074710_8064216012374103146_n.jpg?stp=dst-jpg_s150x150_tt6&_nc_cat=100&ccb=7-5&_nc_sid=f7ccc5&efg=eyJ2ZW5jb2RlX3RhZyI6InByb2ZpbGVfcGljLnd3dy4xMDgwLkMzIn0%3D&_nc_ohc=zisp7lviP2UQ7kNvwGVckTa&_nc_oc=AdrP4WTEinqS-M0c1U5kitNgM9nRMhRgIz15SuIEqB1Icarxkh3GfM2v5jcWXonGHZs&_nc_zt=24&_nc_ht=scontent-iad6-1.cdninstagram.com&_nc_gid=WMI2tPWUAJnlmj3zmmGOgQ&_nc_ss=7d6a8&oh=00_Af6Pt6ofOyMjjmTz8I9Jp51xQ2V05t-WVRaS-M4bmdk-iw&oe=6A039416,indah_syahputra99,indah_syahputra99,FALSE,FALSE,34,34
3.89166969171883E+018,https://www.instagram.com/p/DYB_Pc2DhLC/?utm_source=ig_web_copy_link&igsh=MzRlODBiNWFlZA==,1.58950384655913E+016,https://www.instagram.com/p/DYB_Pc2DhLC/?utm_source=ig_web_copy_link&igsh=MzRlODBiNWFlZA==/c/15895038465591265/,Berarti template? astaga,1778156692,392,659509801352582,bukanputri1,Bukanputri1,https://scontent-iad6-1.cdninstagram.com/v/t51.82787-19/551057952_18479436106074710_8064216012374103146_n.jpg?stp=dst-jpg_s150x150_tt6&_nc_cat=100&ccb=7-5&_nc_sid=f7ccc5&efg=eyJ2ZW5jb2RlX3RhZyI6InByb2ZpbGVfcGljLnd3dy4xMDgwLkMzIn0%3D&_nc_ohc=zisp7lviP2UQ7kNvwGVckTa&_nc_oc=AdrP4WTEinqS-M0c1U5kitNgM9nRMhRgIz15SuIEqB1Icarxkh3GfM2v5jcWXonGHZs&_nc_zt=24&_nc_ht=scontent-iad6-1.cdninstagram.com&_nc_gid=WMI2tPWUAJnlmj3zmmGOgQ&_nc_ss=7d6a8&oh=00_Af6Pt6ofOyMjjmTz8I9Jp51xQ2V05t-WVRaS-M4bmdk-iw&oe=6A039416,bukanputri1,bukanputri1,FALSE,FALSE,17,17
3.89166969171883E+018,https://www.instagram.com/p/DYB_Pc2DhLC/?utm_source=ig_web_copy_link&igsh=MzRlODBiNWFlZA==,1.17006817354023E+016,https://www.instagram.com/p/DYB_Pc2DhLC/?utm_source=ig_web_copy_link&igsh=MzRlODBiNWFlZA==/c/11700681735402291/,wkwk rezim panik kak,1778194542,46,977725660039097,leni123,Leni123,https://scontent-iad6-1.cdninstagram.com/v/t51.82787-19/551057952_18479436106074710_8064216012374103146_n.jpg?stp=dst-jpg_s150x150_tt6&_nc_cat=100&ccb=7-5&_nc_sid=f7ccc5&efg=eyJ2ZW5jb2RlX3RhZyI6InByb2ZpbGVfcGljLnd3dy4xMDgwLkMzIn0%3D&_nc_ohc=zisp7lviP2UQ7kNvwGVckTa&_nc_oc=AdrP4WTEinqS-M0c1U5kitNgM9nRMhRgIz15SuIEqB1Icarxkh3GfM2v5jcWXonGHZs&_nc_zt=24&_nc_ht=scontent-iad6-1.cdninstagram.com&_nc_gid=WMI2tPWUAJnlmj3zmmGOgQ&_nc_ss=7d6a8&oh=00_Af6Pt6ofOyMjjmTz8I9Jp51xQ2V05t-WVRaS-M4bmdk-iw&oe=6A039416,leni123,leni123,FALSE,FALSE,2,2
3.89166969171883E+018,https://www.instagram.com/p/DYB_Pc2DhLC/?utm_source=ig_web_copy_link&igsh=MzRlODBiNWFlZA==,1.79291396453187E+016,https://www.instagram.com/p/DYB_Pc2DhLC/?utm_source=ig_web_copy_link&igsh=MzRlODBiNWFlZA==/c/17929139645318722/,buset buzer klarifikasi kak 🤣,1778183864,29,281934669577998,hadi.wijaya10,Qori Hakim,https://scontent-iad6-1.cdninstagram.com/v/t51.82787-19/551057952_18479436106074710_8064216012374103146_n.jpg?stp=dst-jpg_s150x150_tt6&_nc_cat=100&ccb=7-5&_nc_sid=f7ccc5&efg=eyJ2ZW5jb2RlX3RhZyI6InByb2ZpbGVfcGljLnd3dy4xMDgwLkMzIn0%3D&_nc_ohc=zisp7lviP2UQ7kNvwGVckTa&_nc_oc=AdrP4WTEinqS-M0c1U5kitNgM9nRMhRgIz15SuIEqB1Icarxkh3GfM2v5jcWXonGHZs&_nc_zt=24&_nc_ht=scontent-iad6-1.cdninstagram.com&_nc_gid=WMI2tPWUAJnlmj3zmmGOgQ&_nc_ss=7d6a8&oh=00_Af6Pt6ofOyMjjmTz8I9Jp51xQ2V05t-WVRaS-M4bmdk-iw&oe=6A039416,hadi.wijaya10,hadi.wijaya10,FALSE,FALSE,3,3
3.89166969171883E+018,https://www.instagram.com/p/DYB_Pc2DhLC/?utm_source=ig_web_copy_link&igsh=MzRlODBiNWFlZA==,1.62518933270142E+016,https://www.instagram.com/p/DYB_Pc2DhLC/?utm_source=ig_web_copy_link&igsh=MzRlODBiNWFlZA==/c/16251893327014241/,Unfollow sama qodari wkwk,1778214895,25,645208504027305,kartikasyahputra12,Oscar Sari,https://scontent-iad6-1.cdninstagram.com/v/t51.82787-19/551057952_18479436106074710_8064216012374103146_n.jpg?stp=dst-jpg_s150x150_tt6&_nc_cat=100&ccb=7-5&_nc_sid=f7ccc5&efg=eyJ2ZW5jb2RlX3RhZyI6InByb2ZpbGVfcGljLnd3dy4xMDgwLkMzIn0%3D&_nc_ohc=zisp7lviP2UQ7kNvwGVckTa&_nc_oc=AdrP4WTEinqS-M0c1U5kitNgM9nRMhRgIz15SuIEqB1Icarxkh3GfM2v5jcWXonGHZs&_nc_zt=24&_nc_ht=scontent-iad6-1.cdninstagram.com&_nc_gid=WMI2tPWUAJnlmj3zmmGOgQ&_nc_ss=7d6a8&oh=00_Af6Pt6ofOyMjjmTz8I9Jp51xQ2V05t-WVRaS-M4bmdk-iw&oe=6A039416,kartikasyahputra12,kartikasyahputra12,FALSE,FALSE,7,7
3.89166969171883E+018,https://www.instagram.com/p/DYB_Pc2DhLC/?utm_source=ig_web_copy_link&igsh=MzRlODBiNWFlZA==,1.10576625972542E+016,https://www.instagram.com/p/DYB_Pc2DhLC/?utm_source=ig_web_copy_link&igsh=MzRlODBiNWFlZA==/c/11057662597254161/,💀 cuci tangan dong buzer 🤣,1778180755,28,1063811439739015,bukanyanti6,Intan Utami,https://scontent-iad6-1.cdninstagram.com/v/t51.82787-19/551057952_18479436106074710_8064216012374103146_n.jpg?stp=dst-jpg_s150x150_tt6&_nc_cat=100&ccb=7-5&_nc_sid=f7ccc5&efg=eyJ2ZW5jb2RlX3RhZyI6InByb2ZpbGVfcGljLnd3dy4xMDgwLkMzIn0%3D&_nc_ohc=zisp7lviP2UQ7kNvwGVckTa&_nc_oc=AdrP4WTEinqS-M0c1U5kitNgM9nRMhRgIz15SuIEqB1Icarxkh3GfM2v5jcWXonGHZs&_nc_zt=24&_nc_ht=scontent-iad6-1.cdninstagram.com&_nc_gid=WMI2tPWUAJnlmj3zmmGOgQ&_nc_ss=7d6a8&oh=00_Af6Pt6ofOyMjjmTz8I9Jp51xQ2V05t-WVRaS-M4bmdk-iw&oe=6A039416,bukanyanti6,bukanyanti6,FALSE,FALSE,1,1
3.89166969171883E+018,https://www.instagram.com/p/DYB_Pc2DhLC/?utm_source=ig_web_copy_link&igsh=MzRlODBiNWFlZA==,1.94360238733448E+016,https://www.instagram.com/p/DYB_Pc2DhLC/?utm_source=ig_web_copy_link&igsh=MzRlODBiNWFlZA==/c/19436023873344809/,Baru tau sama qodari gila 🤣,1778150861,11,768903383553683,budi.hakim3,Budi.hakim3,https://scontent-iad6-1.cdninstagram.com/v/t51.82787-19/551057952_18479436106074710_8064216012374103146_n.jpg?stp=dst-jpg_s150x150_tt6&_nc_cat=100&ccb=7-5&_nc_sid=f7ccc5&efg=eyJ2ZW5jb2RlX3RhZyI6InByb2ZpbGVfcGljLnd3dy4xMDgwLkMzIn0%3D&_nc_ohc=zisp7lviP2UQ7kNvwGVckTa&_nc_oc=AdrP4WTEinqS-M0c1U5kitNgM9nRMhRgIz15SuIEqB1Icarxkh3GfM2v5jcWXonGHZs&_nc_zt=24&_nc_ht=scontent-iad6-1.cdninstagram.com&_nc_gid=WMI2tPWUAJnlmj3zmmGOgQ&_nc_ss=7d6a8&oh=00_Af6Pt6ofOyMjjmTz8I9Jp51xQ2V05t-WVRaS-M4bmdk-iw&oe=6A039416,budi.hakim3,budi.hakim3,FALSE,FALSE,5,5
3.89166969171883E+018,https://www.instagram.com/p/DYB_Pc2DhLC/?utm_source=ig_web_copy_link&igsh=MzRlODBiNWFlZA==,1.55755253443917E+016,https://www.instagram.com/p/DYB_Pc2DhLC/?utm_source=ig_web_copy_link&igsh=MzRlODBiNWFlZA==/c/15575525344391669/,waduh rezim briefing bro wkwk,1778167273,3,991737833727723,santosoerna10,Xena Hidayat,https://scontent-iad6-1.cdninstagram.com/v/t51.82787-19/551057952_18479436106074710_8064216012374103146_n.jpg?stp=dst-jpg_s150x150_tt6&_nc_cat=100&ccb=7-5&_nc_sid=f7ccc5&efg=eyJ2ZW5jb2RlX3RhZyI6InByb2ZpbGVfcGljLnd3dy4xMDgwLkMzIn0%3D&_nc_ohc=zisp7lviP2UQ7kNvwGVckTa&_nc_oc=AdrP4WTEinqS-M0c1U5kitNgM9nRMhRgIz15SuIEqB1Icarxkh3GfM2v5jcWXonGHZs&_nc_zt=24&_nc_ht=scontent-iad6-1.cdninstagram.com&_nc_gid=WMI2tPWUAJnlmj3zmmGOgQ&_nc_ss=7d6a8&oh=00_Af6Pt6ofOyMjjmTz8I9Jp51xQ2V05t-WVRaS-M4bmdk-iw&oe=6A039416,santosoerna10,santosoerna10,FALSE,FALSE,2,2
3.89166969171883E+018,https://www.instagram.com/p/DYB_Pc2DhLC/?utm_source=ig_web_copy_link&igsh=MzRlODBiNWFlZA==,1.25536415633001E+016,https://www.instagram.com/p/DYB_Pc2DhLC/?utm_source=ig_web_copy_link&igsh=MzRlODBiNWFlZA==/c/12553641563300133/,@folkative serius nih template skandal,1778205288,43,653252707995500,si_farhan8,Si_farhan8,https://scontent-iad6-1.cdninstagram.com/v/t51.82787-19/551057952_18479436106074710_8064216012374103146_n.jpg?stp=dst-jpg_s150x150_tt6&_nc_cat=100&ccb=7-5&_nc_sid=f7ccc5&efg=eyJ2ZW5jb2RlX3RhZyI6InByb2ZpbGVfcGljLnd3dy4xMDgwLkMzIn0%3D&_nc_ohc=zisp7lviP2UQ7kNvwGVckTa&_nc_oc=AdrP4WTEinqS-M0c1U5kitNgM9nRMhRgIz15SuIEqB1Icarxkh3GfM2v5jcWXonGHZs&_nc_zt=24&_nc_ht=scontent-iad6-1.cdninstagram.com&_nc_gid=WMI2tPWUAJnlmj3zmmGOgQ&_nc_ss=7d6a8&oh=00_Af6Pt6ofOyMjjmTz8I9Jp51xQ2V05t-WVRaS-M4bmdk-iw&oe=6A039416,si_farhan8,si_farhan8,FALSE,FALSE,4,4
3.89166969171883E+018,https://www.instagram.com/p/DYB_Pc2DhLC/?utm_source=ig_web_copy_link&igsh=MzRlODBiNWFlZA==,1.10949676291052E+016,https://www.instagram.com/p/DYB_Pc2DhLC/?utm_source=ig_web_copy_link&igsh=MzRlODBiNWFlZA==/c/11094967629105178/,salfok rezim briefing kak,1778201295,14,106600039794360,bellasyahputra88,Bellasyahputra88,https://scontent-iad6-1.cdninstagram.com/v/t51.82787-19/551057952_18479436106074710_8064216012374103146_n.jpg?stp=dst-jpg_s150x150_tt6&_nc_cat=100&ccb=7-5&_nc_sid=f7ccc5&efg=eyJ2ZW5jb2RlX3RhZyI6InByb2ZpbGVfcGljLnd3dy4xMDgwLkMzIn0%3D&_nc_ohc=zisp7lviP2UQ7kNvwGVckTa&_nc_oc=AdrP4WTEinqS-M0c1U5kitNgM9nRMhRgIz15SuIEqB1Icarxkh3GfM2v5jcWXonGHZs&_nc_zt=24&_nc_ht=scontent-iad6-1.cdninstagram.com&_nc_gid=WMI2tPWUAJnlmj3zmmGOgQ&_nc_ss=7d6a8&oh=00_Af6Pt6ofOyMjjmTz8I9Jp51xQ2V05t-WVRaS-M4bmdk-iw&oe=6A039416,bellasyahputra88,bellasyahputra88,FALSE,FALSE,0,0
3.89166969171883E+018,https://www.instagram.com/p/DYB_Pc2DhLC/?utm_source=ig_web_copy_link&igsh=MzRlODBiNWFlZA==,1.06526759327245E+016,https://www.instagram.com/p/DYB_Pc2DhLC/?utm_source=ig_web_copy_link&igsh=MzRlODBiNWFlZA==/c/10652675932724519/,Unfollow sama buzzer astaga 🗿,1778206299,19,681163428764948,jihanmin99,Jihanmin99,https://scontent-iad6-1.cdninstagram.com/v/t51.82787-19/551057952_18479436106074710_8064216012374103146_n.jpg?stp=dst-jpg_s150x150_tt6&_nc_cat=100&ccb=7-5&_nc_sid=f7ccc5&efg=eyJ2ZW5jb2RlX3RhZyI6InByb2ZpbGVfcGljLnd3dy4xMDgwLkMzIn0%3D&_nc_ohc=zisp7lviP2UQ7kNvwGVckTa&_nc_oc=AdrP4WTEinqS-M0c1U5kitNgM9nRMhRgIz15SuIEqB1Icarxkh3GfM2v5jcWXonGHZs&_nc_zt=24&_nc_ht=scontent-iad6-1.cdninstagram.com&_nc_gid=WMI2tPWUAJnlmj3zmmGOgQ&_nc_ss=7d6a8&oh=00_Af6Pt6ofOyMjjmTz8I9Jp51xQ2V05t-WVRaS-M4bmdk-iw&oe=6A039416,jihanmin99,jihanmin99,FALSE,FALSE,4,4
3.89166969171883E+018,https://www.instagram.com/p/DYB_Pc2DhLC/?utm_source=ig_web_copy_link&igsh=MzRlODBiNWFlZA==,1.73564015510195E+016,https://www.instagram.com/p/DYB_Pc2DhLC/?utm_source=ig_web_copy_link&igsh=MzRlODBiNWFlZA==/c/17356401551019508/,Baru tau dengan plat merah 😂 🤣,1778196739,136,364311592289585,farhan869,Farhan869,https://scontent-iad6-1.cdninstagram.com/v/t51.82787-19/551057952_18479436106074710_8064216012374103146_n.jpg?stp=dst-jpg_s150x150_tt6&_nc_cat=100&ccb=7-5&_nc_sid=f7ccc5&efg=eyJ2ZW5jb2RlX3RhZyI6InByb2ZpbGVfcGljLnd3dy4xMDgwLkMzIn0%3D&_nc_ohc=zisp7lviP2UQ7kNvwGVckTa&_nc_oc=AdrP4WTEinqS-M0c1U5kitNgM9nRMhRgIz15SuIEqB1Icarxkh3GfM2v5jcWXonGHZs&_nc_zt=24&_nc_ht=scontent-iad6-1.cdninstagram.com&_nc_gid=WMI2tPWUAJnlmj3zmmGOgQ&_nc_ss=7d6a8&oh=00_Af6Pt6ofOyMjjmTz8I9Jp51xQ2V05t-WVRaS-M4bmdk-iw&oe=6A039416,farhan869,farhan869,FALSE,FALSE,11,11
3.89166969171883E+018,https://www.instagram.com/p/DYB_Pc2DhLC/?utm_source=ig_web_copy_link&igsh=MzRlODBiNWFlZA==,1.78757023903791E+016,https://www.instagram.com/p/DYB_Pc2DhLC/?utm_source=ig_web_copy_link&igsh=MzRlODBiNWFlZA==/c/17875702390379103/,Kemarin swasembada kok ga 🗿,1778204113,50,449845406871748,farhansaputra12,Sari Utami,https://scontent-iad6-1.cdninstagram.com/v/t51.82787-19/551057952_18479436106074710_8064216012374103146_n.jpg?stp=dst-jpg_s150x150_tt6&_nc_cat=100&ccb=7-5&_nc_sid=f7ccc5&efg=eyJ2ZW5jb2RlX3RhZyI6InByb2ZpbGVfcGljLnd3dy4xMDgwLkMzIn0%3D&_nc_ohc=zisp7lviP2UQ7kNvwGVckTa&_nc_oc=AdrP4WTEinqS-M0c1U5kitNgM9nRMhRgIz15SuIEqB1Icarxkh3GfM2v5jcWXonGHZs&_nc_zt=24&_nc_ht=scontent-iad6-1.cdninstagram.com&_nc_gid=WMI2tPWUAJnlmj3zmmGOgQ&_nc_ss=7d6a8&oh=00_Af6Pt6ofOyMjjmTz8I9Jp51xQ2V05t-WVRaS-M4bmdk-iw&oe=6A039416,farhansaputra12,farhansaputra12,FALSE,FALSE,5,5
3.89166969171883E+018,https://www.instagram.com/p/DYB_Pc2DhLC/?utm_source=ig_web_copy_link&igsh=MzRlODBiNWFlZA==,1.51794140174443E+016,https://www.instagram.com/p/DYB_Pc2DhLC/?utm_source=ig_web_copy_link&igsh=MzRlODBiNWFlZA==/c/15179414017444336/,Pemerintah klaim sumber? wkwk,1778189848,294,531163149135289,dewi99,Bella Hidayat,https://scontent-iad6-1.cdninstagram.com/v/t51.82787-19/551057952_18479436106074710_8064216012374103146_n.jpg?stp=dst-jpg_s150x150_tt6&_nc_cat=100&ccb=7-5&_nc_sid=f7ccc5&efg=eyJ2ZW5jb2RlX3RhZyI6InByb2ZpbGVfcGljLnd3dy4xMDgwLkMzIn0%3D&_nc_ohc=zisp7lviP2UQ7kNvwGVckTa&_nc_oc=AdrP4WTEinqS-M0c1U5kitNgM9nRMhRgIz15SuIEqB1Icarxkh3GfM2v5jcWXonGHZs&_nc_zt=24&_nc_ht=scontent-iad6-1.cdninstagram.com&_nc_gid=WMI2tPWUAJnlmj3zmmGOgQ&_nc_ss=7d6a8&oh=00_Af6Pt6ofOyMjjmTz8I9Jp51xQ2V05t-WVRaS-M4bmdk-iw&oe=6A039416,dewi99,dewi99,FALSE,FALSE,14,14
3.89166969171883E+018,https://www.instagram.com/p/DYB_Pc2DhLC/?utm_source=ig_web_copy_link&igsh=MzRlODBiNWFlZA==,1.46824346233302E+016,https://www.instagram.com/p/DYB_Pc2DhLC/?utm_source=ig_web_copy_link&igsh=MzRlODBiNWFlZA==/c/14682434623330222/,Template copas wkwk 🗿,1778205316,7,173470612811761,si_joko8,Si_joko8,https://scontent-iad6-1.cdninstagram.com/v/t51.82787-19/551057952_18479436106074710_8064216012374103146_n.jpg?stp=dst-jpg_s150x150_tt6&_nc_cat=100&ccb=7-5&_nc_sid=f7ccc5&efg=eyJ2ZW5jb2RlX3RhZyI6InByb2ZpbGVfcGljLnd3dy4xMDgwLkMzIn0%3D&_nc_ohc=zisp7lviP2UQ7kNvwGVckTa&_nc_oc=AdrP4WTEinqS-M0c1U5kitNgM9nRMhRgIz15SuIEqB1Icarxkh3GfM2v5jcWXonGHZs&_nc_zt=24&_nc_ht=scontent-iad6-1.cdninstagram.com&_nc_gid=WMI2tPWUAJnlmj3zmmGOgQ&_nc_ss=7d6a8&oh=00_Af6Pt6ofOyMjjmTz8I9Jp51xQ2V05t-WVRaS-M4bmdk-iw&oe=6A039416,si_joko8,si_joko8,FALSE,FALSE,1,1
3.89166969171883E+018,https://www.instagram.com/p/DYB_Pc2DhLC/?utm_source=ig_web_copy_link&igsh=MzRlODBiNWFlZA==,1.98189443991094E+016,https://www.instagram.com/p/DYB_Pc2DhLC/?utm_source=ig_web_copy_link&igsh=MzRlODBiNWFlZA==/c/19818944399109425/,Tapi pangan gimana sih 💀,1778207618,114,359916609493201,hendraupdate123,Hendraupdate123,https://scontent-iad6-1.cdninstagram.com/v/t51.82787-19/551057952_18479436106074710_8064216012374103146_n.jpg?stp=dst-jpg_s150x150_tt6&_nc_cat=100&ccb=7-5&_nc_sid=f7ccc5&efg=eyJ2ZW5jb2RlX3RhZyI6InByb2ZpbGVfcGljLnd3dy4xMDgwLkMzIn0%3D&_nc_ohc=zisp7lviP2UQ7kNvwGVckTa&_nc_oc=AdrP4WTEinqS-M0c1U5kitNgM9nRMhRgIz15SuIEqB1Icarxkh3GfM2v5jcWXonGHZs&_nc_zt=24&_nc_ht=scontent-iad6-1.cdninstagram.com&_nc_gid=WMI2tPWUAJnlmj3zmmGOgQ&_nc_ss=7d6a8&oh=00_Af6Pt6ofOyMjjmTz8I9Jp51xQ2V05t-WVRaS-M4bmdk-iw&oe=6A039416,hendraupdate123,hendraupdate123,FALSE,FALSE,4,4
3.89166969171883E+018,https://www.instagram.com/p/DYB_Pc2DhLC/?utm_source=ig_web_copy_link&igsh=MzRlODBiNWFlZA==,1.72533477418476E+016,https://www.instagram.com/p/DYB_Pc2DhLC/?utm_source=ig_web_copy_link&igsh=MzRlODBiNWFlZA==/c/17253347741847583/,🔥 buzer briefing bro masa sih,1778164097,1,628128726768973,kartika12,Kartika12,https://scontent-iad6-1.cdninstagram.com/v/t51.82787-19/551057952_18479436106074710_8064216012374103146_n.jpg?stp=dst-jpg_s150x150_tt6&_nc_cat=100&ccb=7-5&_nc_sid=f7ccc5&efg=eyJ2ZW5jb2RlX3RhZyI6InByb2ZpbGVfcGljLnd3dy4xMDgwLkMzIn0%3D&_nc_ohc=zisp7lviP2UQ7kNvwGVckTa&_nc_oc=AdrP4WTEinqS-M0c1U5kitNgM9nRMhRgIz15SuIEqB1Icarxkh3GfM2v5jcWXonGHZs&_nc_zt=24&_nc_ht=scontent-iad6-1.cdninstagram.com&_nc_gid=WMI2tPWUAJnlmj3zmmGOgQ&_nc_ss=7d6a8&oh=00_Af6Pt6ofOyMjjmTz8I9Jp51xQ2V05t-WVRaS-M4bmdk-iw&oe=6A039416,kartika12,kartika12,FALSE,FALSE,0,0
3.89166969171883E+018,https://www.instagram.com/p/DYB_Pc2DhLC/?utm_source=ig_web_copy_link&igsh=MzRlODBiNWFlZA==,1.97722728657082E+016,https://www.instagram.com/p/DYB_Pc2DhLC/?utm_source=ig_web_copy_link&igsh=MzRlODBiNWFlZA==/c/19772272865708154/,Coba briefing? 💀,1778169659,4,462269653858697,bukanjihan321,Zaki Lestari,https://scontent-iad6-1.cdninstagram.com/v/t51.82787-19/551057952_18479436106074710_8064216012374103146_n.jpg?stp=dst-jpg_s150x150_tt6&_nc_cat=100&ccb=7-5&_nc_sid=f7ccc5&efg=eyJ2ZW5jb2RlX3RhZyI6InByb2ZpbGVfcGljLnd3dy4xMDgwLkMzIn0%3D&_nc_ohc=zisp7lviP2UQ7kNvwGVckTa&_nc_oc=AdrP4WTEinqS-M0c1U5kitNgM9nRMhRgIz15SuIEqB1Icarxkh3GfM2v5jcWXonGHZs&_nc_zt=24&_nc_ht=scontent-iad6-1.cdninstagram.com&_nc_gid=WMI2tPWUAJnlmj3zmmGOgQ&_nc_ss=7d6a8&oh=00_Af6Pt6ofOyMjjmTz8I9Jp51xQ2V05t-WVRaS-M4bmdk-iw&oe=6A039416,bukanjihan321,bukanjihan321,FALSE,FALSE,1,1
3.89166969171883E+018,https://www.instagram.com/p/DYB_Pc2DhLC/?utm_source=ig_web_copy_link&igsh=MzRlODBiNWFlZA==,1.82680747982092E+016,https://www.instagram.com/p/DYB_Pc2DhLC/?utm_source=ig_web_copy_link&igsh=MzRlODBiNWFlZA==/c/18268074798209148/,BNI kasus beneran? wkwk 🙌,1778222265,17,130627563074655,sihcitra8,Citra Santoso,https://scontent-iad6-1.cdninstagram.com/v/t51.82787-19/551057952_18479436106074710_8064216012374103146_n.jpg?stp=dst-jpg_s150x150_tt6&_nc_cat=100&ccb=7-5&_nc_sid=f7ccc5&efg=eyJ2ZW5jb2RlX3RhZyI6InByb2ZpbGVfcGljLnd3dy4xMDgwLkMzIn0%3D&_nc_ohc=zisp7lviP2UQ7kNvwGVckTa&_nc_oc=AdrP4WTEinqS-M0c1U5kitNgM9nRMhRgIz15SuIEqB1Icarxkh3GfM2v5jcWXonGHZs&_nc_zt=24&_nc_ht=scontent-iad6-1.cdninstagram.com&_nc_gid=WMI2tPWUAJnlmj3zmmGOgQ&_nc_ss=7d6a8&oh=00_Af6Pt6ofOyMjjmTz8I9Jp51xQ2V05t-WVRaS-M4bmdk-iw&oe=6A039416,sihcitra8,sihcitra8,FALSE,FALSE,3,3
3.89166969171883E+018,https://www.instagram.com/p/DYB_Pc2DhLC/?utm_source=ig_web_copy_link&igsh=MzRlODBiNWFlZA==,1.80409562263288E+016,https://www.instagram.com/p/DYB_Pc2DhLC/?utm_source=ig_web_copy_link&igsh=MzRlODBiNWFlZA==/c/18040956226328775/,Seharusnya BNI masa 🤣 wkwk,1778229883,17,712688559685823,_doni321,_doni321,https://scontent-iad6-1.cdninstagram.com/v/t51.82787-19/551057952_18479436106074710_8064216012374103146_n.jpg?stp=dst-jpg_s150x150_tt6&_nc_cat=100&ccb=7-5&_nc_sid=f7ccc5&efg=eyJ2ZW5jb2RlX3RhZyI6InByb2ZpbGVfcGljLnd3dy4xMDgwLkMzIn0%3D&_nc_ohc=zisp7lviP2UQ7kNvwGVckTa&_nc_oc=AdrP4WTEinqS-M0c1U5kitNgM9nRMhRgIz15SuIEqB1Icarxkh3GfM2v5jcWXonGHZs&_nc_zt=24&_nc_ht=scontent-iad6-1.cdninstagram.com&_nc_gid=WMI2tPWUAJnlmj3zmmGOgQ&_nc_ss=7d6a8&oh=00_Af6Pt6ofOyMjjmTz8I9Jp51xQ2V05t-WVRaS-M4bmdk-iw&oe=6A039416,_doni321,_doni321,FALSE,FALSE,8,8
3.89166969171883E+018,https://www.instagram.com/p/DYB_Pc2DhLC/?utm_source=ig_web_copy_link&igsh=MzRlODBiNWFlZA==,1.31784888749999E+016,https://www.instagram.com/p/DYB_Pc2DhLC/?utm_source=ig_web_copy_link&igsh=MzRlODBiNWFlZA==/c/13178488874999932/,Setuju liat buzzer serius? 😂,1778190310,14,821960039387869,budi_yulianti6,Budi_yulianti6,https://scontent-iad6-1.cdninstagram.com/v/t51.82787-19/551057952_18479436106074710_8064216012374103146_n.jpg?stp=dst-jpg_s150x150_tt6&_nc_cat=100&ccb=7-5&_nc_sid=f7ccc5&efg=eyJ2ZW5jb2RlX3RhZyI6InByb2ZpbGVfcGljLnd3dy4xMDgwLkMzIn0%3D&_nc_ohc=zisp7lviP2UQ7kNvwGVckTa&_nc_oc=AdrP4WTEinqS-M0c1U5kitNgM9nRMhRgIz15SuIEqB1Icarxkh3GfM2v5jcWXonGHZs&_nc_zt=24&_nc_ht=scontent-iad6-1.cdninstagram.com&_nc_gid=WMI2tPWUAJnlmj3zmmGOgQ&_nc_ss=7d6a8&oh=00_Af6Pt6ofOyMjjmTz8I9Jp51xQ2V05t-WVRaS-M4bmdk-iw&oe=6A039416,budi_yulianti6,budi_yulianti6,FALSE,FALSE,3,3
3.89166969171883E+018,https://www.instagram.com/p/DYB_Pc2DhLC/?utm_source=ig_web_copy_link&igsh=MzRlODBiNWFlZA==,1.80026393699036E+016,https://www.instagram.com/p/DYB_Pc2DhLC/?utm_source=ig_web_copy_link&igsh=MzRlODBiNWFlZA==/c/18002639369903575/,@folkative coba jawab cuci tangan pangan gila,1778149203,295,185981219356351,officialintan11,Officialintan11,https://scontent-iad6-1.cdninstagram.com/v/t51.82787-19/551057952_18479436106074710_8064216012374103146_n.jpg?stp=dst-jpg_s150x150_tt6&_nc_cat=100&ccb=7-5&_nc_sid=f7ccc5&efg=eyJ2ZW5jb2RlX3RhZyI6InByb2ZpbGVfcGljLnd3dy4xMDgwLkMzIn0%3D&_nc_ohc=zisp7lviP2UQ7kNvwGVckTa&_nc_oc=AdrP4WTEinqS-M0c1U5kitNgM9nRMhRgIz15SuIEqB1Icarxkh3GfM2v5jcWXonGHZs&_nc_zt=24&_nc_ht=scontent-iad6-1.cdninstagram.com&_nc_gid=WMI2tPWUAJnlmj3zmmGOgQ&_nc_ss=7d6a8&oh=00_Af6Pt6ofOyMjjmTz8I9Jp51xQ2V05t-WVRaS-M4bmdk-iw&oe=6A039416,officialintan11,officialintan11,FALSE,FALSE,14,14
3.89166969171883E+018,https://www.instagram.com/p/DYB_Pc2DhLC/?utm_source=ig_web_copy_link&igsh=MzRlODBiNWFlZA==,1.93041885163067E+016,https://www.instagram.com/p/DYB_Pc2DhLC/?utm_source=ig_web_copy_link&igsh=MzRlODBiNWFlZA==/c/19304188516306684/,@folkative tolong dong template kasus,1778239786,8,649276823256878,lenihandayani4,Kartika Wahyuni,https://scontent-iad6-1.cdninstagram.com/v/t51.82787-19/551057952_18479436106074710_8064216012374103146_n.jpg?stp=dst-jpg_s150x150_tt6&_nc_cat=100&ccb=7-5&_nc_sid=f7ccc5&efg=eyJ2ZW5jb2RlX3RhZyI6InByb2ZpbGVfcGljLnd3dy4xMDgwLkMzIn0%3D&_nc_ohc=zisp7lviP2UQ7kNvwGVckTa&_nc_oc=AdrP4WTEinqS-M0c1U5kitNgM9nRMhRgIz15SuIEqB1Icarxkh3GfM2v5jcWXonGHZs&_nc_zt=24&_nc_ht=scontent-iad6-1.cdninstagram.com&_nc_gid=WMI2tPWUAJnlmj3zmmGOgQ&_nc_ss=7d6a8&oh=00_Af6Pt6ofOyMjjmTz8I9Jp51xQ2V05t-WVRaS-M4bmdk-iw&oe=6A039416,lenihandayani4,lenihandayani4,FALSE,FALSE,2,2
3.89166969171883E+018,https://www.instagram.com/p/DYB_Pc2DhLC/?utm_source=ig_web_copy_link&igsh=MzRlODBiNWFlZA==,1.95307757451792E+016,https://www.instagram.com/p/DYB_Pc2DhLC/?utm_source=ig_web_copy_link&igsh=MzRlODBiNWFlZA==/c/19530775745179221/,Seharusnya swasembada gimana sih gila hahaha,1778211458,15,434032541507912,saputrazaki123,Joko Mulyadi,https://scontent-iad6-1.cdninstagram.com/v/t51.82787-19/551057952_18479436106074710_8064216012374103146_n.jpg?stp=dst-jpg_s150x150_tt6&_nc_cat=100&ccb=7-5&_nc_sid=f7ccc5&efg=eyJ2ZW5jb2RlX3RhZyI6InByb2ZpbGVfcGljLnd3dy4xMDgwLkMzIn0%3D&_nc_ohc=zisp7lviP2UQ7kNvwGVckTa&_nc_oc=AdrP4WTEinqS-M0c1U5kitNgM9nRMhRgIz15SuIEqB1Icarxkh3GfM2v5jcWXonGHZs&_nc_zt=24&_nc_ht=scontent-iad6-1.cdninstagram.com&_nc_gid=WMI2tPWUAJnlmj3zmmGOgQ&_nc_ss=7d6a8&oh=00_Af6Pt6ofOyMjjmTz8I9Jp51xQ2V05t-WVRaS-M4bmdk-iw&oe=6A039416,saputrazaki123,saputrazaki123,FALSE,FALSE,6,6
3.89166969171883E+018,https://www.instagram.com/p/DYB_Pc2DhLC/?utm_source=ig_web_copy_link&igsh=MzRlODBiNWFlZA==,1.80421199114724E+016,https://www.instagram.com/p/DYB_Pc2DhLC/?utm_source=ig_web_copy_link&igsh=MzRlODBiNWFlZA==/c/18042119911472414/,masa sih qodari kritik bro,1778214747,19,767147809708713,si_kevin77,Si_kevin77,https://scontent-iad6-1.cdninstagram.com/v/t51.82787-19/551057952_18479436106074710_8064216012374103146_n.jpg?stp=dst-jpg_s150x150_tt6&_nc_cat=100&ccb=7-5&_nc_sid=f7ccc5&efg=eyJ2ZW5jb2RlX3RhZyI6InByb2ZpbGVfcGljLnd3dy4xMDgwLkMzIn0%3D&_nc_ohc=zisp7lviP2UQ7kNvwGVckTa&_nc_oc=AdrP4WTEinqS-M0c1U5kitNgM9nRMhRgIz15SuIEqB1Icarxkh3GfM2v5jcWXonGHZs&_nc_zt=24&_nc_ht=scontent-iad6-1.cdninstagram.com&_nc_gid=WMI2tPWUAJnlmj3zmmGOgQ&_nc_ss=7d6a8&oh=00_Af6Pt6ofOyMjjmTz8I9Jp51xQ2V05t-WVRaS-M4bmdk-iw&oe=6A039416,si_kevin77,si_kevin77,FALSE,FALSE,7,7
3.89166969171883E+018,https://www.instagram.com/p/DYB_Pc2DhLC/?utm_source=ig_web_copy_link&igsh=MzRlODBiNWFlZA==,1.43230265922678E+016,https://www.instagram.com/p/DYB_Pc2DhLC/?utm_source=ig_web_copy_link&igsh=MzRlODBiNWFlZA==/c/14323026592267749/,astaga istana kritik kak masa sih,1778230053,31,960372598992043,jihan_pratama6,Jihan_pratama6,https://scontent-iad6-1.cdninstagram.com/v/t51.82787-19/551057952_18479436106074710_8064216012374103146_n.jpg?stp=dst-jpg_s150x150_tt6&_nc_cat=100&ccb=7-5&_nc_sid=f7ccc5&efg=eyJ2ZW5jb2RlX3RhZyI6InByb2ZpbGVfcGljLnd3dy4xMDgwLkMzIn0%3D&_nc_ohc=zisp7lviP2UQ7kNvwGVckTa&_nc_oc=AdrP4WTEinqS-M0c1U5kitNgM9nRMhRgIz15SuIEqB1Icarxkh3GfM2v5jcWXonGHZs&_nc_zt=24&_nc_ht=scontent-iad6-1.cdninstagram.com&_nc_gid=WMI2tPWUAJnlmj3zmmGOgQ&_nc_ss=7d6a8&oh=00_Af6Pt6ofOyMjjmTz8I9Jp51xQ2V05t-WVRaS-M4bmdk-iw&oe=6A039416,jihan_pratama6,jihan_pratama6,FALSE,FALSE,0,0
3.89166969171883E+018,https://www.instagram.com/p/DYB_Pc2DhLC/?utm_source=ig_web_copy_link&igsh=MzRlODBiNWFlZA==,1.55980919665655E+016,https://www.instagram.com/p/DYB_Pc2DhLC/?utm_source=ig_web_copy_link&igsh=MzRlODBiNWFlZA==/c/15598091966565512/,Padahal bank gimana sih gila 🙌,1778222124,95,224200548798198,si_kevin3,Tono Saputra,https://scontent-iad6-1.cdninstagram.com/v/t51.82787-19/551057952_18479436106074710_8064216012374103146_n.jpg?stp=dst-jpg_s150x150_tt6&_nc_cat=100&ccb=7-5&_nc_sid=f7ccc5&efg=eyJ2ZW5jb2RlX3RhZyI6InByb2ZpbGVfcGljLnd3dy4xMDgwLkMzIn0%3D&_nc_ohc=zisp7lviP2UQ7kNvwGVckTa&_nc_oc=AdrP4WTEinqS-M0c1U5kitNgM9nRMhRgIz15SuIEqB1Icarxkh3GfM2v5jcWXonGHZs&_nc_zt=24&_nc_ht=scontent-iad6-1.cdninstagram.com&_nc_gid=WMI2tPWUAJnlmj3zmmGOgQ&_nc_ss=7d6a8&oh=00_Af6Pt6ofOyMjjmTz8I9Jp51xQ2V05t-WVRaS-M4bmdk-iw&oe=6A039416,si_kevin3,si_kevin3,FALSE,FALSE,5,5
3.89166969171883E+018,https://www.instagram.com/p/DYB_Pc2DhLC/?utm_source=ig_web_copy_link&igsh=MzRlODBiNWFlZA==,1.48680592861196E+016,https://www.instagram.com/p/DYB_Pc2DhLC/?utm_source=ig_web_copy_link&igsh=MzRlODBiNWFlZA==/c/14868059286119574/,Lah briefing? 🙌 😂,1778166328,203,181014242176334,sari12,Wawan Siregar,https://scontent-iad6-1.cdninstagram.com/v/t51.82787-19/551057952_18479436106074710_8064216012374103146_n.jpg?stp=dst-jpg_s150x150_tt6&_nc_cat=100&ccb=7-5&_nc_sid=f7ccc5&efg=eyJ2ZW5jb2RlX3RhZyI6InByb2ZpbGVfcGljLnd3dy4xMDgwLkMzIn0%3D&_nc_ohc=zisp7lviP2UQ7kNvwGVckTa&_nc_oc=AdrP4WTEinqS-M0c1U5kitNgM9nRMhRgIz15SuIEqB1Icarxkh3GfM2v5jcWXonGHZs&_nc_zt=24&_nc_ht=scontent-iad6-1.cdninstagram.com&_nc_gid=WMI2tPWUAJnlmj3zmmGOgQ&_nc_ss=7d6a8&oh=00_Af6Pt6ofOyMjjmTz8I9Jp51xQ2V05t-WVRaS-M4bmdk-iw&oe=6A039416,sari12,sari12,FALSE,FALSE,13,13
3.89166969171883E+018,https://www.instagram.com/p/DYB_Pc2DhLC/?utm_source=ig_web_copy_link&igsh=MzRlODBiNWFlZA==,1.14827599155115E+016,https://www.instagram.com/p/DYB_Pc2DhLC/?utm_source=ig_web_copy_link&igsh=MzRlODBiNWFlZA==/c/11482759915511469/,😂 cuci tangan nih buzzer,1778204594,487,305612807212431,doni.hakim88,Doni.hakim88,https://scontent-iad6-1.cdninstagram.com/v/t51.82787-19/551057952_18479436106074710_8064216012374103146_n.jpg?stp=dst-jpg_s150x150_tt6&_nc_cat=100&ccb=7-5&_nc_sid=f7ccc5&efg=eyJ2ZW5jb2RlX3RhZyI6InByb2ZpbGVfcGljLnd3dy4xMDgwLkMzIn0%3D&_nc_ohc=zisp7lviP2UQ7kNvwGVckTa&_nc_oc=AdrP4WTEinqS-M0c1U5kitNgM9nRMhRgIz15SuIEqB1Icarxkh3GfM2v5jcWXonGHZs&_nc_zt=24&_nc_ht=scontent-iad6-1.cdninstagram.com&_nc_gid=WMI2tPWUAJnlmj3zmmGOgQ&_nc_ss=7d6a8&oh=00_Af6Pt6ofOyMjjmTz8I9Jp51xQ2V05t-WVRaS-M4bmdk-iw&oe=6A039416,doni.hakim88,doni.hakim88,FALSE,FALSE,19,19
3.89166969171883E+018,https://www.instagram.com/p/DYB_Pc2DhLC/?utm_source=ig_web_copy_link&igsh=MzRlODBiNWFlZA==,1.50238860946208E+016,https://www.instagram.com/p/DYB_Pc2DhLC/?utm_source=ig_web_copy_link&igsh=MzRlODBiNWFlZA==/c/15023886094620777/,@folkative coba jawab panik kasus,1778196564,13,790807980910105,bukanintan3,Bukanintan3,https://scontent-iad6-1.cdninstagram.com/v/t51.82787-19/551057952_18479436106074710_8064216012374103146_n.jpg?stp=dst-jpg_s150x150_tt6&_nc_cat=100&ccb=7-5&_nc_sid=f7ccc5&efg=eyJ2ZW5jb2RlX3RhZyI6InByb2ZpbGVfcGljLnd3dy4xMDgwLkMzIn0%3D&_nc_ohc=zisp7lviP2UQ7kNvwGVckTa&_nc_oc=AdrP4WTEinqS-M0c1U5kitNgM9nRMhRgIz15SuIEqB1Icarxkh3GfM2v5jcWXonGHZs&_nc_zt=24&_nc_ht=scontent-iad6-1.cdninstagram.com&_nc_gid=WMI2tPWUAJnlmj3zmmGOgQ&_nc_ss=7d6a8&oh=00_Af6Pt6ofOyMjjmTz8I9Jp51xQ2V05t-WVRaS-M4bmdk-iw&oe=6A039416,bukanintan3,bukanintan3,FALSE,FALSE,5,5
3.89166969171883E+018,https://www.instagram.com/p/DYB_Pc2DhLC/?utm_source=ig_web_copy_link&igsh=MzRlODBiNWFlZA==,1.09640399687795E+016,https://www.instagram.com/p/DYB_Pc2DhLC/?utm_source=ig_web_copy_link&igsh=MzRlODBiNWFlZA==/c/10964039968779489/,masa sih aparat arahan cuy waduh,1778239258,9,668723731061401,maya.firmansyah5,Putri Wibowo,https://scontent-iad6-1.cdninstagram.com/v/t51.82787-19/551057952_18479436106074710_8064216012374103146_n.jpg?stp=dst-jpg_s150x150_tt6&_nc_cat=100&ccb=7-5&_nc_sid=f7ccc5&efg=eyJ2ZW5jb2RlX3RhZyI6InByb2ZpbGVfcGljLnd3dy4xMDgwLkMzIn0%3D&_nc_ohc=zisp7lviP2UQ7kNvwGVckTa&_nc_oc=AdrP4WTEinqS-M0c1U5kitNgM9nRMhRgIz15SuIEqB1Icarxkh3GfM2v5jcWXonGHZs&_nc_zt=24&_nc_ht=scontent-iad6-1.cdninstagram.com&_nc_gid=WMI2tPWUAJnlmj3zmmGOgQ&_nc_ss=7d6a8&oh=00_Af6Pt6ofOyMjjmTz8I9Jp51xQ2V05t-WVRaS-M4bmdk-iw&oe=6A039416,maya.firmansyah5,maya.firmansyah5,FALSE,FALSE,1,1
3.89166969171883E+018,https://www.instagram.com/p/DYB_Pc2DhLC/?utm_source=ig_web_copy_link&igsh=MzRlODBiNWFlZA==,1.51079630012855E+016,https://www.instagram.com/p/DYB_Pc2DhLC/?utm_source=ig_web_copy_link&igsh=MzRlODBiNWFlZA==/c/15107963001285455/,Kemarin MBG gimana sih hahaha,1778206496,11,158142278105975,rachmansari11,Gita Pratama,https://scontent-iad6-1.cdninstagram.com/v/t51.82787-19/551057952_18479436106074710_8064216012374103146_n.jpg?stp=dst-jpg_s150x150_tt6&_nc_cat=100&ccb=7-5&_nc_sid=f7ccc5&efg=eyJ2ZW5jb2RlX3RhZyI6InByb2ZpbGVfcGljLnd3dy4xMDgwLkMzIn0%3D&_nc_ohc=zisp7lviP2UQ7kNvwGVckTa&_nc_oc=AdrP4WTEinqS-M0c1U5kitNgM9nRMhRgIz15SuIEqB1Icarxkh3GfM2v5jcWXonGHZs&_nc_zt=24&_nc_ht=scontent-iad6-1.cdninstagram.com&_nc_gid=WMI2tPWUAJnlmj3zmmGOgQ&_nc_ss=7d6a8&oh=00_Af6Pt6ofOyMjjmTz8I9Jp51xQ2V05t-WVRaS-M4bmdk-iw&oe=6A039416,rachmansari11,rachmansari11,FALSE,FALSE,1,1
3.89166969171883E+018,https://www.instagram.com/p/DYB_Pc2DhLC/?utm_source=ig_web_copy_link&igsh=MzRlODBiNWFlZA==,1.76017623961649E+016,https://www.instagram.com/p/DYB_Pc2DhLC/?utm_source=ig_web_copy_link&igsh=MzRlODBiNWFlZA==/c/17601762396164934/,Coba copy paste? 🙌 gila,1778219572,954,122047151210362,zakiweh12,Rina Pratama,https://scontent-iad6-1.cdninstagram.com/v/t51.82787-19/551057952_18479436106074710_8064216012374103146_n.jpg?stp=dst-jpg_s150x150_tt6&_nc_cat=100&ccb=7-5&_nc_sid=f7ccc5&efg=eyJ2ZW5jb2RlX3RhZyI6InByb2ZpbGVfcGljLnd3dy4xMDgwLkMzIn0%3D&_nc_ohc=zisp7lviP2UQ7kNvwGVckTa&_nc_oc=AdrP4WTEinqS-M0c1U5kitNgM9nRMhRgIz15SuIEqB1Icarxkh3GfM2v5jcWXonGHZs&_nc_zt=24&_nc_ht=scontent-iad6-1.cdninstagram.com&_nc_gid=WMI2tPWUAJnlmj3zmmGOgQ&_nc_ss=7d6a8&oh=00_Af6Pt6ofOyMjjmTz8I9Jp51xQ2V05t-WVRaS-M4bmdk-iw&oe=6A039416,zakiweh12,zakiweh12,FALSE,FALSE,43,43
3.89166969171883E+018,https://www.instagram.com/p/DYB_Pc2DhLC/?utm_source=ig_web_copy_link&igsh=MzRlODBiNWFlZA==,1.21897726020184E+016,https://www.instagram.com/p/DYB_Pc2DhLC/?utm_source=ig_web_copy_link&igsh=MzRlODBiNWFlZA==/c/12189772602018433/,Template mirip waduh 🗿,1778217200,7,594023804305077,purnomokartika4,Purnomokartika4,https://scontent-iad6-1.cdninstagram.com/v/t51.82787-19/551057952_18479436106074710_8064216012374103146_n.jpg?stp=dst-jpg_s150x150_tt6&_nc_cat=100&ccb=7-5&_nc_sid=f7ccc5&efg=eyJ2ZW5jb2RlX3RhZyI6InByb2ZpbGVfcGljLnd3dy4xMDgwLkMzIn0%3D&_nc_ohc=zisp7lviP2UQ7kNvwGVckTa&_nc_oc=AdrP4WTEinqS-M0c1U5kitNgM9nRMhRgIz15SuIEqB1Icarxkh3GfM2v5jcWXonGHZs&_nc_zt=24&_nc_ht=scontent-iad6-1.cdninstagram.com&_nc_gid=WMI2tPWUAJnlmj3zmmGOgQ&_nc_ss=7d6a8&oh=00_Af6Pt6ofOyMjjmTz8I9Jp51xQ2V05t-WVRaS-M4bmdk-iw&oe=6A039416,purnomokartika4,purnomokartika4,FALSE,FALSE,1,1
3.89166969171883E+018,https://www.instagram.com/p/DYB_Pc2DhLC/?utm_source=ig_web_copy_link&igsh=MzRlODBiNWFlZA==,1.11574285563287E+016,https://www.instagram.com/p/DYB_Pc2DhLC/?utm_source=ig_web_copy_link&igsh=MzRlODBiNWFlZA==/c/11157428556328688/,@folkative coba jawab cuci tangan BNI,1778204243,41,143780614164593,kartikafirmansyah321,Kartika Mulyadi,https://scontent-iad6-1.cdninstagram.com/v/t51.82787-19/551057952_18479436106074710_8064216012374103146_n.jpg?stp=dst-jpg_s150x150_tt6&_nc_cat=100&ccb=7-5&_nc_sid=f7ccc5&efg=eyJ2ZW5jb2RlX3RhZyI6InByb2ZpbGVfcGljLnd3dy4xMDgwLkMzIn0%3D&_nc_ohc=zisp7lviP2UQ7kNvwGVckTa&_nc_oc=AdrP4WTEinqS-M0c1U5kitNgM9nRMhRgIz15SuIEqB1Icarxkh3GfM2v5jcWXonGHZs&_nc_zt=24&_nc_ht=scontent-iad6-1.cdninstagram.com&_nc_gid=WMI2tPWUAJnlmj3zmmGOgQ&_nc_ss=7d6a8&oh=00_Af6Pt6ofOyMjjmTz8I9Jp51xQ2V05t-WVRaS-M4bmdk-iw&oe=6A039416,kartikafirmansyah321,kartikafirmansyah321,FALSE,FALSE,0,0
3.89166969171883E+018,https://www.instagram.com/p/DYB_Pc2DhLC/?utm_source=ig_web_copy_link&igsh=MzRlODBiNWFlZA==,1.45462359676308E+016,https://www.instagram.com/p/DYB_Pc2DhLC/?utm_source=ig_web_copy_link&igsh=MzRlODBiNWFlZA==/c/14546235967630789/,Istana briefing beneran? buset,1778182066,180,883751977208620,indah621,Sari Saputra,https://scontent-iad6-1.cdninstagram.com/v/t51.82787-19/551057952_18479436106074710_8064216012374103146_n.jpg?stp=dst-jpg_s150x150_tt6&_nc_cat=100&ccb=7-5&_nc_sid=f7ccc5&efg=eyJ2ZW5jb2RlX3RhZyI6InByb2ZpbGVfcGljLnd3dy4xMDgwLkMzIn0%3D&_nc_ohc=zisp7lviP2UQ7kNvwGVckTa&_nc_oc=AdrP4WTEinqS-M0c1U5kitNgM9nRMhRgIz15SuIEqB1Icarxkh3GfM2v5jcWXonGHZs&_nc_zt=24&_nc_ht=scontent-iad6-1.cdninstagram.com&_nc_gid=WMI2tPWUAJnlmj3zmmGOgQ&_nc_ss=7d6a8&oh=00_Af6Pt6ofOyMjjmTz8I9Jp51xQ2V05t-WVRaS-M4bmdk-iw&oe=6A039416,indah621,indah621,FALSE,FALSE,2,2
3.89166969171883E+018,https://www.instagram.com/p/DYB_Pc2DhLC/?utm_source=ig_web_copy_link&igsh=MzRlODBiNWFlZA==,1.56252650322486E+016,https://www.instagram.com/p/DYB_Pc2DhLC/?utm_source=ig_web_copy_link&igsh=MzRlODBiNWFlZA==/c/15625265032248620/,💀 panik nih qodari 🗿,1778195397,40,198479901541645,bukannina3,Xena Siregar,https://scontent-iad6-1.cdninstagram.com/v/t51.82787-19/551057952_18479436106074710_8064216012374103146_n.jpg?stp=dst-jpg_s150x150_tt6&_nc_cat=100&ccb=7-5&_nc_sid=f7ccc5&efg=eyJ2ZW5jb2RlX3RhZyI6InByb2ZpbGVfcGljLnd3dy4xMDgwLkMzIn0%3D&_nc_ohc=zisp7lviP2UQ7kNvwGVckTa&_nc_oc=AdrP4WTEinqS-M0c1U5kitNgM9nRMhRgIz15SuIEqB1Icarxkh3GfM2v5jcWXonGHZs&_nc_zt=24&_nc_ht=scontent-iad6-1.cdninstagram.com&_nc_gid=WMI2tPWUAJnlmj3zmmGOgQ&_nc_ss=7d6a8&oh=00_Af6Pt6ofOyMjjmTz8I9Jp51xQ2V05t-WVRaS-M4bmdk-iw&oe=6A039416,bukannina3,bukannina3,FALSE,FALSE,3,3
3.89166969171883E+018,https://www.instagram.com/p/DYB_Pc2DhLC/?utm_source=ig_web_copy_link&igsh=MzRlODBiNWFlZA==,1.88980930044499E+016,https://www.instagram.com/p/DYB_Pc2DhLC/?utm_source=ig_web_copy_link&igsh=MzRlODBiNWFlZA==/c/18898093004449916/,Berarti kritik? 🗿 🤣,1778158442,382,597803336661129,mayagan8,Yanti Sari,https://scontent-iad6-1.cdninstagram.com/v/t51.82787-19/551057952_18479436106074710_8064216012374103146_n.jpg?stp=dst-jpg_s150x150_tt6&_nc_cat=100&ccb=7-5&_nc_sid=f7ccc5&efg=eyJ2ZW5jb2RlX3RhZyI6InByb2ZpbGVfcGljLnd3dy4xMDgwLkMzIn0%3D&_nc_ohc=zisp7lviP2UQ7kNvwGVckTa&_nc_oc=AdrP4WTEinqS-M0c1U5kitNgM9nRMhRgIz15SuIEqB1Icarxkh3GfM2v5jcWXonGHZs&_nc_zt=24&_nc_ht=scontent-iad6-1.cdninstagram.com&_nc_gid=WMI2tPWUAJnlmj3zmmGOgQ&_nc_ss=7d6a8&oh=00_Af6Pt6ofOyMjjmTz8I9Jp51xQ2V05t-WVRaS-M4bmdk-iw&oe=6A039416,mayagan8,mayagan8,FALSE,FALSE,18,18
3.89166969171883E+018,https://www.instagram.com/p/DYB_Pc2DhLC/?utm_source=ig_web_copy_link&igsh=MzRlODBiNWFlZA==,1.99013244255327E+016,https://www.instagram.com/p/DYB_Pc2DhLC/?utm_source=ig_web_copy_link&igsh=MzRlODBiNWFlZA==/c/19901324425532647/,astaga kritik ya pemerintah 🤣,1778211038,308,284809305685277,eka.gunawan7,Gita Hidayat,https://scontent-iad6-1.cdninstagram.com/v/t51.82787-19/551057952_18479436106074710_8064216012374103146_n.jpg?stp=dst-jpg_s150x150_tt6&_nc_cat=100&ccb=7-5&_nc_sid=f7ccc5&efg=eyJ2ZW5jb2RlX3RhZyI6InByb2ZpbGVfcGljLnd3dy4xMDgwLkMzIn0%3D&_nc_ohc=zisp7lviP2UQ7kNvwGVckTa&_nc_oc=AdrP4WTEinqS-M0c1U5kitNgM9nRMhRgIz15SuIEqB1Icarxkh3GfM2v5jcWXonGHZs&_nc_zt=24&_nc_ht=scontent-iad6-1.cdninstagram.com&_nc_gid=WMI2tPWUAJnlmj3zmmGOgQ&_nc_ss=7d6a8&oh=00_Af6Pt6ofOyMjjmTz8I9Jp51xQ2V05t-WVRaS-M4bmdk-iw&oe=6A039416,eka.gunawan7,eka.gunawan7,FALSE,FALSE,8,8
3.89166969171883E+018,https://www.instagram.com/p/DYB_Pc2DhLC/?utm_source=ig_web_copy_link&igsh=MzRlODBiNWFlZA==,1.17099144217071E+016,https://www.instagram.com/p/DYB_Pc2DhLC/?utm_source=ig_web_copy_link&igsh=MzRlODBiNWFlZA==/c/11709914421707070/,🤣 arahan terus pemerintah,1778203080,419,959242550475204,nina123,Nina123,https://scontent-iad6-1.cdninstagram.com/v/t51.82787-19/551057952_18479436106074710_8064216012374103146_n.jpg?stp=dst-jpg_s150x150_tt6&_nc_cat=100&ccb=7-5&_nc_sid=f7ccc5&efg=eyJ2ZW5jb2RlX3RhZyI6InByb2ZpbGVfcGljLnd3dy4xMDgwLkMzIn0%3D&_nc_ohc=zisp7lviP2UQ7kNvwGVckTa&_nc_oc=AdrP4WTEinqS-M0c1U5kitNgM9nRMhRgIz15SuIEqB1Icarxkh3GfM2v5jcWXonGHZs&_nc_zt=24&_nc_ht=scontent-iad6-1.cdninstagram.com&_nc_gid=WMI2tPWUAJnlmj3zmmGOgQ&_nc_ss=7d6a8&oh=00_Af6Pt6ofOyMjjmTz8I9Jp51xQ2V05t-WVRaS-M4bmdk-iw&oe=6A039416,nina123,nina123,FALSE,FALSE,4,4
3.89166969171883E+018,https://www.instagram.com/p/DYB_Pc2DhLC/?utm_source=ig_web_copy_link&igsh=MzRlODBiNWFlZA==,1.3544073787865E+016,https://www.instagram.com/p/DYB_Pc2DhLC/?utm_source=ig_web_copy_link&igsh=MzRlODBiNWFlZA==/c/13544073787865012/,Template mirip 🗿,1778171251,32,697699887960243,maya555,Maya555,https://scontent-iad6-1.cdninstagram.com/v/t51.82787-19/551057952_18479436106074710_8064216012374103146_n.jpg?stp=dst-jpg_s150x150_tt6&_nc_cat=100&ccb=7-5&_nc_sid=f7ccc5&efg=eyJ2ZW5jb2RlX3RhZyI6InByb2ZpbGVfcGljLnd3dy4xMDgwLkMzIn0%3D&_nc_ohc=zisp7lviP2UQ7kNvwGVckTa&_nc_oc=AdrP4WTEinqS-M0c1U5kitNgM9nRMhRgIz15SuIEqB1Icarxkh3GfM2v5jcWXonGHZs&_nc_zt=24&_nc_ht=scontent-iad6-1.cdninstagram.com&_nc_gid=WMI2tPWUAJnlmj3zmmGOgQ&_nc_ss=7d6a8&oh=00_Af6Pt6ofOyMjjmTz8I9Jp51xQ2V05t-WVRaS-M4bmdk-iw&oe=6A039416,maya555,maya555,FALSE,FALSE,8,8
3.89166969171883E+018,https://www.instagram.com/p/DYB_Pc2DhLC/?utm_source=ig_web_copy_link&igsh=MzRlODBiNWFlZA==,1.48384981944653E+016,https://www.instagram.com/p/DYB_Pc2DhLC/?utm_source=ig_web_copy_link&igsh=MzRlODBiNWFlZA==/c/14838498194465273/,masa sih briefing terus aparat masa sih,1778207272,47,348711160875346,ganfarhan123,Agung Pratama,https://scontent-iad6-1.cdninstagram.com/v/t51.82787-19/551057952_18479436106074710_8064216012374103146_n.jpg?stp=dst-jpg_s150x150_tt6&_nc_cat=100&ccb=7-5&_nc_sid=f7ccc5&efg=eyJ2ZW5jb2RlX3RhZyI6InByb2ZpbGVfcGljLnd3dy4xMDgwLkMzIn0%3D&_nc_ohc=zisp7lviP2UQ7kNvwGVckTa&_nc_oc=AdrP4WTEinqS-M0c1U5kitNgM9nRMhRgIz15SuIEqB1Icarxkh3GfM2v5jcWXonGHZs&_nc_zt=24&_nc_ht=scontent-iad6-1.cdninstagram.com&_nc_gid=WMI2tPWUAJnlmj3zmmGOgQ&_nc_ss=7d6a8&oh=00_Af6Pt6ofOyMjjmTz8I9Jp51xQ2V05t-WVRaS-M4bmdk-iw&oe=6A039416,ganfarhan123,ganfarhan123,FALSE,FALSE,7,7
3.89166969171883E+018,https://www.instagram.com/p/DYB_Pc2DhLC/?utm_source=ig_web_copy_link&igsh=MzRlODBiNWFlZA==,1.35095165579275E+016,https://www.instagram.com/p/DYB_Pc2DhLC/?utm_source=ig_web_copy_link&igsh=MzRlODBiNWFlZA==/c/13509516557927520/,Istana briefing darimana? salfok buset,1778218108,282,792556740420420,purnomowawan7,Wawan Mulyadi,https://scontent-iad6-1.cdninstagram.com/v/t51.82787-19/551057952_18479436106074710_8064216012374103146_n.jpg?stp=dst-jpg_s150x150_tt6&_nc_cat=100&ccb=7-5&_nc_sid=f7ccc5&efg=eyJ2ZW5jb2RlX3RhZyI6InByb2ZpbGVfcGljLnd3dy4xMDgwLkMzIn0%3D&_nc_ohc=zisp7lviP2UQ7kNvwGVckTa&_nc_oc=AdrP4WTEinqS-M0c1U5kitNgM9nRMhRgIz15SuIEqB1Icarxkh3GfM2v5jcWXonGHZs&_nc_zt=24&_nc_ht=scontent-iad6-1.cdninstagram.com&_nc_gid=WMI2tPWUAJnlmj3zmmGOgQ&_nc_ss=7d6a8&oh=00_Af6Pt6ofOyMjjmTz8I9Jp51xQ2V05t-WVRaS-M4bmdk-iw&oe=6A039416,purnomowawan7,purnomowawan7,FALSE,FALSE,6,6
3.89166969171883E+018,https://www.instagram.com/p/DYB_Pc2DhLC/?utm_source=ig_web_copy_link&igsh=MzRlODBiNWFlZA==,1.92515723858816E+016,https://www.instagram.com/p/DYB_Pc2DhLC/?utm_source=ig_web_copy_link&igsh=MzRlODBiNWFlZA==/c/19251572385881604/,Bukannya arahan? salfok,1778185787,287,614964554958870,rina396,Qori Putra,https://scontent-iad6-1.cdninstagram.com/v/t51.82787-19/551057952_18479436106074710_8064216012374103146_n.jpg?stp=dst-jpg_s150x150_tt6&_nc_cat=100&ccb=7-5&_nc_sid=f7ccc5&efg=eyJ2ZW5jb2RlX3RhZyI6InByb2ZpbGVfcGljLnd3dy4xMDgwLkMzIn0%3D&_nc_ohc=zisp7lviP2UQ7kNvwGVckTa&_nc_oc=AdrP4WTEinqS-M0c1U5kitNgM9nRMhRgIz15SuIEqB1Icarxkh3GfM2v5jcWXonGHZs&_nc_zt=24&_nc_ht=scontent-iad6-1.cdninstagram.com&_nc_gid=WMI2tPWUAJnlmj3zmmGOgQ&_nc_ss=7d6a8&oh=00_Af6Pt6ofOyMjjmTz8I9Jp51xQ2V05t-WVRaS-M4bmdk-iw&oe=6A039416,rina396,rina396,TRUE,FALSE,9,9
3.89166969171883E+018,https://www.instagram.com/p/DYB_Pc2DhLC/?utm_source=ig_web_copy_link&igsh=MzRlODBiNWFlZA==,1.56549438597234E+016,https://www.instagram.com/p/DYB_Pc2DhLC/?utm_source=ig_web_copy_link&igsh=MzRlODBiNWFlZA==/c/15654943859723398/,Udah dari dulu sama buzer hahaha wkwk,1778167146,950,761981295595536,rina_hakim123,Rina_hakim123,https://scontent-iad6-1.cdninstagram.com/v/t51.82787-19/551057952_18479436106074710_8064216012374103146_n.jpg?stp=dst-jpg_s150x150_tt6&_nc_cat=100&ccb=7-5&_nc_sid=f7ccc5&efg=eyJ2ZW5jb2RlX3RhZyI6InByb2ZpbGVfcGljLnd3dy4xMDgwLkMzIn0%3D&_nc_ohc=zisp7lviP2UQ7kNvwGVckTa&_nc_oc=AdrP4WTEinqS-M0c1U5kitNgM9nRMhRgIz15SuIEqB1Icarxkh3GfM2v5jcWXonGHZs&_nc_zt=24&_nc_ht=scontent-iad6-1.cdninstagram.com&_nc_gid=WMI2tPWUAJnlmj3zmmGOgQ&_nc_ss=7d6a8&oh=00_Af6Pt6ofOyMjjmTz8I9Jp51xQ2V05t-WVRaS-M4bmdk-iw&oe=6A039416,rina_hakim123,rina_hakim123,FALSE,FALSE,19,19
3.89166969171883E+018,https://www.instagram.com/p/DYB_Pc2DhLC/?utm_source=ig_web_copy_link&igsh=MzRlODBiNWFlZA==,1.39873227850438E+016,https://www.instagram.com/p/DYB_Pc2DhLC/?utm_source=ig_web_copy_link&igsh=MzRlODBiNWFlZA==/c/13987322785043826/,Bukannya kritik? masa sih,1778181268,30,927940484153540,saputrananda5,Joko Saputra,https://scontent-iad6-1.cdninstagram.com/v/t51.82787-19/551057952_18479436106074710_8064216012374103146_n.jpg?stp=dst-jpg_s150x150_tt6&_nc_cat=100&ccb=7-5&_nc_sid=f7ccc5&efg=eyJ2ZW5jb2RlX3RhZyI6InByb2ZpbGVfcGljLnd3dy4xMDgwLkMzIn0%3D&_nc_ohc=zisp7lviP2UQ7kNvwGVckTa&_nc_oc=AdrP4WTEinqS-M0c1U5kitNgM9nRMhRgIz15SuIEqB1Icarxkh3GfM2v5jcWXonGHZs&_nc_zt=24&_nc_ht=scontent-iad6-1.cdninstagram.com&_nc_gid=WMI2tPWUAJnlmj3zmmGOgQ&_nc_ss=7d6a8&oh=00_Af6Pt6ofOyMjjmTz8I9Jp51xQ2V05t-WVRaS-M4bmdk-iw&oe=6A039416,saputrananda5,saputrananda5,FALSE,FALSE,4,4
3.89166969171883E+018,https://www.instagram.com/p/DYB_Pc2DhLC/?utm_source=ig_web_copy_link&igsh=MzRlODBiNWFlZA==,1.2803796368005E+016,https://www.instagram.com/p/DYB_Pc2DhLC/?utm_source=ig_web_copy_link&igsh=MzRlODBiNWFlZA==/c/12803796368004976/,hahaha briefing terus qodari waduh,1778150215,177,546939822412374,tono123,Tono123,https://scontent-iad6-1.cdninstagram.com/v/t51.82787-19/551057952_18479436106074710_8064216012374103146_n.jpg?stp=dst-jpg_s150x150_tt6&_nc_cat=100&ccb=7-5&_nc_sid=f7ccc5&efg=eyJ2ZW5jb2RlX3RhZyI6InByb2ZpbGVfcGljLnd3dy4xMDgwLkMzIn0%3D&_nc_ohc=zisp7lviP2UQ7kNvwGVckTa&_nc_oc=AdrP4WTEinqS-M0c1U5kitNgM9nRMhRgIz15SuIEqB1Icarxkh3GfM2v5jcWXonGHZs&_nc_zt=24&_nc_ht=scontent-iad6-1.cdninstagram.com&_nc_gid=WMI2tPWUAJnlmj3zmmGOgQ&_nc_ss=7d6a8&oh=00_Af6Pt6ofOyMjjmTz8I9Jp51xQ2V05t-WVRaS-M4bmdk-iw&oe=6A039416,tono123,tono123,FALSE,FALSE,13,13
3.89166969171883E+018,https://www.instagram.com/p/DYB_Pc2DhLC/?utm_source=ig_web_copy_link&igsh=MzRlODBiNWFlZA==,1.50372409343956E+016,https://www.instagram.com/p/DYB_Pc2DhLC/?utm_source=ig_web_copy_link&igsh=MzRlODBiNWFlZA==/c/15037240934395604/,Udah dari dulu sama rezim gila,1778203983,44,213925142516708,realgita3,Realgita3,https://scontent-iad6-1.cdninstagram.com/v/t51.82787-19/551057952_18479436106074710_8064216012374103146_n.jpg?stp=dst-jpg_s150x150_tt6&_nc_cat=100&ccb=7-5&_nc_sid=f7ccc5&efg=eyJ2ZW5jb2RlX3RhZyI6InByb2ZpbGVfcGljLnd3dy4xMDgwLkMzIn0%3D&_nc_ohc=zisp7lviP2UQ7kNvwGVckTa&_nc_oc=AdrP4WTEinqS-M0c1U5kitNgM9nRMhRgIz15SuIEqB1Icarxkh3GfM2v5jcWXonGHZs&_nc_zt=24&_nc_ht=scontent-iad6-1.cdninstagram.com&_nc_gid=WMI2tPWUAJnlmj3zmmGOgQ&_nc_ss=7d6a8&oh=00_Af6Pt6ofOyMjjmTz8I9Jp51xQ2V05t-WVRaS-M4bmdk-iw&oe=6A039416,realgita3,realgita3,FALSE,FALSE,7,7
3.89166969171883E+018,https://www.instagram.com/p/DYB_Pc2DhLC/?utm_source=ig_web_copy_link&igsh=MzRlODBiNWFlZA==,1.07712074756702E+016,https://www.instagram.com/p/DYB_Pc2DhLC/?utm_source=ig_web_copy_link&igsh=MzRlODBiNWFlZA==/c/10771207475670148/,Waduh panik? 🙌 💀,1778211489,405,147941926832645,cahya_yulianti7,Citra Sari,https://scontent-iad6-1.cdninstagram.com/v/t51.82787-19/551057952_18479436106074710_8064216012374103146_n.jpg?stp=dst-jpg_s150x150_tt6&_nc_cat=100&ccb=7-5&_nc_sid=f7ccc5&efg=eyJ2ZW5jb2RlX3RhZyI6InByb2ZpbGVfcGljLnd3dy4xMDgwLkMzIn0%3D&_nc_ohc=zisp7lviP2UQ7kNvwGVckTa&_nc_oc=AdrP4WTEinqS-M0c1U5kitNgM9nRMhRgIz15SuIEqB1Icarxkh3GfM2v5jcWXonGHZs&_nc_zt=24&_nc_ht=scontent-iad6-1.cdninstagram.com&_nc_gid=WMI2tPWUAJnlmj3zmmGOgQ&_nc_ss=7d6a8&oh=00_Af6Pt6ofOyMjjmTz8I9Jp51xQ2V05t-WVRaS-M4bmdk-iw&oe=6A039416,cahya_yulianti7,cahya_yulianti7,FALSE,FALSE,8,8
3.89166969171883E+018,https://www.instagram.com/p/DYB_Pc2DhLC/?utm_source=ig_web_copy_link&igsh=MzRlODBiNWFlZA==,1.3726965715514E+016,https://www.instagram.com/p/DYB_Pc2DhLC/?utm_source=ig_web_copy_link&igsh=MzRlODBiNWFlZA==/c/13726965715514027/,BNI kasus beneran? buset,1778231400,317,402267624241508,andisantoso6,Zaki Saputra,https://scontent-iad6-1.cdninstagram.com/v/t51.82787-19/551057952_18479436106074710_8064216012374103146_n.jpg?stp=dst-jpg_s150x150_tt6&_nc_cat=100&ccb=7-5&_nc_sid=f7ccc5&efg=eyJ2ZW5jb2RlX3RhZyI6InByb2ZpbGVfcGljLnd3dy4xMDgwLkMzIn0%3D&_nc_ohc=zisp7lviP2UQ7kNvwGVckTa&_nc_oc=AdrP4WTEinqS-M0c1U5kitNgM9nRMhRgIz15SuIEqB1Icarxkh3GfM2v5jcWXonGHZs&_nc_zt=24&_nc_ht=scontent-iad6-1.cdninstagram.com&_nc_gid=WMI2tPWUAJnlmj3zmmGOgQ&_nc_ss=7d6a8&oh=00_Af6Pt6ofOyMjjmTz8I9Jp51xQ2V05t-WVRaS-M4bmdk-iw&oe=6A039416,andisantoso6,andisantoso6,FALSE,FALSE,13,13
3.89166969171883E+018,https://www.instagram.com/p/DYB_Pc2DhLC/?utm_source=ig_web_copy_link&igsh=MzRlODBiNWFlZA==,1.7270864917959E+016,https://www.instagram.com/p/DYB_Pc2DhLC/?utm_source=ig_web_copy_link&igsh=MzRlODBiNWFlZA==/c/17270864917958977/,Bukannya template? 🔥 buset,1778193996,337,289843052699707,agung.yulianti12,Agung.yulianti12,https://scontent-iad6-1.cdninstagram.com/v/t51.82787-19/551057952_18479436106074710_8064216012374103146_n.jpg?stp=dst-jpg_s150x150_tt6&_nc_cat=100&ccb=7-5&_nc_sid=f7ccc5&efg=eyJ2ZW5jb2RlX3RhZyI6InByb2ZpbGVfcGljLnd3dy4xMDgwLkMzIn0%3D&_nc_ohc=zisp7lviP2UQ7kNvwGVckTa&_nc_oc=AdrP4WTEinqS-M0c1U5kitNgM9nRMhRgIz15SuIEqB1Icarxkh3GfM2v5jcWXonGHZs&_nc_zt=24&_nc_ht=scontent-iad6-1.cdninstagram.com&_nc_gid=WMI2tPWUAJnlmj3zmmGOgQ&_nc_ss=7d6a8&oh=00_Af6Pt6ofOyMjjmTz8I9Jp51xQ2V05t-WVRaS-M4bmdk-iw&oe=6A039416,agung.yulianti12,agung.yulianti12,FALSE,FALSE,11,11
3.89166969171883E+018,https://www.instagram.com/p/DYB_Pc2DhLC/?utm_source=ig_web_copy_link&igsh=MzRlODBiNWFlZA==,1.79498116358365E+016,https://www.instagram.com/p/DYB_Pc2DhLC/?utm_source=ig_web_copy_link&igsh=MzRlODBiNWFlZA==/c/17949811635836490/,Tapi skandal masa 🗿 😂,1778232909,317,349665526761347,realgendis88,Realgendis88,https://scontent-iad6-1.cdninstagram.com/v/t51.82787-19/551057952_18479436106074710_8064216012374103146_n.jpg?stp=dst-jpg_s150x150_tt6&_nc_cat=100&ccb=7-5&_nc_sid=f7ccc5&efg=eyJ2ZW5jb2RlX3RhZyI6InByb2ZpbGVfcGljLnd3dy4xMDgwLkMzIn0%3D&_nc_ohc=zisp7lviP2UQ7kNvwGVckTa&_nc_oc=AdrP4WTEinqS-M0c1U5kitNgM9nRMhRgIz15SuIEqB1Icarxkh3GfM2v5jcWXonGHZs&_nc_zt=24&_nc_ht=scontent-iad6-1.cdninstagram.com&_nc_gid=WMI2tPWUAJnlmj3zmmGOgQ&_nc_ss=7d6a8&oh=00_Af6Pt6ofOyMjjmTz8I9Jp51xQ2V05t-WVRaS-M4bmdk-iw&oe=6A039416,realgendis88,realgendis88,FALSE,FALSE,18,18
3.89166969171883E+018,https://www.instagram.com/p/DYB_Pc2DhLC/?utm_source=ig_web_copy_link&igsh=MzRlODBiNWFlZA==,1.82439530930031E+016,https://www.instagram.com/p/DYB_Pc2DhLC/?utm_source=ig_web_copy_link&igsh=MzRlODBiNWFlZA==/c/18243953093003120/,Jadi klarifikasi? astaga,1778187406,5,359001779655784,tono902,Intan Santoso,https://scontent-iad6-1.cdninstagram.com/v/t51.82787-19/551057952_18479436106074710_8064216012374103146_n.jpg?stp=dst-jpg_s150x150_tt6&_nc_cat=100&ccb=7-5&_nc_sid=f7ccc5&efg=eyJ2ZW5jb2RlX3RhZyI6InByb2ZpbGVfcGljLnd3dy4xMDgwLkMzIn0%3D&_nc_ohc=zisp7lviP2UQ7kNvwGVckTa&_nc_oc=AdrP4WTEinqS-M0c1U5kitNgM9nRMhRgIz15SuIEqB1Icarxkh3GfM2v5jcWXonGHZs&_nc_zt=24&_nc_ht=scontent-iad6-1.cdninstagram.com&_nc_gid=WMI2tPWUAJnlmj3zmmGOgQ&_nc_ss=7d6a8&oh=00_Af6Pt6ofOyMjjmTz8I9Jp51xQ2V05t-WVRaS-M4bmdk-iw&oe=6A039416,tono902,tono902,FALSE,FALSE,1,1
3.89166969171883E+018,https://www.instagram.com/p/DYB_Pc2DhLC/?utm_source=ig_web_copy_link&igsh=MzRlODBiNWFlZA==,1.78702746246113E+016,https://www.instagram.com/p/DYB_Pc2DhLC/?utm_source=ig_web_copy_link&igsh=MzRlODBiNWFlZA==/c/17870274624611268/,Ah masa?,1778172603,1,278327404,andranadiau,andra nadia,https://scontent-iad3-2.cdninstagram.com/v/t51.82787-19/657686873_18573877354055405_8547612990189802967_n.jpg?stp=dst-jpg_s150x150_tt6&_nc_cat=103&ccb=7-5&_nc_sid=f7ccc5&efg=eyJ2ZW5jb2RlX3RhZyI6InByb2ZpbGVfcGljLnd3dy4xMDgwLkMzIn0%3D&_nc_ohc=5jLvtGwTz3YQ7kNvwHQffDU&_nc_oc=AdqhcVS0DZI74Qy5EGVNZSUrNQ11tq23vdZUe76GBDfdgYboRG2Dt10kwephdZoiL0E&_nc_zt=24&_nc_ht=scontent-iad3-2.cdninstagram.com&_nc_gid=OPk-UPwzzI7cD03qvCgHGQ&_nc_ss=7d6a8&oh=00_Af4x_Yb7l0YhesddUh9klsS6ITZGhDNzARPBw7Yb73FVpw&oe=6A03A43D,andranadiau,andranadiau,FALSE,FALSE,1,1
3.89166969171883E+018,https://www.instagram.com/p/DYB_Pc2DhLC/?utm_source=ig_web_copy_link&igsh=MzRlODBiNWFlZA==,1.65117806325046E+016,https://www.instagram.com/p/DYB_Pc2DhLC/?utm_source=ig_web_copy_link&igsh=MzRlODBiNWFlZA==/c/16511780632504629/,serius? copy paste terus buzer,1778230076,484,929873470520744,eka.nugroho3,Citra Gunawan,https://scontent-iad6-1.cdninstagram.com/v/t51.82787-19/551057952_18479436106074710_8064216012374103146_n.jpg?stp=dst-jpg_s150x150_tt6&_nc_cat=100&ccb=7-5&_nc_sid=f7ccc5&efg=eyJ2ZW5jb2RlX3RhZyI6InByb2ZpbGVfcGljLnd3dy4xMDgwLkMzIn0%3D&_nc_ohc=zisp7lviP2UQ7kNvwGVckTa&_nc_oc=AdrP4WTEinqS-M0c1U5kitNgM9nRMhRgIz15SuIEqB1Icarxkh3GfM2v5jcWXonGHZs&_nc_zt=24&_nc_ht=scontent-iad6-1.cdninstagram.com&_nc_gid=WMI2tPWUAJnlmj3zmmGOgQ&_nc_ss=7d6a8&oh=00_Af6Pt6ofOyMjjmTz8I9Jp51xQ2V05t-WVRaS-M4bmdk-iw&oe=6A039416,eka.nugroho3,eka.nugroho3,FALSE,FALSE,10,10
3.89166969171883E+018,https://www.instagram.com/p/DYB_Pc2DhLC/?utm_source=ig_web_copy_link&igsh=MzRlODBiNWFlZA==,1.82093645623301E+016,https://www.instagram.com/p/DYB_Pc2DhLC/?utm_source=ig_web_copy_link&igsh=MzRlODBiNWFlZA==/c/18209364562330071/,Oke unfoll better uss feeds,1778163950,5,2323043308,lalalalavienroseeee,✨God's favorite Child✨,https://scontent-iad6-1.cdninstagram.com/v/t51.82787-19/660171587_18521516674075309_228043441550825735_n.jpg?stp=dst-jpg_s150x150_tt6&_nc_cat=109&ccb=7-5&_nc_sid=f7ccc5&efg=eyJ2ZW5jb2RlX3RhZyI6InByb2ZpbGVfcGljLnd3dy43MzYuQzMifQ%3D%3D&_nc_ohc=wHZxia9SEQAQ7kNvwHP4OEh&_nc_oc=Adp985jTOeyzvUGg24NheEMJ-LhdyGH3sgyNWG3kRG1u2Zr6h3jQCTNYPePjDEmTlXI&_nc_zt=24&_nc_ht=scontent-iad6-1.cdninstagram.com&_nc_gid=YMPpvY4wT3w-fWrbEdZEIA&_nc_ss=7d6a8&oh=00_Af6_ApmQvl_2pVy_C0MbS4SrAgDhbEpjmGk8dms67M6VfQ&oe=6A03A0B5,lalalalavienroseeee,lalalalavienroseeee,FALSE,FALSE,2,2
3.89166969171883E+018,https://www.instagram.com/p/DYB_Pc2DhLC/?utm_source=ig_web_copy_link&igsh=MzRlODBiNWFlZA==,1.66851771902168E+016,https://www.instagram.com/p/DYB_Pc2DhLC/?utm_source=ig_web_copy_link&igsh=MzRlODBiNWFlZA==/c/16685177190216788/,Kemarin makan bergizi beneran? 🔥 🙌,1778143263,31,980379924555494,vina8,Vina8,https://scontent-iad6-1.cdninstagram.com/v/t51.82787-19/551057952_18479436106074710_8064216012374103146_n.jpg?stp=dst-jpg_s150x150_tt6&_nc_cat=100&ccb=7-5&_nc_sid=f7ccc5&efg=eyJ2ZW5jb2RlX3RhZyI6InByb2ZpbGVfcGljLnd3dy4xMDgwLkMzIn0%3D&_nc_ohc=zisp7lviP2UQ7kNvwGVckTa&_nc_oc=AdrP4WTEinqS-M0c1U5kitNgM9nRMhRgIz15SuIEqB1Icarxkh3GfM2v5jcWXonGHZs&_nc_zt=24&_nc_ht=scontent-iad6-1.cdninstagram.com&_nc_gid=WMI2tPWUAJnlmj3zmmGOgQ&_nc_ss=7d6a8&oh=00_Af6Pt6ofOyMjjmTz8I9Jp51xQ2V05t-WVRaS-M4bmdk-iw&oe=6A039416,vina8,vina8,FALSE,FALSE,3,3
3.89166969171883E+018,https://www.instagram.com/p/DYB_Pc2DhLC/?utm_source=ig_web_copy_link&igsh=MzRlODBiNWFlZA==,1.80452536587711E+016,https://www.instagram.com/p/DYB_Pc2DhLC/?utm_source=ig_web_copy_link&igsh=MzRlODBiNWFlZA==/c/18045253658771141/,Kenapa nggak si Qodari ajak media yang kemarin dukung 02 kemarin?,1778240647,0,3113164131,bagusadriel14,Bagus Adriel Satria,https://scontent-iad3-2.cdninstagram.com/v/t51.82787-19/658434679_18461219167100132_7377280562338219628_n.jpg?stp=dst-jpg_s150x150_tt6&_nc_cat=105&ccb=7-5&_nc_sid=f7ccc5&efg=eyJ2ZW5jb2RlX3RhZyI6InByb2ZpbGVfcGljLnd3dy4xMDgwLkMzIn0%3D&_nc_ohc=TwXtYQ7TA3gQ7kNvwGMZUIl&_nc_oc=AdrXiud9sqfs01yBmtP6cPvL5m_QJ6X5-UIfzGFa8T9-VTpemK4ToUfwn-xt3jfyX-A&_nc_zt=24&_nc_ht=scontent-iad3-2.cdninstagram.com&_nc_gid=Dfd6CmdWbXJuUiahTF5IFA&_nc_ss=7d6a8&oh=00_Af7z1ouIYCfEIqF9B9kD2b_FlAllW07uT7kITeDz62d72Q&oe=6A03A295,bagusadriel14,bagusadriel14,FALSE,FALSE,0,0
3.89166969171883E+018,https://www.instagram.com/p/DYB_Pc2DhLC/?utm_source=ig_web_copy_link&igsh=MzRlODBiNWFlZA==,1.93397986006644E+016,https://www.instagram.com/p/DYB_Pc2DhLC/?utm_source=ig_web_copy_link&igsh=MzRlODBiNWFlZA==/c/19339798600664361/,Template copas hahaha,1778146528,28,443148708837476,leni,Leni Nugroho,https://scontent-iad6-1.cdninstagram.com/v/t51.82787-19/551057952_18479436106074710_8064216012374103146_n.jpg?stp=dst-jpg_s150x150_tt6&_nc_cat=100&ccb=7-5&_nc_sid=f7ccc5&efg=eyJ2ZW5jb2RlX3RhZyI6InByb2ZpbGVfcGljLnd3dy4xMDgwLkMzIn0%3D&_nc_ohc=zisp7lviP2UQ7kNvwGVckTa&_nc_oc=AdrP4WTEinqS-M0c1U5kitNgM9nRMhRgIz15SuIEqB1Icarxkh3GfM2v5jcWXonGHZs&_nc_zt=24&_nc_ht=scontent-iad6-1.cdninstagram.com&_nc_gid=WMI2tPWUAJnlmj3zmmGOgQ&_nc_ss=7d6a8&oh=00_Af6Pt6ofOyMjjmTz8I9Jp51xQ2V05t-WVRaS-M4bmdk-iw&oe=6A039416,leni,leni,FALSE,FALSE,7,7
3.89166969171883E+018,https://www.instagram.com/p/DYB_Pc2DhLC/?utm_source=ig_web_copy_link&igsh=MzRlODBiNWFlZA==,1.20219501567105E+016,https://www.instagram.com/p/DYB_Pc2DhLC/?utm_source=ig_web_copy_link&igsh=MzRlODBiNWFlZA==/c/12021950156710478/,Unfollow dengan aparat wkwk gila,1778143877,21,684986874836053,citra77,Putri Yulianti,https://scontent-iad6-1.cdninstagram.com/v/t51.82787-19/551057952_18479436106074710_8064216012374103146_n.jpg?stp=dst-jpg_s150x150_tt6&_nc_cat=100&ccb=7-5&_nc_sid=f7ccc5&efg=eyJ2ZW5jb2RlX3RhZyI6InByb2ZpbGVfcGljLnd3dy4xMDgwLkMzIn0%3D&_nc_ohc=zisp7lviP2UQ7kNvwGVckTa&_nc_oc=AdrP4WTEinqS-M0c1U5kitNgM9nRMhRgIz15SuIEqB1Icarxkh3GfM2v5jcWXonGHZs&_nc_zt=24&_nc_ht=scontent-iad6-1.cdninstagram.com&_nc_gid=WMI2tPWUAJnlmj3zmmGOgQ&_nc_ss=7d6a8&oh=00_Af6Pt6ofOyMjjmTz8I9Jp51xQ2V05t-WVRaS-M4bmdk-iw&oe=6A039416,citra77,citra77,FALSE,FALSE,6,6
3.89166969171883E+018,https://www.instagram.com/p/DYB_Pc2DhLC/?utm_source=ig_web_copy_link&igsh=MzRlODBiNWFlZA==,1.98204678124376E+016,https://www.instagram.com/p/DYB_Pc2DhLC/?utm_source=ig_web_copy_link&igsh=MzRlODBiNWFlZA==/c/19820467812437615/,Istana briefing hoax? 🗿 buset,1778218482,46,578005326706487,jokowahyuni6,Fajar Lestari,https://scontent-iad6-1.cdninstagram.com/v/t51.82787-19/551057952_18479436106074710_8064216012374103146_n.jpg?stp=dst-jpg_s150x150_tt6&_nc_cat=100&ccb=7-5&_nc_sid=f7ccc5&efg=eyJ2ZW5jb2RlX3RhZyI6InByb2ZpbGVfcGljLnd3dy4xMDgwLkMzIn0%3D&_nc_ohc=zisp7lviP2UQ7kNvwGVckTa&_nc_oc=AdrP4WTEinqS-M0c1U5kitNgM9nRMhRgIz15SuIEqB1Icarxkh3GfM2v5jcWXonGHZs&_nc_zt=24&_nc_ht=scontent-iad6-1.cdninstagram.com&_nc_gid=WMI2tPWUAJnlmj3zmmGOgQ&_nc_ss=7d6a8&oh=00_Af6Pt6ofOyMjjmTz8I9Jp51xQ2V05t-WVRaS-M4bmdk-iw&oe=6A039416,jokowahyuni6,jokowahyuni6,FALSE,FALSE,6,6
3.89166969171883E+018,https://www.instagram.com/p/DYB_Pc2DhLC/?utm_source=ig_web_copy_link&igsh=MzRlODBiNWFlZA==,1.17972177240349E+016,https://www.instagram.com/p/DYB_Pc2DhLC/?utm_source=ig_web_copy_link&igsh=MzRlODBiNWFlZA==/c/11797217724034941/,Sadar liat pemerintah salfok,1778161803,24,1010704266791740,oscarsantoso8,Nina Purnomo,https://scontent-iad6-1.cdninstagram.com/v/t51.82787-19/551057952_18479436106074710_8064216012374103146_n.jpg?stp=dst-jpg_s150x150_tt6&_nc_cat=100&ccb=7-5&_nc_sid=f7ccc5&efg=eyJ2ZW5jb2RlX3RhZyI6InByb2ZpbGVfcGljLnd3dy4xMDgwLkMzIn0%3D&_nc_ohc=zisp7lviP2UQ7kNvwGVckTa&_nc_oc=AdrP4WTEinqS-M0c1U5kitNgM9nRMhRgIz15SuIEqB1Icarxkh3GfM2v5jcWXonGHZs&_nc_zt=24&_nc_ht=scontent-iad6-1.cdninstagram.com&_nc_gid=WMI2tPWUAJnlmj3zmmGOgQ&_nc_ss=7d6a8&oh=00_Af6Pt6ofOyMjjmTz8I9Jp51xQ2V05t-WVRaS-M4bmdk-iw&oe=6A039416,oscarsantoso8,oscarsantoso8,FALSE,FALSE,1,1
3.89166969171883E+018,https://www.instagram.com/p/DYB_Pc2DhLC/?utm_source=ig_web_copy_link&igsh=MzRlODBiNWFlZA==,1.78648573386235E+016,https://www.instagram.com/p/DYB_Pc2DhLC/?utm_source=ig_web_copy_link&igsh=MzRlODBiNWFlZA==/c/17864857338623473/,Abis baca di X katanya titik terendah dalam hidup yaitu dituduh/dikira jadi buzzer pemerintah🤣😭,1778144063,923,563491354,kartikadrch,Kartika Rachmah,https://scontent-iad6-1.cdninstagram.com/v/t51.82787-19/673243496_18579923737035355_2519890591637187764_n.jpg?stp=dst-jpg_s150x150_tt6&_nc_cat=100&ccb=7-5&_nc_sid=f7ccc5&efg=eyJ2ZW5jb2RlX3RhZyI6InByb2ZpbGVfcGljLnd3dy4xMDgwLkMzIn0%3D&_nc_ohc=GL1NaYot2bMQ7kNvwEmLIYe&_nc_oc=AdrlaDM0Tpg7pZ8q3SXuagXfqazMLHOm-VN4uIfGFNDSukqPvoPWagI76P9kJWux3MY&_nc_zt=24&_nc_ht=scontent-iad6-1.cdninstagram.com&_nc_gid=WMI2tPWUAJnlmj3zmmGOgQ&_nc_ss=7d6a8&oh=00_Af5e_1AYwtzq4KOZhPAc0-ymnLPAWFLNmfb81hAJ1O3aiA&oe=6A03A2C4,kartikadrch,kartikadrch,FALSE,FALSE,6,6
3.89166969171883E+018,https://www.instagram.com/p/DYB_Pc2DhLC/?utm_source=ig_web_copy_link&igsh=MzRlODBiNWFlZA==,1.7920051074347E+016,https://www.instagram.com/p/DYB_Pc2DhLC/?utm_source=ig_web_copy_link&igsh=MzRlODBiNWFlZA==/c/17920051074346989/,boleh juga cara pemerintah nih 🤣🤣🤣,1778169344,24,9122463989,yth.raflimursal,kekayaan,https://scontent-iad6-1.cdninstagram.com/v/t51.82787-19/685971549_18228530704311990_7020453634402987112_n.jpg?stp=dst-jpg_s150x150_tt6&_nc_cat=106&ccb=7-5&_nc_sid=f7ccc5&efg=eyJ2ZW5jb2RlX3RhZyI6InByb2ZpbGVfcGljLnd3dy4xMDgwLkMzIn0%3D&_nc_ohc=3R6gtV30IB0Q7kNvwF__oQm&_nc_oc=Adp-ZtRpvGTTN2KMbwzc3wVDTfEVXy_VsQWioED_hCDZ8fhOgrM6Y77i4Ug9KBLisSw&_nc_zt=24&_nc_ht=scontent-iad6-1.cdninstagram.com&_nc_gid=cVlGf0MZ106mW3dL54x9tA&_nc_ss=7d6a8&oh=00_Af5VuqRJQOOQY2d3Qvspfx677gee04xBkNThUs7P3TjMiQ&oe=6A038668,yth.raflimursal,yth.raflimursal,FALSE,FALSE,0,0
3.89166969171883E+018,https://www.instagram.com/p/DYB_Pc2DhLC/?utm_source=ig_web_copy_link&igsh=MzRlODBiNWFlZA==,1.79871571889917E+016,https://www.instagram.com/p/DYB_Pc2DhLC/?utm_source=ig_web_copy_link&igsh=MzRlODBiNWFlZA==/c/17987157188991705/,"seperti biasa. Background gedung2 kota, capt clickbait + bahasa inggris 🙌🏻",1778189324,17,71721907438,farhnn.n_,FR,https://scontent-iad6-1.cdninstagram.com/v/t51.82787-19/687229466_17910560208387439_3299193250532567705_n.jpg?stp=dst-jpg_s150x150_tt6&_nc_cat=100&ccb=7-5&_nc_sid=f7ccc5&efg=eyJ2ZW5jb2RlX3RhZyI6InByb2ZpbGVfcGljLnd3dy4xMDgwLkMzIn0%3D&_nc_ohc=wf5Ac1tCcaMQ7kNvwERgXwH&_nc_oc=AdqRKw5YtrJoasXO2m5FN96qqs0omxfiC1UBo5_09BRNwJinUUiRhOGkKuxfiKGxnFQ&_nc_zt=24&_nc_ht=scontent-iad6-1.cdninstagram.com&_nc_gid=YVzTi_7OXT0eF77y3gncMg&_nc_ss=7d6a8&oh=00_Af7Nbx5aQvHtkeFFeUNK9_kOFX_L3bCLQHcY5eH0rNnt7g&oe=6A039B90,farhnn.n_,farhnn.n_,FALSE,FALSE,0,0
3.89166969171883E+018,https://www.instagram.com/p/DYB_Pc2DhLC/?utm_source=ig_web_copy_link&igsh=MzRlODBiNWFlZA==,1.150006089806E+016,https://www.instagram.com/p/DYB_Pc2DhLC/?utm_source=ig_web_copy_link&igsh=MzRlODBiNWFlZA==/c/11500060898059984/,Template seragam 🗿 😂,1778167035,14,959368993331925,doni.nugroho11,Oscar Santoso,https://scontent-iad6-1.cdninstagram.com/v/t51.82787-19/551057952_18479436106074710_8064216012374103146_n.jpg?stp=dst-jpg_s150x150_tt6&_nc_cat=100&ccb=7-5&_nc_sid=f7ccc5&efg=eyJ2ZW5jb2RlX3RhZyI6InByb2ZpbGVfcGljLnd3dy4xMDgwLkMzIn0%3D&_nc_ohc=zisp7lviP2UQ7kNvwGVckTa&_nc_oc=AdrP4WTEinqS-M0c1U5kitNgM9nRMhRgIz15SuIEqB1Icarxkh3GfM2v5jcWXonGHZs&_nc_zt=24&_nc_ht=scontent-iad6-1.cdninstagram.com&_nc_gid=WMI2tPWUAJnlmj3zmmGOgQ&_nc_ss=7d6a8&oh=00_Af6Pt6ofOyMjjmTz8I9Jp51xQ2V05t-WVRaS-M4bmdk-iw&oe=6A039416,doni.nugroho11,doni.nugroho11,FALSE,FALSE,0,0
3.89166969171883E+018,https://www.instagram.com/p/DYB_Pc2DhLC/?utm_source=ig_web_copy_link&igsh=MzRlODBiNWFlZA==,1.50094079278956E+016,https://www.instagram.com/p/DYB_Pc2DhLC/?utm_source=ig_web_copy_link&igsh=MzRlODBiNWFlZA==/c/15009407927895564/,Template sama semua buset 😂,1778146029,50,637258200822497,farhan106,Cahya Utami,https://scontent-iad6-1.cdninstagram.com/v/t51.82787-19/551057952_18479436106074710_8064216012374103146_n.jpg?stp=dst-jpg_s150x150_tt6&_nc_cat=100&ccb=7-5&_nc_sid=f7ccc5&efg=eyJ2ZW5jb2RlX3RhZyI6InByb2ZpbGVfcGljLnd3dy4xMDgwLkMzIn0%3D&_nc_ohc=zisp7lviP2UQ7kNvwGVckTa&_nc_oc=AdrP4WTEinqS-M0c1U5kitNgM9nRMhRgIz15SuIEqB1Icarxkh3GfM2v5jcWXonGHZs&_nc_zt=24&_nc_ht=scontent-iad6-1.cdninstagram.com&_nc_gid=WMI2tPWUAJnlmj3zmmGOgQ&_nc_ss=7d6a8&oh=00_Af6Pt6ofOyMjjmTz8I9Jp51xQ2V05t-WVRaS-M4bmdk-iw&oe=6A039416,farhan106,farhan106,FALSE,FALSE,7,7
3.89166969171883E+018,https://www.instagram.com/p/DYB_Pc2DhLC/?utm_source=ig_web_copy_link&igsh=MzRlODBiNWFlZA==,1.18507123933501E+016,https://www.instagram.com/p/DYB_Pc2DhLC/?utm_source=ig_web_copy_link&igsh=MzRlODBiNWFlZA==/c/11850712393350099/,@folkative serius nih template swasembada,1778233661,26,504036263411973,cuyfarhan8,Cuyfarhan8,https://scontent-iad6-1.cdninstagram.com/v/t51.82787-19/551057952_18479436106074710_8064216012374103146_n.jpg?stp=dst-jpg_s150x150_tt6&_nc_cat=100&ccb=7-5&_nc_sid=f7ccc5&efg=eyJ2ZW5jb2RlX3RhZyI6InByb2ZpbGVfcGljLnd3dy4xMDgwLkMzIn0%3D&_nc_ohc=zisp7lviP2UQ7kNvwGVckTa&_nc_oc=AdrP4WTEinqS-M0c1U5kitNgM9nRMhRgIz15SuIEqB1Icarxkh3GfM2v5jcWXonGHZs&_nc_zt=24&_nc_ht=scontent-iad6-1.cdninstagram.com&_nc_gid=WMI2tPWUAJnlmj3zmmGOgQ&_nc_ss=7d6a8&oh=00_Af6Pt6ofOyMjjmTz8I9Jp51xQ2V05t-WVRaS-M4bmdk-iw&oe=6A039416,cuyfarhan8,cuyfarhan8,FALSE,FALSE,2,2
3.89166969171883E+018,https://www.instagram.com/p/DYB_Pc2DhLC/?utm_source=ig_web_copy_link&igsh=MzRlODBiNWFlZA==,1.09423772512941E+016,https://www.instagram.com/p/DYB_Pc2DhLC/?utm_source=ig_web_copy_link&igsh=MzRlODBiNWFlZA==/c/10942377251294122/,Ga jadi unfollow sama pemerintah waduh,1778157474,2162,759662531196393,si_zaki2,Vina Anggraini,https://scontent-iad6-1.cdninstagram.com/v/t51.82787-19/551057952_18479436106074710_8064216012374103146_n.jpg?stp=dst-jpg_s150x150_tt6&_nc_cat=100&ccb=7-5&_nc_sid=f7ccc5&efg=eyJ2ZW5jb2RlX3RhZyI6InByb2ZpbGVfcGljLnd3dy4xMDgwLkMzIn0%3D&_nc_ohc=zisp7lviP2UQ7kNvwGVckTa&_nc_oc=AdrP4WTEinqS-M0c1U5kitNgM9nRMhRgIz15SuIEqB1Icarxkh3GfM2v5jcWXonGHZs&_nc_zt=24&_nc_ht=scontent-iad6-1.cdninstagram.com&_nc_gid=WMI2tPWUAJnlmj3zmmGOgQ&_nc_ss=7d6a8&oh=00_Af6Pt6ofOyMjjmTz8I9Jp51xQ2V05t-WVRaS-M4bmdk-iw&oe=6A039416,si_zaki2,si_zaki2,FALSE,FALSE,38,38
3.89166969171883E+018,https://www.instagram.com/p/DYB_Pc2DhLC/?utm_source=ig_web_copy_link&igsh=MzRlODBiNWFlZA==,1.55533528633834E+016,https://www.instagram.com/p/DYB_Pc2DhLC/?utm_source=ig_web_copy_link&igsh=MzRlODBiNWFlZA==/c/15553352863383398/,Setuju liat pemerintah 🔥,1778151044,177,1041559012721691,bukanrina2,Bukanrina2,https://scontent-iad6-1.cdninstagram.com/v/t51.82787-19/551057952_18479436106074710_8064216012374103146_n.jpg?stp=dst-jpg_s150x150_tt6&_nc_cat=100&ccb=7-5&_nc_sid=f7ccc5&efg=eyJ2ZW5jb2RlX3RhZyI6InByb2ZpbGVfcGljLnd3dy4xMDgwLkMzIn0%3D&_nc_ohc=zisp7lviP2UQ7kNvwGVckTa&_nc_oc=AdrP4WTEinqS-M0c1U5kitNgM9nRMhRgIz15SuIEqB1Icarxkh3GfM2v5jcWXonGHZs&_nc_zt=24&_nc_ht=scontent-iad6-1.cdninstagram.com&_nc_gid=WMI2tPWUAJnlmj3zmmGOgQ&_nc_ss=7d6a8&oh=00_Af6Pt6ofOyMjjmTz8I9Jp51xQ2V05t-WVRaS-M4bmdk-iw&oe=6A039416,bukanrina2,bukanrina2,FALSE,FALSE,1,1
3.89166969171883E+018,https://www.instagram.com/p/DYB_Pc2DhLC/?utm_source=ig_web_copy_link&igsh=MzRlODBiNWFlZA==,1.81622650844329E+016,https://www.instagram.com/p/DYB_Pc2DhLC/?utm_source=ig_web_copy_link&igsh=MzRlODBiNWFlZA==/c/18162265084432855/,Yang bener luuuuuuu hahahahaahahaha,1778239488,0,397797024,reginapanjaitan,Regina Diniary Panjaitan,https://scontent-iad6-1.cdninstagram.com/v/t51.2885-19/179855123_460914605132840_125576122025428968_n.jpg?stp=dst-jpg_s150x150_tt6&_nc_cat=102&ccb=7-5&_nc_sid=f7ccc5&efg=eyJ2ZW5jb2RlX3RhZyI6InByb2ZpbGVfcGljLnd3dy44MjEuQzMifQ%3D%3D&_nc_ohc=i8a2WmryxA0Q7kNvwFwDtMW&_nc_oc=AdqDqaiOGu7vtfeRZMtFqYQDXAD98RJ2wXKxBcqUS5fzq0bEvBLJ-JBplc8axUxTCEk&_nc_zt=24&_nc_ht=scontent-iad6-1.cdninstagram.com&_nc_ss=7d6a8&oh=00_Af4E7h7xPdEXVdFvTBrYLhv7iGHWVaE6hjI_zkIuTC9A0A&oe=6A03A471,reginapanjaitan,reginapanjaitan,FALSE,FALSE,0,0
3.89166969171883E+018,https://www.instagram.com/p/DYB_Pc2DhLC/?utm_source=ig_web_copy_link&igsh=MzRlODBiNWFlZA==,1.81132761618309E+016,https://www.instagram.com/p/DYB_Pc2DhLC/?utm_source=ig_web_copy_link&igsh=MzRlODBiNWFlZA==/c/18113276161830854/,"katanya klarifikasi bagian dri tugas juga ya, paham paham",1778230417,1,56083008566,russli__,RUSLi,https://scontent-iad3-2.cdninstagram.com/v/t51.82787-19/606879852_17992645085864567_3045390206129383287_n.jpg?stp=dst-jpg_s150x150_tt6&_nc_cat=105&ccb=7-5&_nc_sid=f7ccc5&efg=eyJ2ZW5jb2RlX3RhZyI6InByb2ZpbGVfcGljLnd3dy4xMDgwLkMzIn0%3D&_nc_ohc=HuDd3cvldfsQ7kNvwEcWa07&_nc_oc=AdqiCPf2SsW_28DUPZsgoEOoqsAj2fqNgZswyBPTz3YhI4M6qPshvqKljrzYBDXs5Io&_nc_zt=24&_nc_ht=scontent-iad3-2.cdninstagram.com&_nc_gid=KorXe_l-7gqhAn7_b5B-uQ&_nc_ss=7d6a8&oh=00_Af7ubIOHZY61VSZfQdneM6pNbA-5kFkTBS-8C16eA5ucJA&oe=6A03B8BA,russli__,russli__,FALSE,FALSE,0,0
3.89166969171883E+018,https://www.instagram.com/p/DYB_Pc2DhLC/?utm_source=ig_web_copy_link&igsh=MzRlODBiNWFlZA==,1.99079064721498E+016,https://www.instagram.com/p/DYB_Pc2DhLC/?utm_source=ig_web_copy_link&igsh=MzRlODBiNWFlZA==/c/19907906472149785/,Padahal pangan kok ga salfok,1778239899,12,102327968182461,maya_5,Citra Utami,https://scontent-iad6-1.cdninstagram.com/v/t51.82787-19/551057952_18479436106074710_8064216012374103146_n.jpg?stp=dst-jpg_s150x150_tt6&_nc_cat=100&ccb=7-5&_nc_sid=f7ccc5&efg=eyJ2ZW5jb2RlX3RhZyI6InByb2ZpbGVfcGljLnd3dy4xMDgwLkMzIn0%3D&_nc_ohc=zisp7lviP2UQ7kNvwGVckTa&_nc_oc=AdrP4WTEinqS-M0c1U5kitNgM9nRMhRgIz15SuIEqB1Icarxkh3GfM2v5jcWXonGHZs&_nc_zt=24&_nc_ht=scontent-iad6-1.cdninstagram.com&_nc_gid=WMI2tPWUAJnlmj3zmmGOgQ&_nc_ss=7d6a8&oh=00_Af6Pt6ofOyMjjmTz8I9Jp51xQ2V05t-WVRaS-M4bmdk-iw&oe=6A039416,maya_5,maya_5,FALSE,FALSE,2,2
3.89166969171883E+018,https://www.instagram.com/p/DYB_Pc2DhLC/?utm_source=ig_web_copy_link&igsh=MzRlODBiNWFlZA==,1.33618825482473E+016,https://www.instagram.com/p/DYB_Pc2DhLC/?utm_source=ig_web_copy_link&igsh=MzRlODBiNWFlZA==/c/13361882548247266/,🔥 cuci tangan dong pemerintah,1778153388,12,562598445303345,si_fajar1,Si_fajar1,https://scontent-iad6-1.cdninstagram.com/v/t51.82787-19/551057952_18479436106074710_8064216012374103146_n.jpg?stp=dst-jpg_s150x150_tt6&_nc_cat=100&ccb=7-5&_nc_sid=f7ccc5&efg=eyJ2ZW5jb2RlX3RhZyI6InByb2ZpbGVfcGljLnd3dy4xMDgwLkMzIn0%3D&_nc_ohc=zisp7lviP2UQ7kNvwGVckTa&_nc_oc=AdrP4WTEinqS-M0c1U5kitNgM9nRMhRgIz15SuIEqB1Icarxkh3GfM2v5jcWXonGHZs&_nc_zt=24&_nc_ht=scontent-iad6-1.cdninstagram.com&_nc_gid=WMI2tPWUAJnlmj3zmmGOgQ&_nc_ss=7d6a8&oh=00_Af6Pt6ofOyMjjmTz8I9Jp51xQ2V05t-WVRaS-M4bmdk-iw&oe=6A039416,si_fajar1,si_fajar1,FALSE,FALSE,5,5
3.89166969171883E+018,https://www.instagram.com/p/DYB_Pc2DhLC/?utm_source=ig_web_copy_link&igsh=MzRlODBiNWFlZA==,1.12512152049573E+016,https://www.instagram.com/p/DYB_Pc2DhLC/?utm_source=ig_web_copy_link&igsh=MzRlODBiNWFlZA==/c/11251215204957251/,@folkative coba jawab cuci tangan qodari 🤣,1778189933,45,1090507695491929,kevin_syahputra7,Maya Lestari,https://scontent-iad6-1.cdninstagram.com/v/t51.82787-19/551057952_18479436106074710_8064216012374103146_n.jpg?stp=dst-jpg_s150x150_tt6&_nc_cat=100&ccb=7-5&_nc_sid=f7ccc5&efg=eyJ2ZW5jb2RlX3RhZyI6InByb2ZpbGVfcGljLnd3dy4xMDgwLkMzIn0%3D&_nc_ohc=zisp7lviP2UQ7kNvwGVckTa&_nc_oc=AdrP4WTEinqS-M0c1U5kitNgM9nRMhRgIz15SuIEqB1Icarxkh3GfM2v5jcWXonGHZs&_nc_zt=24&_nc_ht=scontent-iad6-1.cdninstagram.com&_nc_gid=WMI2tPWUAJnlmj3zmmGOgQ&_nc_ss=7d6a8&oh=00_Af6Pt6ofOyMjjmTz8I9Jp51xQ2V05t-WVRaS-M4bmdk-iw&oe=6A039416,kevin_syahputra7,kevin_syahputra7,FALSE,FALSE,6,6
3.89166969171883E+018,https://www.instagram.com/p/DYB_Pc2DhLC/?utm_source=ig_web_copy_link&igsh=MzRlODBiNWFlZA==,1.03213493945804E+016,https://www.instagram.com/p/DYB_Pc2DhLC/?utm_source=ig_web_copy_link&igsh=MzRlODBiNWFlZA==/c/10321349394580351/,buset template dong istana,1778231528,43,500256678091257,bukanjihan88,Bukanjihan88,https://scontent-iad6-1.cdninstagram.com/v/t51.82787-19/551057952_18479436106074710_8064216012374103146_n.jpg?stp=dst-jpg_s150x150_tt6&_nc_cat=100&ccb=7-5&_nc_sid=f7ccc5&efg=eyJ2ZW5jb2RlX3RhZyI6InByb2ZpbGVfcGljLnd3dy4xMDgwLkMzIn0%3D&_nc_ohc=zisp7lviP2UQ7kNvwGVckTa&_nc_oc=AdrP4WTEinqS-M0c1U5kitNgM9nRMhRgIz15SuIEqB1Icarxkh3GfM2v5jcWXonGHZs&_nc_zt=24&_nc_ht=scontent-iad6-1.cdninstagram.com&_nc_gid=WMI2tPWUAJnlmj3zmmGOgQ&_nc_ss=7d6a8&oh=00_Af6Pt6ofOyMjjmTz8I9Jp51xQ2V05t-WVRaS-M4bmdk-iw&oe=6A039416,bukanjihan88,bukanjihan88,FALSE,FALSE,5,5
3.89166969171883E+018,https://www.instagram.com/p/DYB_Pc2DhLC/?utm_source=ig_web_copy_link&igsh=MzRlODBiNWFlZA==,1.81075516879042E+016,https://www.instagram.com/p/DYB_Pc2DhLC/?utm_source=ig_web_copy_link&igsh=MzRlODBiNWFlZA==/c/18107551687904211/,"bintang iklan sabun, duta cuci tangan",1778146345,2,5949962147,zadul.kiram,ᴅᴜʟʟ,https://scontent-iad3-2.cdninstagram.com/v/t51.75761-19/491525836_18357530608194148_8260872074503279705_n.jpg?stp=dst-jpg_s150x150_tt6&_nc_cat=111&ccb=7-5&_nc_sid=f7ccc5&efg=eyJ2ZW5jb2RlX3RhZyI6InByb2ZpbGVfcGljLnd3dy4xMDgwLkMzIn0%3D&_nc_ohc=NZaddXwxMyMQ7kNvwGQlSgZ&_nc_oc=AdorK6DWTWCnA6Me9wRfV-0AKG9zP0h7sOzw1vyvPVjkmcoAI70Sa1Z-_TB1m4nJkm8&_nc_zt=24&_nc_ht=scontent-iad3-2.cdninstagram.com&_nc_gid=OPk-UPwzzI7cD03qvCgHGQ&_nc_ss=7d6a8&oh=00_Af7T_7kKDlfBvCtizwP16gUe-gNY_YQamNo7Hx6A9JqGBw&oe=6A038A72,zadul.kiram,zadul.kiram,FALSE,FALSE,0,0
3.89166969171883E+018,https://www.instagram.com/p/DYB_Pc2DhLC/?utm_source=ig_web_copy_link&igsh=MzRlODBiNWFlZA==,1.24821422628664E+016,https://www.instagram.com/p/DYB_Pc2DhLC/?utm_source=ig_web_copy_link&igsh=MzRlODBiNWFlZA==/c/12482142262866359/,Baru tau sama plat merah serius? 🔥,1778187612,453,140436048905271,citra_syahputra7,Citra_syahputra7,https://scontent-iad6-1.cdninstagram.com/v/t51.82787-19/551057952_18479436106074710_8064216012374103146_n.jpg?stp=dst-jpg_s150x150_tt6&_nc_cat=100&ccb=7-5&_nc_sid=f7ccc5&efg=eyJ2ZW5jb2RlX3RhZyI6InByb2ZpbGVfcGljLnd3dy4xMDgwLkMzIn0%3D&_nc_ohc=zisp7lviP2UQ7kNvwGVckTa&_nc_oc=AdrP4WTEinqS-M0c1U5kitNgM9nRMhRgIz15SuIEqB1Icarxkh3GfM2v5jcWXonGHZs&_nc_zt=24&_nc_ht=scontent-iad6-1.cdninstagram.com&_nc_gid=WMI2tPWUAJnlmj3zmmGOgQ&_nc_ss=7d6a8&oh=00_Af6Pt6ofOyMjjmTz8I9Jp51xQ2V05t-WVRaS-M4bmdk-iw&oe=6A039416,citra_syahputra7,citra_syahputra7,FALSE,FALSE,18,18
3.89166969171883E+018,https://www.instagram.com/p/DYB_Pc2DhLC/?utm_source=ig_web_copy_link&igsh=MzRlODBiNWFlZA==,1.28135622280973E+016,https://www.instagram.com/p/DYB_Pc2DhLC/?utm_source=ig_web_copy_link&igsh=MzRlODBiNWFlZA==/c/12813562228097247/,Jadi arahan? astaga,1778145025,239,229884866395166,bukanwawan8,Oscar Hidayat,https://scontent-iad6-1.cdninstagram.com/v/t51.82787-19/551057952_18479436106074710_8064216012374103146_n.jpg?stp=dst-jpg_s150x150_tt6&_nc_cat=100&ccb=7-5&_nc_sid=f7ccc5&efg=eyJ2ZW5jb2RlX3RhZyI6InByb2ZpbGVfcGljLnd3dy4xMDgwLkMzIn0%3D&_nc_ohc=zisp7lviP2UQ7kNvwGVckTa&_nc_oc=AdrP4WTEinqS-M0c1U5kitNgM9nRMhRgIz15SuIEqB1Icarxkh3GfM2v5jcWXonGHZs&_nc_zt=24&_nc_ht=scontent-iad6-1.cdninstagram.com&_nc_gid=WMI2tPWUAJnlmj3zmmGOgQ&_nc_ss=7d6a8&oh=00_Af6Pt6ofOyMjjmTz8I9Jp51xQ2V05t-WVRaS-M4bmdk-iw&oe=6A039416,bukanwawan8,bukanwawan8,FALSE,FALSE,20,20
3.89166969171883E+018,https://www.instagram.com/p/DYB_Pc2DhLC/?utm_source=ig_web_copy_link&igsh=MzRlODBiNWFlZA==,1.29781850720376E+016,https://www.instagram.com/p/DYB_Pc2DhLC/?utm_source=ig_web_copy_link&igsh=MzRlODBiNWFlZA==/c/12978185072037584/,Baru tau liat pemerintah masa sih 🗿,1778220320,17,917245647376257,agung.putra,Qori Mulyadi,https://scontent-iad6-1.cdninstagram.com/v/t51.82787-19/551057952_18479436106074710_8064216012374103146_n.jpg?stp=dst-jpg_s150x150_tt6&_nc_cat=100&ccb=7-5&_nc_sid=f7ccc5&efg=eyJ2ZW5jb2RlX3RhZyI6InByb2ZpbGVfcGljLnd3dy4xMDgwLkMzIn0%3D&_nc_ohc=zisp7lviP2UQ7kNvwGVckTa&_nc_oc=AdrP4WTEinqS-M0c1U5kitNgM9nRMhRgIz15SuIEqB1Icarxkh3GfM2v5jcWXonGHZs&_nc_zt=24&_nc_ht=scontent-iad6-1.cdninstagram.com&_nc_gid=WMI2tPWUAJnlmj3zmmGOgQ&_nc_ss=7d6a8&oh=00_Af6Pt6ofOyMjjmTz8I9Jp51xQ2V05t-WVRaS-M4bmdk-iw&oe=6A039416,agung.putra,agung.putra,FALSE,FALSE,1,1
3.89166969171883E+018,https://www.instagram.com/p/DYB_Pc2DhLC/?utm_source=ig_web_copy_link&igsh=MzRlODBiNWFlZA==,1.83602893877708E+016,https://www.instagram.com/p/DYB_Pc2DhLC/?utm_source=ig_web_copy_link&igsh=MzRlODBiNWFlZA==/c/18360289387770766/,Unfollow dengan rezim gila hahaha,1778207016,32,353717575979433,eka5,Eka5,https://scontent-iad6-1.cdninstagram.com/v/t51.82787-19/551057952_18479436106074710_8064216012374103146_n.jpg?stp=dst-jpg_s150x150_tt6&_nc_cat=100&ccb=7-5&_nc_sid=f7ccc5&efg=eyJ2ZW5jb2RlX3RhZyI6InByb2ZpbGVfcGljLnd3dy4xMDgwLkMzIn0%3D&_nc_ohc=zisp7lviP2UQ7kNvwGVckTa&_nc_oc=AdrP4WTEinqS-M0c1U5kitNgM9nRMhRgIz15SuIEqB1Icarxkh3GfM2v5jcWXonGHZs&_nc_zt=24&_nc_ht=scontent-iad6-1.cdninstagram.com&_nc_gid=WMI2tPWUAJnlmj3zmmGOgQ&_nc_ss=7d6a8&oh=00_Af6Pt6ofOyMjjmTz8I9Jp51xQ2V05t-WVRaS-M4bmdk-iw&oe=6A039416,eka5,eka5,TRUE,FALSE,7,7
3.89166969171883E+018,https://www.instagram.com/p/DYB_Pc2DhLC/?utm_source=ig_web_copy_link&igsh=MzRlODBiNWFlZA==,1.52257617100411E+016,https://www.instagram.com/p/DYB_Pc2DhLC/?utm_source=ig_web_copy_link&igsh=MzRlODBiNWFlZA==/c/15225761710041050/,Ngeri panik? serius? serius?,1778172568,4,783804959187426,dewiofficial9,Dewiofficial9,https://scontent-iad6-1.cdninstagram.com/v/t51.82787-19/551057952_18479436106074710_8064216012374103146_n.jpg?stp=dst-jpg_s150x150_tt6&_nc_cat=100&ccb=7-5&_nc_sid=f7ccc5&efg=eyJ2ZW5jb2RlX3RhZyI6InByb2ZpbGVfcGljLnd3dy4xMDgwLkMzIn0%3D&_nc_ohc=zisp7lviP2UQ7kNvwGVckTa&_nc_oc=AdrP4WTEinqS-M0c1U5kitNgM9nRMhRgIz15SuIEqB1Icarxkh3GfM2v5jcWXonGHZs&_nc_zt=24&_nc_ht=scontent-iad6-1.cdninstagram.com&_nc_gid=WMI2tPWUAJnlmj3zmmGOgQ&_nc_ss=7d6a8&oh=00_Af6Pt6ofOyMjjmTz8I9Jp51xQ2V05t-WVRaS-M4bmdk-iw&oe=6A039416,dewiofficial9,dewiofficial9,FALSE,FALSE,1,1
3.89166969171883E+018,https://www.instagram.com/p/DYB_Pc2DhLC/?utm_source=ig_web_copy_link&igsh=MzRlODBiNWFlZA==,1.07344022714364E+016,https://www.instagram.com/p/DYB_Pc2DhLC/?utm_source=ig_web_copy_link&igsh=MzRlODBiNWFlZA==/c/10734402271436408/,Kemarin bank beneran? buset,1778189715,446,690120093482300,zaki216,Yanti Hakim,https://scontent-iad6-1.cdninstagram.com/v/t51.82787-19/551057952_18479436106074710_8064216012374103146_n.jpg?stp=dst-jpg_s150x150_tt6&_nc_cat=100&ccb=7-5&_nc_sid=f7ccc5&efg=eyJ2ZW5jb2RlX3RhZyI6InByb2ZpbGVfcGljLnd3dy4xMDgwLkMzIn0%3D&_nc_ohc=zisp7lviP2UQ7kNvwGVckTa&_nc_oc=AdrP4WTEinqS-M0c1U5kitNgM9nRMhRgIz15SuIEqB1Icarxkh3GfM2v5jcWXonGHZs&_nc_zt=24&_nc_ht=scontent-iad6-1.cdninstagram.com&_nc_gid=WMI2tPWUAJnlmj3zmmGOgQ&_nc_ss=7d6a8&oh=00_Af6Pt6ofOyMjjmTz8I9Jp51xQ2V05t-WVRaS-M4bmdk-iw&oe=6A039416,zaki216,zaki216,FALSE,FALSE,8,8
3.89166969171883E+018,https://www.instagram.com/p/DYB_Pc2DhLC/?utm_source=ig_web_copy_link&igsh=MzRlODBiNWFlZA==,1.80990953510834E+016,https://www.instagram.com/p/DYB_Pc2DhLC/?utm_source=ig_web_copy_link&igsh=MzRlODBiNWFlZA==/c/18099095351083359/,CUCI TANGAN SAMPAI BERSIH YA 😹,1778143619,4939,2015768655,kuyangnatadecoco,kuyangnatadecoco,https://scontent-iad6-1.cdninstagram.com/v/t51.82787-19/612647197_18525654454064656_4118051445912587624_n.jpg?stp=dst-jpg_s150x150_tt6&_nc_cat=109&ccb=7-5&_nc_sid=f7ccc5&efg=eyJ2ZW5jb2RlX3RhZyI6InByb2ZpbGVfcGljLnd3dy4xMDgwLkMzIn0%3D&_nc_ohc=wcF_8xw4C3cQ7kNvwGRQXct&_nc_oc=Ado873TwQIiq9XCQo5nZNtl8wNdfQeF0xnD9qvVCIFUUhss4LZ6pVFV0oQVOMUP3n4Q&_nc_zt=24&_nc_ht=scontent-iad6-1.cdninstagram.com&_nc_gid=WMI2tPWUAJnlmj3zmmGOgQ&_nc_ss=7d6a8&oh=00_Af7HRfBXmAoSYIccsTAIoY3Cx6m8-bs26SSOd41sqAFzyA&oe=6A038A31,kuyangnatadecoco,kuyangnatadecoco,FALSE,FALSE,26,26
3.89166969171883E+018,https://www.instagram.com/p/DYB_Pc2DhLC/?utm_source=ig_web_copy_link&igsh=MzRlODBiNWFlZA==,1.63995611764354E+016,https://www.instagram.com/p/DYB_Pc2DhLC/?utm_source=ig_web_copy_link&igsh=MzRlODBiNWFlZA==/c/16399561176435434/,Template copas 😂 masa sih,1778184379,472,779461984372823,farhan_gunawan6,Farhan_gunawan6,https://scontent-iad6-1.cdninstagram.com/v/t51.82787-19/551057952_18479436106074710_8064216012374103146_n.jpg?stp=dst-jpg_s150x150_tt6&_nc_cat=100&ccb=7-5&_nc_sid=f7ccc5&efg=eyJ2ZW5jb2RlX3RhZyI6InByb2ZpbGVfcGljLnd3dy4xMDgwLkMzIn0%3D&_nc_ohc=zisp7lviP2UQ7kNvwGVckTa&_nc_oc=AdrP4WTEinqS-M0c1U5kitNgM9nRMhRgIz15SuIEqB1Icarxkh3GfM2v5jcWXonGHZs&_nc_zt=24&_nc_ht=scontent-iad6-1.cdninstagram.com&_nc_gid=WMI2tPWUAJnlmj3zmmGOgQ&_nc_ss=7d6a8&oh=00_Af6Pt6ofOyMjjmTz8I9Jp51xQ2V05t-WVRaS-M4bmdk-iw&oe=6A039416,farhan_gunawan6,farhan_gunawan6,FALSE,FALSE,19,19
3.89166969171883E+018,https://www.instagram.com/p/DYB_Pc2DhLC/?utm_source=ig_web_copy_link&igsh=MzRlODBiNWFlZA==,1.93452712772045E+016,https://www.instagram.com/p/DYB_Pc2DhLC/?utm_source=ig_web_copy_link&igsh=MzRlODBiNWFlZA==/c/19345271277204529/,@folkative masa sih klarifikasi bank,1778216989,22,122722847330585,minagung99,Wawan Lestari,https://scontent-iad6-1.cdninstagram.com/v/t51.82787-19/551057952_18479436106074710_8064216012374103146_n.jpg?stp=dst-jpg_s150x150_tt6&_nc_cat=100&ccb=7-5&_nc_sid=f7ccc5&efg=eyJ2ZW5jb2RlX3RhZyI6InByb2ZpbGVfcGljLnd3dy4xMDgwLkMzIn0%3D&_nc_ohc=zisp7lviP2UQ7kNvwGVckTa&_nc_oc=AdrP4WTEinqS-M0c1U5kitNgM9nRMhRgIz15SuIEqB1Icarxkh3GfM2v5jcWXonGHZs&_nc_zt=24&_nc_ht=scontent-iad6-1.cdninstagram.com&_nc_gid=WMI2tPWUAJnlmj3zmmGOgQ&_nc_ss=7d6a8&oh=00_Af6Pt6ofOyMjjmTz8I9Jp51xQ2V05t-WVRaS-M4bmdk-iw&oe=6A039416,minagung99,minagung99,FALSE,FALSE,5,5
3.89166969171883E+018,https://www.instagram.com/p/DYB_Pc2DhLC/?utm_source=ig_web_copy_link&igsh=MzRlODBiNWFlZA==,1.59686344135883E+016,https://www.instagram.com/p/DYB_Pc2DhLC/?utm_source=ig_web_copy_link&igsh=MzRlODBiNWFlZA==/c/15968634413588255/,@folkative serius nih panik qodari serius?,1778150991,15,188699032114219,permadifajar88,Zaki Purnomo,https://scontent-iad6-1.cdninstagram.com/v/t51.82787-19/551057952_18479436106074710_8064216012374103146_n.jpg?stp=dst-jpg_s150x150_tt6&_nc_cat=100&ccb=7-5&_nc_sid=f7ccc5&efg=eyJ2ZW5jb2RlX3RhZyI6InByb2ZpbGVfcGljLnd3dy4xMDgwLkMzIn0%3D&_nc_ohc=zisp7lviP2UQ7kNvwGVckTa&_nc_oc=AdrP4WTEinqS-M0c1U5kitNgM9nRMhRgIz15SuIEqB1Icarxkh3GfM2v5jcWXonGHZs&_nc_zt=24&_nc_ht=scontent-iad6-1.cdninstagram.com&_nc_gid=WMI2tPWUAJnlmj3zmmGOgQ&_nc_ss=7d6a8&oh=00_Af6Pt6ofOyMjjmTz8I9Jp51xQ2V05t-WVRaS-M4bmdk-iw&oe=6A039416,permadifajar88,permadifajar88,FALSE,FALSE,4,4
3.89166969171883E+018,https://www.instagram.com/p/DYB_Pc2DhLC/?utm_source=ig_web_copy_link&igsh=MzRlODBiNWFlZA==,1.9916227083521E+016,https://www.instagram.com/p/DYB_Pc2DhLC/?utm_source=ig_web_copy_link&igsh=MzRlODBiNWFlZA==/c/19916227083520998/,😂 klarifikasi nih istana 🗿,1778180546,43,980067819865019,cahyamin3,Bella Nugroho,https://scontent-iad6-1.cdninstagram.com/v/t51.82787-19/551057952_18479436106074710_8064216012374103146_n.jpg?stp=dst-jpg_s150x150_tt6&_nc_cat=100&ccb=7-5&_nc_sid=f7ccc5&efg=eyJ2ZW5jb2RlX3RhZyI6InByb2ZpbGVfcGljLnd3dy4xMDgwLkMzIn0%3D&_nc_ohc=zisp7lviP2UQ7kNvwGVckTa&_nc_oc=AdrP4WTEinqS-M0c1U5kitNgM9nRMhRgIz15SuIEqB1Icarxkh3GfM2v5jcWXonGHZs&_nc_zt=24&_nc_ht=scontent-iad6-1.cdninstagram.com&_nc_gid=WMI2tPWUAJnlmj3zmmGOgQ&_nc_ss=7d6a8&oh=00_Af6Pt6ofOyMjjmTz8I9Jp51xQ2V05t-WVRaS-M4bmdk-iw&oe=6A039416,cahyamin3,cahyamin3,FALSE,FALSE,1,1
3.89166969171883E+018,https://www.instagram.com/p/DYB_Pc2DhLC/?utm_source=ig_web_copy_link&igsh=MzRlODBiNWFlZA==,1.17851414164729E+016,https://www.instagram.com/p/DYB_Pc2DhLC/?utm_source=ig_web_copy_link&igsh=MzRlODBiNWFlZA==/c/11785141416472902/,Udah dari dulu liat buzzer serius? astaga,1778174939,244,970235778741230,xxcitra123,Yanti Saputra,https://scontent-iad6-1.cdninstagram.com/v/t51.82787-19/551057952_18479436106074710_8064216012374103146_n.jpg?stp=dst-jpg_s150x150_tt6&_nc_cat=100&ccb=7-5&_nc_sid=f7ccc5&efg=eyJ2ZW5jb2RlX3RhZyI6InByb2ZpbGVfcGljLnd3dy4xMDgwLkMzIn0%3D&_nc_ohc=zisp7lviP2UQ7kNvwGVckTa&_nc_oc=AdrP4WTEinqS-M0c1U5kitNgM9nRMhRgIz15SuIEqB1Icarxkh3GfM2v5jcWXonGHZs&_nc_zt=24&_nc_ht=scontent-iad6-1.cdninstagram.com&_nc_gid=WMI2tPWUAJnlmj3zmmGOgQ&_nc_ss=7d6a8&oh=00_Af6Pt6ofOyMjjmTz8I9Jp51xQ2V05t-WVRaS-M4bmdk-iw&oe=6A039416,xxcitra123,xxcitra123,FALSE,FALSE,4,4
3.89166969171883E+018,https://www.instagram.com/p/DYB_Pc2DhLC/?utm_source=ig_web_copy_link&igsh=MzRlODBiNWFlZA==,1.74698570754182E+016,https://www.instagram.com/p/DYB_Pc2DhLC/?utm_source=ig_web_copy_link&igsh=MzRlODBiNWFlZA==/c/17469857075418183/,Setuju sama plat merah wkwk,1778210652,119,288539879544019,permadinanda123,Citra Saputra,https://scontent-iad6-1.cdninstagram.com/v/t51.82787-19/551057952_18479436106074710_8064216012374103146_n.jpg?stp=dst-jpg_s150x150_tt6&_nc_cat=100&ccb=7-5&_nc_sid=f7ccc5&efg=eyJ2ZW5jb2RlX3RhZyI6InByb2ZpbGVfcGljLnd3dy4xMDgwLkMzIn0%3D&_nc_ohc=zisp7lviP2UQ7kNvwGVckTa&_nc_oc=AdrP4WTEinqS-M0c1U5kitNgM9nRMhRgIz15SuIEqB1Icarxkh3GfM2v5jcWXonGHZs&_nc_zt=24&_nc_ht=scontent-iad6-1.cdninstagram.com&_nc_gid=WMI2tPWUAJnlmj3zmmGOgQ&_nc_ss=7d6a8&oh=00_Af6Pt6ofOyMjjmTz8I9Jp51xQ2V05t-WVRaS-M4bmdk-iw&oe=6A039416,permadinanda123,permadinanda123,FALSE,FALSE,3,3
3.89166969171883E+018,https://www.instagram.com/p/DYB_Pc2DhLC/?utm_source=ig_web_copy_link&igsh=MzRlODBiNWFlZA==,1.94201271054486E+016,https://www.instagram.com/p/DYB_Pc2DhLC/?utm_source=ig_web_copy_link&igsh=MzRlODBiNWFlZA==/c/19420127105448608/,😂 buzzer cuci tangan cuy serius?,1778189581,44,467915609930034,lestariwawan88,Citra Hakim,https://scontent-iad6-1.cdninstagram.com/v/t51.82787-19/551057952_18479436106074710_8064216012374103146_n.jpg?stp=dst-jpg_s150x150_tt6&_nc_cat=100&ccb=7-5&_nc_sid=f7ccc5&efg=eyJ2ZW5jb2RlX3RhZyI6InByb2ZpbGVfcGljLnd3dy4xMDgwLkMzIn0%3D&_nc_ohc=zisp7lviP2UQ7kNvwGVckTa&_nc_oc=AdrP4WTEinqS-M0c1U5kitNgM9nRMhRgIz15SuIEqB1Icarxkh3GfM2v5jcWXonGHZs&_nc_zt=24&_nc_ht=scontent-iad6-1.cdninstagram.com&_nc_gid=WMI2tPWUAJnlmj3zmmGOgQ&_nc_ss=7d6a8&oh=00_Af6Pt6ofOyMjjmTz8I9Jp51xQ2V05t-WVRaS-M4bmdk-iw&oe=6A039416,lestariwawan88,lestariwawan88,FALSE,FALSE,6,6
3.89166969171883E+018,https://www.instagram.com/p/DYB_Pc2DhLC/?utm_source=ig_web_copy_link&igsh=MzRlODBiNWFlZA==,1.80934529632381E+016,https://www.instagram.com/p/DYB_Pc2DhLC/?utm_source=ig_web_copy_link&igsh=MzRlODBiNWFlZA==/c/18093452963238069/,Pada klaripikasi semua 😂😂,1778238931,0,47452524780,iwansetianto_,Iwan Setianto,https://scontent-iad6-1.cdninstagram.com/v/t51.75761-19/495250810_18046873841580781_6216621103818698495_n.jpg?stp=dst-jpg_s150x150_tt6&_nc_cat=100&ccb=7-5&_nc_sid=f7ccc5&efg=eyJ2ZW5jb2RlX3RhZyI6InByb2ZpbGVfcGljLnd3dy4xMDgwLkMzIn0%3D&_nc_ohc=J5fVk8569MoQ7kNvwG78Xu-&_nc_oc=Adq69kfjT2om3Y7h5rtDtEl79IPU15B6w87C2q8OP8uyVg2LcbSywb2RvAIb7DvDgIE&_nc_zt=24&_nc_ht=scontent-iad6-1.cdninstagram.com&_nc_gid=TC0akw1c_9qSTsKRD54wSg&_nc_ss=7d6a8&oh=00_Af7KV4r15mtHdoQNq036Sxp6iuAyM2cmGbj45gUxc2n9Jg&oe=6A03B3C5,iwansetianto_,iwansetianto_,FALSE,FALSE,0,0
3.89166969171883E+018,https://www.instagram.com/p/DYB_Pc2DhLC/?utm_source=ig_web_copy_link&igsh=MzRlODBiNWFlZA==,1.70539793350834E+016,https://www.instagram.com/p/DYB_Pc2DhLC/?utm_source=ig_web_copy_link&igsh=MzRlODBiNWFlZA==/c/17053979335083372/,Seharusnya bank beneran? serius? 💀,1778230306,7,133581104472719,nina658,Nina658,https://scontent-iad6-1.cdninstagram.com/v/t51.82787-19/551057952_18479436106074710_8064216012374103146_n.jpg?stp=dst-jpg_s150x150_tt6&_nc_cat=100&ccb=7-5&_nc_sid=f7ccc5&efg=eyJ2ZW5jb2RlX3RhZyI6InByb2ZpbGVfcGljLnd3dy4xMDgwLkMzIn0%3D&_nc_ohc=zisp7lviP2UQ7kNvwGVckTa&_nc_oc=AdrP4WTEinqS-M0c1U5kitNgM9nRMhRgIz15SuIEqB1Icarxkh3GfM2v5jcWXonGHZs&_nc_zt=24&_nc_ht=scontent-iad6-1.cdninstagram.com&_nc_gid=WMI2tPWUAJnlmj3zmmGOgQ&_nc_ss=7d6a8&oh=00_Af6Pt6ofOyMjjmTz8I9Jp51xQ2V05t-WVRaS-M4bmdk-iw&oe=6A039416,nina658,nina658,FALSE,FALSE,2,2
3.89166969171883E+018,https://www.instagram.com/p/DYB_Pc2DhLC/?utm_source=ig_web_copy_link&igsh=MzRlODBiNWFlZA==,1.89124637411813E+016,https://www.instagram.com/p/DYB_Pc2DhLC/?utm_source=ig_web_copy_link&igsh=MzRlODBiNWFlZA==/c/18912463741181313/,Template mirip 💀,1778185047,46,812988130695951,oscar1,Oscar1,https://scontent-iad6-1.cdninstagram.com/v/t51.82787-19/551057952_18479436106074710_8064216012374103146_n.jpg?stp=dst-jpg_s150x150_tt6&_nc_cat=100&ccb=7-5&_nc_sid=f7ccc5&efg=eyJ2ZW5jb2RlX3RhZyI6InByb2ZpbGVfcGljLnd3dy4xMDgwLkMzIn0%3D&_nc_ohc=zisp7lviP2UQ7kNvwGVckTa&_nc_oc=AdrP4WTEinqS-M0c1U5kitNgM9nRMhRgIz15SuIEqB1Icarxkh3GfM2v5jcWXonGHZs&_nc_zt=24&_nc_ht=scontent-iad6-1.cdninstagram.com&_nc_gid=WMI2tPWUAJnlmj3zmmGOgQ&_nc_ss=7d6a8&oh=00_Af6Pt6ofOyMjjmTz8I9Jp51xQ2V05t-WVRaS-M4bmdk-iw&oe=6A039416,oscar1,oscar1,FALSE,FALSE,6,6
3.89166969171883E+018,https://www.instagram.com/p/DYB_Pc2DhLC/?utm_source=ig_web_copy_link&igsh=MzRlODBiNWFlZA==,1.78881781175092E+016,https://www.instagram.com/p/DYB_Pc2DhLC/?utm_source=ig_web_copy_link&igsh=MzRlODBiNWFlZA==/c/17888178117509209/,jgn lupa pake sabun kalo cuci tangan,1778223397,1,61575284615,owanway,,https://scontent-iad6-1.cdninstagram.com/v/t51.82787-19/655552191_17962301394052616_7093698030497066260_n.jpg?stp=dst-jpg_s150x150_tt6&_nc_cat=106&ccb=7-5&_nc_sid=f7ccc5&efg=eyJ2ZW5jb2RlX3RhZyI6InByb2ZpbGVfcGljLnd3dy4xMDgwLkMzIn0%3D&_nc_ohc=d66_L6tb68AQ7kNvwG9lxo4&_nc_oc=AdqZ0iPmOuaElybaWALd7LK3PUhzBfye9qqOKESIwrPfduiAvREQPTupOMg0dHEWXos&_nc_zt=24&_nc_ht=scontent-iad6-1.cdninstagram.com&_nc_gid=KorXe_l-7gqhAn7_b5B-uQ&_nc_ss=7d6a8&oh=00_Af5IF6S0kIUpKUuNy5QwufqwcApryQUEMVa2-469AEXX9w&oe=6A03B100,owanway,owanway,FALSE,FALSE,0,0
3.89166969171883E+018,https://www.instagram.com/p/DYB_Pc2DhLC/?utm_source=ig_web_copy_link&igsh=MzRlODBiNWFlZA==,1.79396854920382E+016,https://www.instagram.com/p/DYB_Pc2DhLC/?utm_source=ig_web_copy_link&igsh=MzRlODBiNWFlZA==/c/17939685492038156/,"Folkative specifically lumayan sering posting favorable news about pemerintah gaksih. Jangan2 bukan mitra resmi, tp emang they do it for free 🤣",1778150977,10,2058992830,tanganhands,Luthfi Goya,https://scontent-iad6-1.cdninstagram.com/v/t51.82787-19/541594900_18505702807064831_3243089464096031950_n.jpg?stp=dst-jpg_s150x150_tt6&_nc_cat=102&ccb=7-5&_nc_sid=f7ccc5&efg=eyJ2ZW5jb2RlX3RhZyI6InByb2ZpbGVfcGljLnd3dy4xMDgwLkMzIn0%3D&_nc_ohc=aAAPuns3x7MQ7kNvwFtCpL_&_nc_oc=AdouiE7Ef9Ts3V0Ki8UevWVOH7PbeXI1qF24jaA_V5vpbjeZxhO3Exd6QIEPaki9JFs&_nc_zt=24&_nc_ht=scontent-iad6-1.cdninstagram.com&_nc_gid=OPk-UPwzzI7cD03qvCgHGQ&_nc_ss=7d6a8&oh=00_Af5ldDQY3Z44DAKUQ6lGExeeeGk6ovRBtdZ3CnQLZmfNMw&oe=6A03992F,tanganhands,tanganhands,FALSE,FALSE,1,1
3.89166969171883E+018,https://www.instagram.com/p/DYB_Pc2DhLC/?utm_source=ig_web_copy_link&igsh=MzRlODBiNWFlZA==,1.79706371400475E+016,https://www.instagram.com/p/DYB_Pc2DhLC/?utm_source=ig_web_copy_link&igsh=MzRlODBiNWFlZA==/c/17970637140047453/,"semangat hapusin komen min, dpt brpa tuh uang dari pemerintah?",1778147787,83,68975117621,besttmatchaa_,adliamaulidiani,https://scontent-iad3-2.cdninstagram.com/v/t51.82787-19/682843388_17925081894301622_8849028216586862809_n.jpg?stp=dst-jpg_s150x150_tt6&_nc_cat=103&ccb=7-5&_nc_sid=f7ccc5&efg=eyJ2ZW5jb2RlX3RhZyI6InByb2ZpbGVfcGljLnd3dy4xMDgwLkMzIn0%3D&_nc_ohc=LL7A2zBR9tcQ7kNvwExv6V0&_nc_oc=AdqXieP0HDqOf3o3dcXbUt8G2awZsBdwvMpVgW8oXJoxxd-1FNPwNmBD06MQ1cnO7DU&_nc_zt=24&_nc_ht=scontent-iad3-2.cdninstagram.com&_nc_gid=cVlGf0MZ106mW3dL54x9tA&_nc_ss=7d6a8&oh=00_Af6UnvahRbShavMCXY28N4ajI5ggFxCNEMX8bRw1Kd5WRQ&oe=6A03A34E,besttmatchaa_,besttmatchaa_,FALSE,FALSE,0,0
3.89166969171883E+018,https://www.instagram.com/p/DYB_Pc2DhLC/?utm_source=ig_web_copy_link&igsh=MzRlODBiNWFlZA==,1.84020684596748E+016,https://www.instagram.com/p/DYB_Pc2DhLC/?utm_source=ig_web_copy_link&igsh=MzRlODBiNWFlZA==/c/18402068459674808/,Jadi kritik? hahaha 💀,1778211327,495,266444753397651,erna.lestari4,Erna.lestari4,https://scontent-iad6-1.cdninstagram.com/v/t51.82787-19/551057952_18479436106074710_8064216012374103146_n.jpg?stp=dst-jpg_s150x150_tt6&_nc_cat=100&ccb=7-5&_nc_sid=f7ccc5&efg=eyJ2ZW5jb2RlX3RhZyI6InByb2ZpbGVfcGljLnd3dy4xMDgwLkMzIn0%3D&_nc_ohc=zisp7lviP2UQ7kNvwGVckTa&_nc_oc=AdrP4WTEinqS-M0c1U5kitNgM9nRMhRgIz15SuIEqB1Icarxkh3GfM2v5jcWXonGHZs&_nc_zt=24&_nc_ht=scontent-iad6-1.cdninstagram.com&_nc_gid=WMI2tPWUAJnlmj3zmmGOgQ&_nc_ss=7d6a8&oh=00_Af6Pt6ofOyMjjmTz8I9Jp51xQ2V05t-WVRaS-M4bmdk-iw&oe=6A039416,erna.lestari4,erna.lestari4,FALSE,FALSE,17,17
3.89166969171883E+018,https://www.instagram.com/p/DYB_Pc2DhLC/?utm_source=ig_web_copy_link&igsh=MzRlODBiNWFlZA==,1.33669597731169E+016,https://www.instagram.com/p/DYB_Pc2DhLC/?utm_source=ig_web_copy_link&igsh=MzRlODBiNWFlZA==/c/13366959773116908/,Sadar sama istana 🙌,1778149399,146,997025667830658,qori_handayani88,Umar Nugroho,https://scontent-iad6-1.cdninstagram.com/v/t51.82787-19/551057952_18479436106074710_8064216012374103146_n.jpg?stp=dst-jpg_s150x150_tt6&_nc_cat=100&ccb=7-5&_nc_sid=f7ccc5&efg=eyJ2ZW5jb2RlX3RhZyI6InByb2ZpbGVfcGljLnd3dy4xMDgwLkMzIn0%3D&_nc_ohc=zisp7lviP2UQ7kNvwGVckTa&_nc_oc=AdrP4WTEinqS-M0c1U5kitNgM9nRMhRgIz15SuIEqB1Icarxkh3GfM2v5jcWXonGHZs&_nc_zt=24&_nc_ht=scontent-iad6-1.cdninstagram.com&_nc_gid=WMI2tPWUAJnlmj3zmmGOgQ&_nc_ss=7d6a8&oh=00_Af6Pt6ofOyMjjmTz8I9Jp51xQ2V05t-WVRaS-M4bmdk-iw&oe=6A039416,qori_handayani88,qori_handayani88,FALSE,FALSE,6,6
3.89166969171883E+018,https://www.instagram.com/p/DYB_Pc2DhLC/?utm_source=ig_web_copy_link&igsh=MzRlODBiNWFlZA==,1.49717913387793E+016,https://www.instagram.com/p/DYB_Pc2DhLC/?utm_source=ig_web_copy_link&igsh=MzRlODBiNWFlZA==/c/14971791338779278/,Istana briefing data? salfok,1778182464,43,114952558090582,bukanjihan2,Qori Gunawan,https://scontent-iad6-1.cdninstagram.com/v/t51.82787-19/551057952_18479436106074710_8064216012374103146_n.jpg?stp=dst-jpg_s150x150_tt6&_nc_cat=100&ccb=7-5&_nc_sid=f7ccc5&efg=eyJ2ZW5jb2RlX3RhZyI6InByb2ZpbGVfcGljLnd3dy4xMDgwLkMzIn0%3D&_nc_ohc=zisp7lviP2UQ7kNvwGVckTa&_nc_oc=AdrP4WTEinqS-M0c1U5kitNgM9nRMhRgIz15SuIEqB1Icarxkh3GfM2v5jcWXonGHZs&_nc_zt=24&_nc_ht=scontent-iad6-1.cdninstagram.com&_nc_gid=WMI2tPWUAJnlmj3zmmGOgQ&_nc_ss=7d6a8&oh=00_Af6Pt6ofOyMjjmTz8I9Jp51xQ2V05t-WVRaS-M4bmdk-iw&oe=6A039416,bukanjihan2,bukanjihan2,FALSE,FALSE,2,2
3.89166969171883E+018,https://www.instagram.com/p/DYB_Pc2DhLC/?utm_source=ig_web_copy_link&igsh=MzRlODBiNWFlZA==,1.65140755233503E+016,https://www.instagram.com/p/DYB_Pc2DhLC/?utm_source=ig_web_copy_link&igsh=MzRlODBiNWFlZA==/c/16514075523350265/,@folkative tolong dong briefing BNI masa sih,1778208447,377,702648952568798,saripratama,Agung Sari,https://scontent-iad6-1.cdninstagram.com/v/t51.82787-19/551057952_18479436106074710_8064216012374103146_n.jpg?stp=dst-jpg_s150x150_tt6&_nc_cat=100&ccb=7-5&_nc_sid=f7ccc5&efg=eyJ2ZW5jb2RlX3RhZyI6InByb2ZpbGVfcGljLnd3dy4xMDgwLkMzIn0%3D&_nc_ohc=zisp7lviP2UQ7kNvwGVckTa&_nc_oc=AdrP4WTEinqS-M0c1U5kitNgM9nRMhRgIz15SuIEqB1Icarxkh3GfM2v5jcWXonGHZs&_nc_zt=24&_nc_ht=scontent-iad6-1.cdninstagram.com&_nc_gid=WMI2tPWUAJnlmj3zmmGOgQ&_nc_ss=7d6a8&oh=00_Af6Pt6ofOyMjjmTz8I9Jp51xQ2V05t-WVRaS-M4bmdk-iw&oe=6A039416,saripratama,saripratama,FALSE,FALSE,8,8
3.89166969171883E+018,https://www.instagram.com/p/DYB_Pc2DhLC/?utm_source=ig_web_copy_link&igsh=MzRlODBiNWFlZA==,1.83228822702675E+016,https://www.instagram.com/p/DYB_Pc2DhLC/?utm_source=ig_web_copy_link&igsh=MzRlODBiNWFlZA==/c/18322882270267542/,"Dsni klarif, Di X udah jadi Buzzer. 😂😂😂",1778189509,26,47302424998,masecko__,masecko,https://scontent-iad3-1.cdninstagram.com/v/t51.82787-19/670845236_18082099493576999_8707288250048173617_n.jpg?stp=dst-jpg_s150x150_tt6&_nc_cat=104&ccb=7-5&_nc_sid=f7ccc5&efg=eyJ2ZW5jb2RlX3RhZyI6InByb2ZpbGVfcGljLnd3dy4xMDgwLkMzIn0%3D&_nc_ohc=P1quiIxnaLgQ7kNvwFcJPQh&_nc_oc=AdoYdAJG5mvnJYmh3zJMQZF2te48GjXZ1IfZYZT1hy7wa1V_FIhoEo1Nqyi5Rhu5j0c&_nc_zt=24&_nc_ht=scontent-iad3-1.cdninstagram.com&_nc_gid=YVzTi_7OXT0eF77y3gncMg&_nc_ss=7d6a8&oh=00_Af5WHzE5z6Ix6BcrT5jl7QzebyU4u5oSYsTNwz7OXTnEeQ&oe=6A03B52E,masecko__,masecko__,FALSE,FALSE,0,0
3.89166969171883E+018,https://www.instagram.com/p/DYB_Pc2DhLC/?utm_source=ig_web_copy_link&igsh=MzRlODBiNWFlZA==,1.79124286401494E+016,https://www.instagram.com/p/DYB_Pc2DhLC/?utm_source=ig_web_copy_link&igsh=MzRlODBiNWFlZA==/c/17912428640149397/,Pemerintah klaim sumber? buset,1778151034,8,102206980825822,haryantointan,Nina Purnomo,https://scontent-iad6-1.cdninstagram.com/v/t51.82787-19/551057952_18479436106074710_8064216012374103146_n.jpg?stp=dst-jpg_s150x150_tt6&_nc_cat=100&ccb=7-5&_nc_sid=f7ccc5&efg=eyJ2ZW5jb2RlX3RhZyI6InByb2ZpbGVfcGljLnd3dy4xMDgwLkMzIn0%3D&_nc_ohc=zisp7lviP2UQ7kNvwGVckTa&_nc_oc=AdrP4WTEinqS-M0c1U5kitNgM9nRMhRgIz15SuIEqB1Icarxkh3GfM2v5jcWXonGHZs&_nc_zt=24&_nc_ht=scontent-iad6-1.cdninstagram.com&_nc_gid=WMI2tPWUAJnlmj3zmmGOgQ&_nc_ss=7d6a8&oh=00_Af6Pt6ofOyMjjmTz8I9Jp51xQ2V05t-WVRaS-M4bmdk-iw&oe=6A039416,haryantointan,haryantointan,FALSE,FALSE,0,0
3.89166969171883E+018,https://www.instagram.com/p/DYB_Pc2DhLC/?utm_source=ig_web_copy_link&igsh=MzRlODBiNWFlZA==,1.18269950409879E+016,https://www.instagram.com/p/DYB_Pc2DhLC/?utm_source=ig_web_copy_link&igsh=MzRlODBiNWFlZA==/c/11826995040987920/,Ga jadi unfollow liat buzzer buset,1778180398,3,291576628194879,made1,Tono Sari,https://scontent-iad6-1.cdninstagram.com/v/t51.82787-19/551057952_18479436106074710_8064216012374103146_n.jpg?stp=dst-jpg_s150x150_tt6&_nc_cat=100&ccb=7-5&_nc_sid=f7ccc5&efg=eyJ2ZW5jb2RlX3RhZyI6InByb2ZpbGVfcGljLnd3dy4xMDgwLkMzIn0%3D&_nc_ohc=zisp7lviP2UQ7kNvwGVckTa&_nc_oc=AdrP4WTEinqS-M0c1U5kitNgM9nRMhRgIz15SuIEqB1Icarxkh3GfM2v5jcWXonGHZs&_nc_zt=24&_nc_ht=scontent-iad6-1.cdninstagram.com&_nc_gid=WMI2tPWUAJnlmj3zmmGOgQ&_nc_ss=7d6a8&oh=00_Af6Pt6ofOyMjjmTz8I9Jp51xQ2V05t-WVRaS-M4bmdk-iw&oe=6A039416,made1,made1,FALSE,FALSE,2,2
3.89166969171883E+018,https://www.instagram.com/p/DYB_Pc2DhLC/?utm_source=ig_web_copy_link&igsh=MzRlODBiNWFlZA==,1.93006902886419E+016,https://www.instagram.com/p/DYB_Pc2DhLC/?utm_source=ig_web_copy_link&igsh=MzRlODBiNWFlZA==/c/19300690288641892/,Unfollow sama aparat 🗿,1778198955,138,932315550917629,bukansari6,Intan Santoso,https://scontent-iad6-1.cdninstagram.com/v/t51.82787-19/551057952_18479436106074710_8064216012374103146_n.jpg?stp=dst-jpg_s150x150_tt6&_nc_cat=100&ccb=7-5&_nc_sid=f7ccc5&efg=eyJ2ZW5jb2RlX3RhZyI6InByb2ZpbGVfcGljLnd3dy4xMDgwLkMzIn0%3D&_nc_ohc=zisp7lviP2UQ7kNvwGVckTa&_nc_oc=AdrP4WTEinqS-M0c1U5kitNgM9nRMhRgIz15SuIEqB1Icarxkh3GfM2v5jcWXonGHZs&_nc_zt=24&_nc_ht=scontent-iad6-1.cdninstagram.com&_nc_gid=WMI2tPWUAJnlmj3zmmGOgQ&_nc_ss=7d6a8&oh=00_Af6Pt6ofOyMjjmTz8I9Jp51xQ2V05t-WVRaS-M4bmdk-iw&oe=6A039416,bukansari6,bukansari6,FALSE,FALSE,16,16
3.89166969171883E+018,https://www.instagram.com/p/DYB_Pc2DhLC/?utm_source=ig_web_copy_link&igsh=MzRlODBiNWFlZA==,1.49826898284659E+016,https://www.instagram.com/p/DYB_Pc2DhLC/?utm_source=ig_web_copy_link&igsh=MzRlODBiNWFlZA==/c/14982689828465903/,BNI kasus beneran? gila 🔥,1778238287,49,234462085634359,bukankevin1,Bukankevin1,https://scontent-iad6-1.cdninstagram.com/v/t51.82787-19/551057952_18479436106074710_8064216012374103146_n.jpg?stp=dst-jpg_s150x150_tt6&_nc_cat=100&ccb=7-5&_nc_sid=f7ccc5&efg=eyJ2ZW5jb2RlX3RhZyI6InByb2ZpbGVfcGljLnd3dy4xMDgwLkMzIn0%3D&_nc_ohc=zisp7lviP2UQ7kNvwGVckTa&_nc_oc=AdrP4WTEinqS-M0c1U5kitNgM9nRMhRgIz15SuIEqB1Icarxkh3GfM2v5jcWXonGHZs&_nc_zt=24&_nc_ht=scontent-iad6-1.cdninstagram.com&_nc_gid=WMI2tPWUAJnlmj3zmmGOgQ&_nc_ss=7d6a8&oh=00_Af6Pt6ofOyMjjmTz8I9Jp51xQ2V05t-WVRaS-M4bmdk-iw&oe=6A039416,bukankevin1,bukankevin1,FALSE,FALSE,4,4
3.89166969171883E+018,https://www.instagram.com/p/DYB_Pc2DhLC/?utm_source=ig_web_copy_link&igsh=MzRlODBiNWFlZA==,1.29955683201474E+016,https://www.instagram.com/p/DYB_Pc2DhLC/?utm_source=ig_web_copy_link&igsh=MzRlODBiNWFlZA==/c/12995568320147400/,Ga jadi unfollow dengan buzer wkwk 🗿,1778163604,35,648730607297900,si_eka11,Si_eka11,https://scontent-iad6-1.cdninstagram.com/v/t51.82787-19/551057952_18479436106074710_8064216012374103146_n.jpg?stp=dst-jpg_s150x150_tt6&_nc_cat=100&ccb=7-5&_nc_sid=f7ccc5&efg=eyJ2ZW5jb2RlX3RhZyI6InByb2ZpbGVfcGljLnd3dy4xMDgwLkMzIn0%3D&_nc_ohc=zisp7lviP2UQ7kNvwGVckTa&_nc_oc=AdrP4WTEinqS-M0c1U5kitNgM9nRMhRgIz15SuIEqB1Icarxkh3GfM2v5jcWXonGHZs&_nc_zt=24&_nc_ht=scontent-iad6-1.cdninstagram.com&_nc_gid=WMI2tPWUAJnlmj3zmmGOgQ&_nc_ss=7d6a8&oh=00_Af6Pt6ofOyMjjmTz8I9Jp51xQ2V05t-WVRaS-M4bmdk-iw&oe=6A039416,si_eka11,si_eka11,FALSE,FALSE,0,0
3.89166969171883E+018,https://www.instagram.com/p/DYB_Pc2DhLC/?utm_source=ig_web_copy_link&igsh=MzRlODBiNWFlZA==,1.22951974315417E+016,https://www.instagram.com/p/DYB_Pc2DhLC/?utm_source=ig_web_copy_link&igsh=MzRlODBiNWFlZA==/c/12295197431541672/,Padahal makan bergizi masa hahaha 🤣,1778194141,7,665584816096169,bukanindah99,Fajar Santoso,https://scontent-iad6-1.cdninstagram.com/v/t51.82787-19/551057952_18479436106074710_8064216012374103146_n.jpg?stp=dst-jpg_s150x150_tt6&_nc_cat=100&ccb=7-5&_nc_sid=f7ccc5&efg=eyJ2ZW5jb2RlX3RhZyI6InByb2ZpbGVfcGljLnd3dy4xMDgwLkMzIn0%3D&_nc_ohc=zisp7lviP2UQ7kNvwGVckTa&_nc_oc=AdrP4WTEinqS-M0c1U5kitNgM9nRMhRgIz15SuIEqB1Icarxkh3GfM2v5jcWXonGHZs&_nc_zt=24&_nc_ht=scontent-iad6-1.cdninstagram.com&_nc_gid=WMI2tPWUAJnlmj3zmmGOgQ&_nc_ss=7d6a8&oh=00_Af6Pt6ofOyMjjmTz8I9Jp51xQ2V05t-WVRaS-M4bmdk-iw&oe=6A039416,bukanindah99,bukanindah99,FALSE,FALSE,2,2
3.89166969171883E+018,https://www.instagram.com/p/DYB_Pc2DhLC/?utm_source=ig_web_copy_link&igsh=MzRlODBiNWFlZA==,1.81313490121655E+016,https://www.instagram.com/p/DYB_Pc2DhLC/?utm_source=ig_web_copy_link&igsh=MzRlODBiNWFlZA==/c/18131349012165473/,@folkative coba jawab kritik pangan 🗿,1778220011,246,1092823101869468,tono_wahyuni99,Budi Putra,https://scontent-iad6-1.cdninstagram.com/v/t51.82787-19/551057952_18479436106074710_8064216012374103146_n.jpg?stp=dst-jpg_s150x150_tt6&_nc_cat=100&ccb=7-5&_nc_sid=f7ccc5&efg=eyJ2ZW5jb2RlX3RhZyI6InByb2ZpbGVfcGljLnd3dy4xMDgwLkMzIn0%3D&_nc_ohc=zisp7lviP2UQ7kNvwGVckTa&_nc_oc=AdrP4WTEinqS-M0c1U5kitNgM9nRMhRgIz15SuIEqB1Icarxkh3GfM2v5jcWXonGHZs&_nc_zt=24&_nc_ht=scontent-iad6-1.cdninstagram.com&_nc_gid=WMI2tPWUAJnlmj3zmmGOgQ&_nc_ss=7d6a8&oh=00_Af6Pt6ofOyMjjmTz8I9Jp51xQ2V05t-WVRaS-M4bmdk-iw&oe=6A039416,tono_wahyuni99,tono_wahyuni99,FALSE,FALSE,10,10
3.89166969171883E+018,https://www.instagram.com/p/DYB_Pc2DhLC/?utm_source=ig_web_copy_link&igsh=MzRlODBiNWFlZA==,1.80469523727595E+016,https://www.instagram.com/p/DYB_Pc2DhLC/?utm_source=ig_web_copy_link&igsh=MzRlODBiNWFlZA==/c/18046952372759492/,Gk resmi? Tapi mitra?,1778210074,3,1589555072,udahbesar,Faizi,https://scontent-iad6-1.cdninstagram.com/v/t51.2885-19/317251809_5619923311448883_51599133493207071_n.jpg?stp=dst-jpg_s150x150_tt6&_nc_cat=106&ccb=7-5&_nc_sid=f7ccc5&efg=eyJ2ZW5jb2RlX3RhZyI6InByb2ZpbGVfcGljLnd3dy4xMDgwLkMzIn0%3D&_nc_ohc=SViRQgIw840Q7kNvwGGEFjw&_nc_oc=Ador_MuB16Wb-4mNPovDnQNh7tTQBfzNmL-igxiy7JbgeOlE5dNGuoJGr69hvuh_8K0&_nc_zt=24&_nc_ht=scontent-iad6-1.cdninstagram.com&_nc_ss=7d6a8&oh=00_Af7NCQzVVaQICSeiSv3uhdovmSI-sp1D7Iol2oAcNbL4hg&oe=6A03B662,udahbesar,udahbesar,FALSE,FALSE,0,0
3.89166969171883E+018,https://www.instagram.com/p/DYB_Pc2DhLC/?utm_source=ig_web_copy_link&igsh=MzRlODBiNWFlZA==,1.5822712425569E+016,https://www.instagram.com/p/DYB_Pc2DhLC/?utm_source=ig_web_copy_link&igsh=MzRlODBiNWFlZA==/c/15822712425569032/,Bukannya copy paste? buset 🔥,1778166027,25,484543646564488,andi.ningsih9,Cahya Mulyadi,https://scontent-iad6-1.cdninstagram.com/v/t51.82787-19/551057952_18479436106074710_8064216012374103146_n.jpg?stp=dst-jpg_s150x150_tt6&_nc_cat=100&ccb=7-5&_nc_sid=f7ccc5&efg=eyJ2ZW5jb2RlX3RhZyI6InByb2ZpbGVfcGljLnd3dy4xMDgwLkMzIn0%3D&_nc_ohc=zisp7lviP2UQ7kNvwGVckTa&_nc_oc=AdrP4WTEinqS-M0c1U5kitNgM9nRMhRgIz15SuIEqB1Icarxkh3GfM2v5jcWXonGHZs&_nc_zt=24&_nc_ht=scontent-iad6-1.cdninstagram.com&_nc_gid=WMI2tPWUAJnlmj3zmmGOgQ&_nc_ss=7d6a8&oh=00_Af6Pt6ofOyMjjmTz8I9Jp51xQ2V05t-WVRaS-M4bmdk-iw&oe=6A039416,andi.ningsih9,andi.ningsih9,FALSE,FALSE,8,8
3.89166969171883E+018,https://www.instagram.com/p/DYB_Pc2DhLC/?utm_source=ig_web_copy_link&igsh=MzRlODBiNWFlZA==,1.47287394263561E+016,https://www.instagram.com/p/DYB_Pc2DhLC/?utm_source=ig_web_copy_link&igsh=MzRlODBiNWFlZA==/c/14728739426356093/,Udah dari dulu liat pemerintah wkwk,1778151041,29,1042368502709469,bukanxena7,Bukanxena7,https://scontent-iad6-1.cdninstagram.com/v/t51.82787-19/551057952_18479436106074710_8064216012374103146_n.jpg?stp=dst-jpg_s150x150_tt6&_nc_cat=100&ccb=7-5&_nc_sid=f7ccc5&efg=eyJ2ZW5jb2RlX3RhZyI6InByb2ZpbGVfcGljLnd3dy4xMDgwLkMzIn0%3D&_nc_ohc=zisp7lviP2UQ7kNvwGVckTa&_nc_oc=AdrP4WTEinqS-M0c1U5kitNgM9nRMhRgIz15SuIEqB1Icarxkh3GfM2v5jcWXonGHZs&_nc_zt=24&_nc_ht=scontent-iad6-1.cdninstagram.com&_nc_gid=WMI2tPWUAJnlmj3zmmGOgQ&_nc_ss=7d6a8&oh=00_Af6Pt6ofOyMjjmTz8I9Jp51xQ2V05t-WVRaS-M4bmdk-iw&oe=6A039416,bukanxena7,bukanxena7,FALSE,FALSE,0,0
3.89166969171883E+018,https://www.instagram.com/p/DYB_Pc2DhLC/?utm_source=ig_web_copy_link&igsh=MzRlODBiNWFlZA==,1.73993941966317E+016,https://www.instagram.com/p/DYB_Pc2DhLC/?utm_source=ig_web_copy_link&igsh=MzRlODBiNWFlZA==/c/17399394196631678/,@folkative tolong dong briefing bank buset,1778221900,5,904380498245602,umar.rachman123,Bella Anggraini,https://scontent-iad6-1.cdninstagram.com/v/t51.82787-19/551057952_18479436106074710_8064216012374103146_n.jpg?stp=dst-jpg_s150x150_tt6&_nc_cat=100&ccb=7-5&_nc_sid=f7ccc5&efg=eyJ2ZW5jb2RlX3RhZyI6InByb2ZpbGVfcGljLnd3dy4xMDgwLkMzIn0%3D&_nc_ohc=zisp7lviP2UQ7kNvwGVckTa&_nc_oc=AdrP4WTEinqS-M0c1U5kitNgM9nRMhRgIz15SuIEqB1Icarxkh3GfM2v5jcWXonGHZs&_nc_zt=24&_nc_ht=scontent-iad6-1.cdninstagram.com&_nc_gid=WMI2tPWUAJnlmj3zmmGOgQ&_nc_ss=7d6a8&oh=00_Af6Pt6ofOyMjjmTz8I9Jp51xQ2V05t-WVRaS-M4bmdk-iw&oe=6A039416,umar.rachman123,umar.rachman123,FALSE,FALSE,0,0
3.89166969171883E+018,https://www.instagram.com/p/DYB_Pc2DhLC/?utm_source=ig_web_copy_link&igsh=MzRlODBiNWFlZA==,1.80024578278735E+016,https://www.instagram.com/p/DYB_Pc2DhLC/?utm_source=ig_web_copy_link&igsh=MzRlODBiNWFlZA==/c/18002457827873457/,YUYUR YANGGHAL ✌🏻✌🏻,1778143359,1487,1270182817,illbesuccesful,Nin.,https://scontent-iad3-1.cdninstagram.com/v/t51.82787-19/542742280_18526005154038818_4622378683854550557_n.jpg?stp=dst-jpg_s150x150_tt6&_nc_cat=101&ccb=7-5&_nc_sid=f7ccc5&efg=eyJ2ZW5jb2RlX3RhZyI6InByb2ZpbGVfcGljLnd3dy44NjQuQzMifQ%3D%3D&_nc_ohc=cwon2P2i2LcQ7kNvwGTytur&_nc_oc=AdqfYlK3k7In_SMF8e0B90_1nK82S_1VBY99izec9vQ1omyuRlcME6LZKg00ui7PqkM&_nc_zt=24&_nc_ht=scontent-iad3-1.cdninstagram.com&_nc_gid=WMI2tPWUAJnlmj3zmmGOgQ&_nc_ss=7d6a8&oh=00_Af5s5IKFCb356YkL28z-vyw4eNsLbCpz61t9hU4f-1zN0g&oe=6A038590,illbesuccesful,illbesuccesful,FALSE,FALSE,6,6
3.89166969171883E+018,https://www.instagram.com/p/DYB_Pc2DhLC/?utm_source=ig_web_copy_link&igsh=MzRlODBiNWFlZA==,1.55941338639425E+016,https://www.instagram.com/p/DYB_Pc2DhLC/?utm_source=ig_web_copy_link&igsh=MzRlODBiNWFlZA==/c/15594133863942536/,Pemerintah klaim hoax? 🤣,1778147377,24,128289221364712,idyanti7,Idyanti7,https://scontent-iad6-1.cdninstagram.com/v/t51.82787-19/551057952_18479436106074710_8064216012374103146_n.jpg?stp=dst-jpg_s150x150_tt6&_nc_cat=100&ccb=7-5&_nc_sid=f7ccc5&efg=eyJ2ZW5jb2RlX3RhZyI6InByb2ZpbGVfcGljLnd3dy4xMDgwLkMzIn0%3D&_nc_ohc=zisp7lviP2UQ7kNvwGVckTa&_nc_oc=AdrP4WTEinqS-M0c1U5kitNgM9nRMhRgIz15SuIEqB1Icarxkh3GfM2v5jcWXonGHZs&_nc_zt=24&_nc_ht=scontent-iad6-1.cdninstagram.com&_nc_gid=WMI2tPWUAJnlmj3zmmGOgQ&_nc_ss=7d6a8&oh=00_Af6Pt6ofOyMjjmTz8I9Jp51xQ2V05t-WVRaS-M4bmdk-iw&oe=6A039416,idyanti7,idyanti7,FALSE,FALSE,6,6
3.89166969171883E+018,https://www.instagram.com/p/DYB_Pc2DhLC/?utm_source=ig_web_copy_link&igsh=MzRlODBiNWFlZA==,1.14618744804119E+016,https://www.instagram.com/p/DYB_Pc2DhLC/?utm_source=ig_web_copy_link&igsh=MzRlODBiNWFlZA==/c/11461874480411935/,Template mirip 🗿,1778239057,280,1013134978675442,putri_kusuma5,Putri_kusuma5,https://scontent-iad6-1.cdninstagram.com/v/t51.82787-19/551057952_18479436106074710_8064216012374103146_n.jpg?stp=dst-jpg_s150x150_tt6&_nc_cat=100&ccb=7-5&_nc_sid=f7ccc5&efg=eyJ2ZW5jb2RlX3RhZyI6InByb2ZpbGVfcGljLnd3dy4xMDgwLkMzIn0%3D&_nc_ohc=zisp7lviP2UQ7kNvwGVckTa&_nc_oc=AdrP4WTEinqS-M0c1U5kitNgM9nRMhRgIz15SuIEqB1Icarxkh3GfM2v5jcWXonGHZs&_nc_zt=24&_nc_ht=scontent-iad6-1.cdninstagram.com&_nc_gid=WMI2tPWUAJnlmj3zmmGOgQ&_nc_ss=7d6a8&oh=00_Af6Pt6ofOyMjjmTz8I9Jp51xQ2V05t-WVRaS-M4bmdk-iw&oe=6A039416,putri_kusuma5,putri_kusuma5,FALSE,FALSE,7,7
3.89166969171883E+018,https://www.instagram.com/p/DYB_Pc2DhLC/?utm_source=ig_web_copy_link&igsh=MzRlODBiNWFlZA==,1.80630266424237E+016,https://www.instagram.com/p/DYB_Pc2DhLC/?utm_source=ig_web_copy_link&igsh=MzRlODBiNWFlZA==/c/18063026642423724/,"Intinya @folkative  ANGGOTA INMF Titik. Lucu yaa ""Media Mitra Pemerintah"" 
Emang akal-akalan pemerintah dan Sama² mau Duit Gede.",1778156289,13,3408762291,amad_rajinbekerja,Akhmad Setiadi,https://scontent-iad3-2.cdninstagram.com/v/t51.82787-19/518370327_18400760953114292_7581749262506914587_n.jpg?stp=dst-jpg_s150x150_tt6&_nc_cat=111&ccb=7-5&_nc_sid=f7ccc5&efg=eyJ2ZW5jb2RlX3RhZyI6InByb2ZpbGVfcGljLnd3dy4xMDgwLkMzIn0%3D&_nc_ohc=D4U3tnV1Zh0Q7kNvwEJqf5M&_nc_oc=AdpoLI4E9XGK1Rk19TVAXjEC-_rbrSXecnMlgqqfBsx6_1kReMEPAW2-ANHX-RNdZYM&_nc_zt=24&_nc_ht=scontent-iad3-2.cdninstagram.com&_nc_gid=YMPpvY4wT3w-fWrbEdZEIA&_nc_ss=7d6a8&oh=00_Af5H0pZE2BhlyRpt1w5umfIRc7Sg2BxiQBLMiWOrnRM1Zg&oe=6A039E70,amad_rajinbekerja,amad_rajinbekerja,FALSE,FALSE,0,0
3.89166969171883E+018,https://www.instagram.com/p/DYB_Pc2DhLC/?utm_source=ig_web_copy_link&igsh=MzRlODBiNWFlZA==,1.27241156502146E+016,https://www.instagram.com/p/DYB_Pc2DhLC/?utm_source=ig_web_copy_link&igsh=MzRlODBiNWFlZA==/c/12724115650214556/,Template mirip hahaha astaga,1778174152,29,1005584582431126,bukanyanti321,Bukanyanti321,https://scontent-iad6-1.cdninstagram.com/v/t51.82787-19/551057952_18479436106074710_8064216012374103146_n.jpg?stp=dst-jpg_s150x150_tt6&_nc_cat=100&ccb=7-5&_nc_sid=f7ccc5&efg=eyJ2ZW5jb2RlX3RhZyI6InByb2ZpbGVfcGljLnd3dy4xMDgwLkMzIn0%3D&_nc_ohc=zisp7lviP2UQ7kNvwGVckTa&_nc_oc=AdrP4WTEinqS-M0c1U5kitNgM9nRMhRgIz15SuIEqB1Icarxkh3GfM2v5jcWXonGHZs&_nc_zt=24&_nc_ht=scontent-iad6-1.cdninstagram.com&_nc_gid=WMI2tPWUAJnlmj3zmmGOgQ&_nc_ss=7d6a8&oh=00_Af6Pt6ofOyMjjmTz8I9Jp51xQ2V05t-WVRaS-M4bmdk-iw&oe=6A039416,bukanyanti321,bukanyanti321,FALSE,FALSE,3,3
3.89166969171883E+018,https://www.instagram.com/p/DYB_Pc2DhLC/?utm_source=ig_web_copy_link&igsh=MzRlODBiNWFlZA==,1.79656886969132E+016,https://www.instagram.com/p/DYB_Pc2DhLC/?utm_source=ig_web_copy_link&igsh=MzRlODBiNWFlZA==/c/17965688696913162/,Pada klarifikasi ga terlibat. Berarti Qodari nyebar hoax dong🤣,1778144339,869,2036261593,zizzahzackya,Zakiyatul Azizah🐣,https://scontent-iad6-1.cdninstagram.com/v/t51.82787-19/619513126_18515479513069594_4049685576943018536_n.jpg?stp=dst-jpg_s150x150_tt6&_nc_cat=107&ccb=7-5&_nc_sid=f7ccc5&efg=eyJ2ZW5jb2RlX3RhZyI6InByb2ZpbGVfcGljLnd3dy4xMDgwLkMzIn0%3D&_nc_ohc=PBjHxdd6ESMQ7kNvwGRmBwM&_nc_oc=Ado4Tngz6hREHm6SHou_r6KK4a-jfCOTF8Uxdxk7qjePRuAyWDyTaXl12qGVZQNOsSg&_nc_zt=24&_nc_ht=scontent-iad6-1.cdninstagram.com&_nc_gid=WMI2tPWUAJnlmj3zmmGOgQ&_nc_ss=7d6a8&oh=00_Af53iHiQycmB_NILpLLmcEHY1YluoGa4QT9Efg0upx9Xkg&oe=6A03B6F5,zizzahzackya,zizzahzackya,FALSE,FALSE,33,33
3.89166969171883E+018,https://www.instagram.com/p/DYB_Pc2DhLC/?utm_source=ig_web_copy_link&igsh=MzRlODBiNWFlZA==,1.31369897496279E+016,https://www.instagram.com/p/DYB_Pc2DhLC/?utm_source=ig_web_copy_link&igsh=MzRlODBiNWFlZA==/c/13136989749627867/,Padahal skandal masa hahaha,1778155968,447,1063681644456646,intan.wahyuni5,Intan.wahyuni5,https://scontent-iad6-1.cdninstagram.com/v/t51.82787-19/551057952_18479436106074710_8064216012374103146_n.jpg?stp=dst-jpg_s150x150_tt6&_nc_cat=100&ccb=7-5&_nc_sid=f7ccc5&efg=eyJ2ZW5jb2RlX3RhZyI6InByb2ZpbGVfcGljLnd3dy4xMDgwLkMzIn0%3D&_nc_ohc=zisp7lviP2UQ7kNvwGVckTa&_nc_oc=AdrP4WTEinqS-M0c1U5kitNgM9nRMhRgIz15SuIEqB1Icarxkh3GfM2v5jcWXonGHZs&_nc_zt=24&_nc_ht=scontent-iad6-1.cdninstagram.com&_nc_gid=WMI2tPWUAJnlmj3zmmGOgQ&_nc_ss=7d6a8&oh=00_Af6Pt6ofOyMjjmTz8I9Jp51xQ2V05t-WVRaS-M4bmdk-iw&oe=6A039416,intan.wahyuni5,intan.wahyuni5,FALSE,FALSE,7,7
3.89166969171883E+018,https://www.instagram.com/p/DYB_Pc2DhLC/?utm_source=ig_web_copy_link&igsh=MzRlODBiNWFlZA==,1.81570759544575E+016,https://www.instagram.com/p/DYB_Pc2DhLC/?utm_source=ig_web_copy_link&igsh=MzRlODBiNWFlZA==/c/18157075954457517/,Masaaaa wkwkkwkw,1778154885,3,9193360027,sabil411_,M Sabil,https://scontent-iad3-1.cdninstagram.com/v/t51.82787-19/590705855_18275697751304028_7906912868405641502_n.jpg?stp=dst-jpg_s150x150_tt6&_nc_cat=101&ccb=7-5&_nc_sid=f7ccc5&efg=eyJ2ZW5jb2RlX3RhZyI6InByb2ZpbGVfcGljLnd3dy4xMDgwLkMzIn0%3D&_nc_ohc=Z_HkiYtz36AQ7kNvwEXM9PD&_nc_oc=Adp0XWQRPkf_6hskYdbpCNrIzjcgyRxwpsKG1ncVtngsSzUzdDY1YKxXJaJ0fQSputQ&_nc_zt=24&_nc_ht=scontent-iad3-1.cdninstagram.com&_nc_gid=OPk-UPwzzI7cD03qvCgHGQ&_nc_ss=7d6a8&oh=00_Af5lhEfxln0OtYrD0dPutZDlIHdCdCfoRSYgKParavWPJg&oe=6A03AAA8,sabil411_,sabil411_,TRUE,FALSE,0,0
3.89166969171883E+018,https://www.instagram.com/p/DYB_Pc2DhLC/?utm_source=ig_web_copy_link&igsh=MzRlODBiNWFlZA==,1.4209430052348E+016,https://www.instagram.com/p/DYB_Pc2DhLC/?utm_source=ig_web_copy_link&igsh=MzRlODBiNWFlZA==/c/14209430052348019/,🤣 rezim copy paste kak,1778182183,200,1086388558977042,andi__5,Cahya Anggraini,https://scontent-iad6-1.cdninstagram.com/v/t51.82787-19/551057952_18479436106074710_8064216012374103146_n.jpg?stp=dst-jpg_s150x150_tt6&_nc_cat=100&ccb=7-5&_nc_sid=f7ccc5&efg=eyJ2ZW5jb2RlX3RhZyI6InByb2ZpbGVfcGljLnd3dy4xMDgwLkMzIn0%3D&_nc_ohc=zisp7lviP2UQ7kNvwGVckTa&_nc_oc=AdrP4WTEinqS-M0c1U5kitNgM9nRMhRgIz15SuIEqB1Icarxkh3GfM2v5jcWXonGHZs&_nc_zt=24&_nc_ht=scontent-iad6-1.cdninstagram.com&_nc_gid=WMI2tPWUAJnlmj3zmmGOgQ&_nc_ss=7d6a8&oh=00_Af6Pt6ofOyMjjmTz8I9Jp51xQ2V05t-WVRaS-M4bmdk-iw&oe=6A039416,andi__5,andi__5,FALSE,FALSE,5,5
3.89166969171883E+018,https://www.instagram.com/p/DYB_Pc2DhLC/?utm_source=ig_web_copy_link&igsh=MzRlODBiNWFlZA==,1.68693041346816E+016,https://www.instagram.com/p/DYB_Pc2DhLC/?utm_source=ig_web_copy_link&igsh=MzRlODBiNWFlZA==/c/16869304134681642/,Template copas 💀 buset,1778180808,43,988792335605314,made88,Bella Utami,https://scontent-iad6-1.cdninstagram.com/v/t51.82787-19/551057952_18479436106074710_8064216012374103146_n.jpg?stp=dst-jpg_s150x150_tt6&_nc_cat=100&ccb=7-5&_nc_sid=f7ccc5&efg=eyJ2ZW5jb2RlX3RhZyI6InByb2ZpbGVfcGljLnd3dy4xMDgwLkMzIn0%3D&_nc_ohc=zisp7lviP2UQ7kNvwGVckTa&_nc_oc=AdrP4WTEinqS-M0c1U5kitNgM9nRMhRgIz15SuIEqB1Icarxkh3GfM2v5jcWXonGHZs&_nc_zt=24&_nc_ht=scontent-iad6-1.cdninstagram.com&_nc_gid=WMI2tPWUAJnlmj3zmmGOgQ&_nc_ss=7d6a8&oh=00_Af6Pt6ofOyMjjmTz8I9Jp51xQ2V05t-WVRaS-M4bmdk-iw&oe=6A039416,made88,made88,FALSE,FALSE,6,6
3.89166969171883E+018,https://www.instagram.com/p/DYB_Pc2DhLC/?utm_source=ig_web_copy_link&igsh=MzRlODBiNWFlZA==,1.29776851285467E+016,https://www.instagram.com/p/DYB_Pc2DhLC/?utm_source=ig_web_copy_link&igsh=MzRlODBiNWFlZA==/c/12977685128546653/,Emang kritik? 🗿 🙌,1778204878,427,994999361000954,cahyaanggraini4,Cahyaanggraini4,https://scontent-iad6-1.cdninstagram.com/v/t51.82787-19/551057952_18479436106074710_8064216012374103146_n.jpg?stp=dst-jpg_s150x150_tt6&_nc_cat=100&ccb=7-5&_nc_sid=f7ccc5&efg=eyJ2ZW5jb2RlX3RhZyI6InByb2ZpbGVfcGljLnd3dy4xMDgwLkMzIn0%3D&_nc_ohc=zisp7lviP2UQ7kNvwGVckTa&_nc_oc=AdrP4WTEinqS-M0c1U5kitNgM9nRMhRgIz15SuIEqB1Icarxkh3GfM2v5jcWXonGHZs&_nc_zt=24&_nc_ht=scontent-iad6-1.cdninstagram.com&_nc_gid=WMI2tPWUAJnlmj3zmmGOgQ&_nc_ss=7d6a8&oh=00_Af6Pt6ofOyMjjmTz8I9Jp51xQ2V05t-WVRaS-M4bmdk-iw&oe=6A039416,cahyaanggraini4,cahyaanggraini4,FALSE,FALSE,18,18
3.89166969171883E+018,https://www.instagram.com/p/DYB_Pc2DhLC/?utm_source=ig_web_copy_link&igsh=MzRlODBiNWFlZA==,1.1139185923895E+016,https://www.instagram.com/p/DYB_Pc2DhLC/?utm_source=ig_web_copy_link&igsh=MzRlODBiNWFlZA==/c/11139185923894950/,waduh qodari kritik cuy,1778220475,36,377884638076389,bukanhadi88,Bukanhadi88,https://scontent-iad6-1.cdninstagram.com/v/t51.82787-19/551057952_18479436106074710_8064216012374103146_n.jpg?stp=dst-jpg_s150x150_tt6&_nc_cat=100&ccb=7-5&_nc_sid=f7ccc5&efg=eyJ2ZW5jb2RlX3RhZyI6InByb2ZpbGVfcGljLnd3dy4xMDgwLkMzIn0%3D&_nc_ohc=zisp7lviP2UQ7kNvwGVckTa&_nc_oc=AdrP4WTEinqS-M0c1U5kitNgM9nRMhRgIz15SuIEqB1Icarxkh3GfM2v5jcWXonGHZs&_nc_zt=24&_nc_ht=scontent-iad6-1.cdninstagram.com&_nc_gid=WMI2tPWUAJnlmj3zmmGOgQ&_nc_ss=7d6a8&oh=00_Af6Pt6ofOyMjjmTz8I9Jp51xQ2V05t-WVRaS-M4bmdk-iw&oe=6A039416,bukanhadi88,bukanhadi88,FALSE,FALSE,1,1
3.89166969171883E+018,https://www.instagram.com/p/DYB_Pc2DhLC/?utm_source=ig_web_copy_link&igsh=MzRlODBiNWFlZA==,1.61721833951576E+016,https://www.instagram.com/p/DYB_Pc2DhLC/?utm_source=ig_web_copy_link&igsh=MzRlODBiNWFlZA==/c/16172183395157638/,Seharusnya BNI masa serius? gila,1778207555,16,527204991344066,bukanrina10,Oscar Anggraini,https://scontent-iad6-1.cdninstagram.com/v/t51.82787-19/551057952_18479436106074710_8064216012374103146_n.jpg?stp=dst-jpg_s150x150_tt6&_nc_cat=100&ccb=7-5&_nc_sid=f7ccc5&efg=eyJ2ZW5jb2RlX3RhZyI6InByb2ZpbGVfcGljLnd3dy4xMDgwLkMzIn0%3D&_nc_ohc=zisp7lviP2UQ7kNvwGVckTa&_nc_oc=AdrP4WTEinqS-M0c1U5kitNgM9nRMhRgIz15SuIEqB1Icarxkh3GfM2v5jcWXonGHZs&_nc_zt=24&_nc_ht=scontent-iad6-1.cdninstagram.com&_nc_gid=WMI2tPWUAJnlmj3zmmGOgQ&_nc_ss=7d6a8&oh=00_Af6Pt6ofOyMjjmTz8I9Jp51xQ2V05t-WVRaS-M4bmdk-iw&oe=6A039416,bukanrina10,bukanrina10,FALSE,FALSE,3,3
3.89166969171883E+018,https://www.instagram.com/p/DYB_Pc2DhLC/?utm_source=ig_web_copy_link&igsh=MzRlODBiNWFlZA==,1.45019508561926E+016,https://www.instagram.com/p/DYB_Pc2DhLC/?utm_source=ig_web_copy_link&igsh=MzRlODBiNWFlZA==/c/14501950856192565/,@folkative tolong dong copy paste swasembada serius?,1778143392,43,805909214727593,hadilol3,Hadilol3,https://scontent-iad6-1.cdninstagram.com/v/t51.82787-19/551057952_18479436106074710_8064216012374103146_n.jpg?stp=dst-jpg_s150x150_tt6&_nc_cat=100&ccb=7-5&_nc_sid=f7ccc5&efg=eyJ2ZW5jb2RlX3RhZyI6InByb2ZpbGVfcGljLnd3dy4xMDgwLkMzIn0%3D&_nc_ohc=zisp7lviP2UQ7kNvwGVckTa&_nc_oc=AdrP4WTEinqS-M0c1U5kitNgM9nRMhRgIz15SuIEqB1Icarxkh3GfM2v5jcWXonGHZs&_nc_zt=24&_nc_ht=scontent-iad6-1.cdninstagram.com&_nc_gid=WMI2tPWUAJnlmj3zmmGOgQ&_nc_ss=7d6a8&oh=00_Af6Pt6ofOyMjjmTz8I9Jp51xQ2V05t-WVRaS-M4bmdk-iw&oe=6A039416,hadilol3,hadilol3,FALSE,FALSE,0,0
3.89166969171883E+018,https://www.instagram.com/p/DYB_Pc2DhLC/?utm_source=ig_web_copy_link&igsh=MzRlODBiNWFlZA==,1.33736949730893E+016,https://www.instagram.com/p/DYB_Pc2DhLC/?utm_source=ig_web_copy_link&igsh=MzRlODBiNWFlZA==/c/13373694973089312/,Berarti cuci tangan? hahaha 🔥,1778163883,73,738974934957003,dongleni8,Maya Mulyadi,https://scontent-iad6-1.cdninstagram.com/v/t51.82787-19/551057952_18479436106074710_8064216012374103146_n.jpg?stp=dst-jpg_s150x150_tt6&_nc_cat=100&ccb=7-5&_nc_sid=f7ccc5&efg=eyJ2ZW5jb2RlX3RhZyI6InByb2ZpbGVfcGljLnd3dy4xMDgwLkMzIn0%3D&_nc_ohc=zisp7lviP2UQ7kNvwGVckTa&_nc_oc=AdrP4WTEinqS-M0c1U5kitNgM9nRMhRgIz15SuIEqB1Icarxkh3GfM2v5jcWXonGHZs&_nc_zt=24&_nc_ht=scontent-iad6-1.cdninstagram.com&_nc_gid=WMI2tPWUAJnlmj3zmmGOgQ&_nc_ss=7d6a8&oh=00_Af6Pt6ofOyMjjmTz8I9Jp51xQ2V05t-WVRaS-M4bmdk-iw&oe=6A039416,dongleni8,dongleni8,FALSE,FALSE,7,7
3.89166969171883E+018,https://www.instagram.com/p/DYB_Pc2DhLC/?utm_source=ig_web_copy_link&igsh=MzRlODBiNWFlZA==,1.63348317674212E+016,https://www.instagram.com/p/DYB_Pc2DhLC/?utm_source=ig_web_copy_link&igsh=MzRlODBiNWFlZA==/c/16334831767421234/,@folkative serius nih cuci tangan qodari wkwk,1778184885,6,200792625429800,dewi_permadi12,Dewi_permadi12,https://scontent-iad6-1.cdninstagram.com/v/t51.82787-19/551057952_18479436106074710_8064216012374103146_n.jpg?stp=dst-jpg_s150x150_tt6&_nc_cat=100&ccb=7-5&_nc_sid=f7ccc5&efg=eyJ2ZW5jb2RlX3RhZyI6InByb2ZpbGVfcGljLnd3dy4xMDgwLkMzIn0%3D&_nc_ohc=zisp7lviP2UQ7kNvwGVckTa&_nc_oc=AdrP4WTEinqS-M0c1U5kitNgM9nRMhRgIz15SuIEqB1Icarxkh3GfM2v5jcWXonGHZs&_nc_zt=24&_nc_ht=scontent-iad6-1.cdninstagram.com&_nc_gid=WMI2tPWUAJnlmj3zmmGOgQ&_nc_ss=7d6a8&oh=00_Af6Pt6ofOyMjjmTz8I9Jp51xQ2V05t-WVRaS-M4bmdk-iw&oe=6A039416,dewi_permadi12,dewi_permadi12,FALSE,FALSE,2,2
3.89166969171883E+018,https://www.instagram.com/p/DYB_Pc2DhLC/?utm_source=ig_web_copy_link&igsh=MzRlODBiNWFlZA==,1.83894437959388E+016,https://www.instagram.com/p/DYB_Pc2DhLC/?utm_source=ig_web_copy_link&igsh=MzRlODBiNWFlZA==/c/18389443795938811/,Berarti cuci tangan? masa sih,1778208217,25,732853057059234,citrasantoso12,Kartika Purnomo,https://scontent-iad6-1.cdninstagram.com/v/t51.82787-19/551057952_18479436106074710_8064216012374103146_n.jpg?stp=dst-jpg_s150x150_tt6&_nc_cat=100&ccb=7-5&_nc_sid=f7ccc5&efg=eyJ2ZW5jb2RlX3RhZyI6InByb2ZpbGVfcGljLnd3dy4xMDgwLkMzIn0%3D&_nc_ohc=zisp7lviP2UQ7kNvwGVckTa&_nc_oc=AdrP4WTEinqS-M0c1U5kitNgM9nRMhRgIz15SuIEqB1Icarxkh3GfM2v5jcWXonGHZs&_nc_zt=24&_nc_ht=scontent-iad6-1.cdninstagram.com&_nc_gid=WMI2tPWUAJnlmj3zmmGOgQ&_nc_ss=7d6a8&oh=00_Af6Pt6ofOyMjjmTz8I9Jp51xQ2V05t-WVRaS-M4bmdk-iw&oe=6A039416,citrasantoso12,citrasantoso12,FALSE,FALSE,1,1
3.89166969171883E+018,https://www.instagram.com/p/DYB_Pc2DhLC/?utm_source=ig_web_copy_link&igsh=MzRlODBiNWFlZA==,1.02638099641021E+016,https://www.instagram.com/p/DYB_Pc2DhLC/?utm_source=ig_web_copy_link&igsh=MzRlODBiNWFlZA==/c/10263809964102126/,hahaha buzzer panik cuy,1778204000,323,957765360087822,bella_putra321,Bella_putra321,https://scontent-iad6-1.cdninstagram.com/v/t51.82787-19/551057952_18479436106074710_8064216012374103146_n.jpg?stp=dst-jpg_s150x150_tt6&_nc_cat=100&ccb=7-5&_nc_sid=f7ccc5&efg=eyJ2ZW5jb2RlX3RhZyI6InByb2ZpbGVfcGljLnd3dy4xMDgwLkMzIn0%3D&_nc_ohc=zisp7lviP2UQ7kNvwGVckTa&_nc_oc=AdrP4WTEinqS-M0c1U5kitNgM9nRMhRgIz15SuIEqB1Icarxkh3GfM2v5jcWXonGHZs&_nc_zt=24&_nc_ht=scontent-iad6-1.cdninstagram.com&_nc_gid=WMI2tPWUAJnlmj3zmmGOgQ&_nc_ss=7d6a8&oh=00_Af6Pt6ofOyMjjmTz8I9Jp51xQ2V05t-WVRaS-M4bmdk-iw&oe=6A039416,bella_putra321,bella_putra321,FALSE,FALSE,2,2
3.89166969171883E+018,https://www.instagram.com/p/DYB_Pc2DhLC/?utm_source=ig_web_copy_link&igsh=MzRlODBiNWFlZA==,1.98858810998385E+016,https://www.instagram.com/p/DYB_Pc2DhLC/?utm_source=ig_web_copy_link&igsh=MzRlODBiNWFlZA==/c/19885881099838498/,astaga panik nih buzer,1778223108,28,150369274350680,belladah10,Belladah10,https://scontent-iad6-1.cdninstagram.com/v/t51.82787-19/551057952_18479436106074710_8064216012374103146_n.jpg?stp=dst-jpg_s150x150_tt6&_nc_cat=100&ccb=7-5&_nc_sid=f7ccc5&efg=eyJ2ZW5jb2RlX3RhZyI6InByb2ZpbGVfcGljLnd3dy4xMDgwLkMzIn0%3D&_nc_ohc=zisp7lviP2UQ7kNvwGVckTa&_nc_oc=AdrP4WTEinqS-M0c1U5kitNgM9nRMhRgIz15SuIEqB1Icarxkh3GfM2v5jcWXonGHZs&_nc_zt=24&_nc_ht=scontent-iad6-1.cdninstagram.com&_nc_gid=WMI2tPWUAJnlmj3zmmGOgQ&_nc_ss=7d6a8&oh=00_Af6Pt6ofOyMjjmTz8I9Jp51xQ2V05t-WVRaS-M4bmdk-iw&oe=6A039416,belladah10,belladah10,FALSE,FALSE,6,6
3.89166969171883E+018,https://www.instagram.com/p/DYB_Pc2DhLC/?utm_source=ig_web_copy_link&igsh=MzRlODBiNWFlZA==,1.21624597292748E+016,https://www.instagram.com/p/DYB_Pc2DhLC/?utm_source=ig_web_copy_link&igsh=MzRlODBiNWFlZA==/c/12162459729274754/,Qodari bilang darimana? 🗿,1778190083,41,624213034191501,putri621,Putri621,https://scontent-iad6-1.cdninstagram.com/v/t51.82787-19/551057952_18479436106074710_8064216012374103146_n.jpg?stp=dst-jpg_s150x150_tt6&_nc_cat=100&ccb=7-5&_nc_sid=f7ccc5&efg=eyJ2ZW5jb2RlX3RhZyI6InByb2ZpbGVfcGljLnd3dy4xMDgwLkMzIn0%3D&_nc_ohc=zisp7lviP2UQ7kNvwGVckTa&_nc_oc=AdrP4WTEinqS-M0c1U5kitNgM9nRMhRgIz15SuIEqB1Icarxkh3GfM2v5jcWXonGHZs&_nc_zt=24&_nc_ht=scontent-iad6-1.cdninstagram.com&_nc_gid=WMI2tPWUAJnlmj3zmmGOgQ&_nc_ss=7d6a8&oh=00_Af6Pt6ofOyMjjmTz8I9Jp51xQ2V05t-WVRaS-M4bmdk-iw&oe=6A039416,putri621,putri621,FALSE,FALSE,2,2
3.89166969171883E+018,https://www.instagram.com/p/DYB_Pc2DhLC/?utm_source=ig_web_copy_link&igsh=MzRlODBiNWFlZA==,1.22755056276281E+016,https://www.instagram.com/p/DYB_Pc2DhLC/?utm_source=ig_web_copy_link&igsh=MzRlODBiNWFlZA==/c/12275505627628109/,astaga cuci tangan ya istana,1778145712,36,691996196050508,ernasiregar11,Vina Wijaya,https://scontent-iad6-1.cdninstagram.com/v/t51.82787-19/551057952_18479436106074710_8064216012374103146_n.jpg?stp=dst-jpg_s150x150_tt6&_nc_cat=100&ccb=7-5&_nc_sid=f7ccc5&efg=eyJ2ZW5jb2RlX3RhZyI6InByb2ZpbGVfcGljLnd3dy4xMDgwLkMzIn0%3D&_nc_ohc=zisp7lviP2UQ7kNvwGVckTa&_nc_oc=AdrP4WTEinqS-M0c1U5kitNgM9nRMhRgIz15SuIEqB1Icarxkh3GfM2v5jcWXonGHZs&_nc_zt=24&_nc_ht=scontent-iad6-1.cdninstagram.com&_nc_gid=WMI2tPWUAJnlmj3zmmGOgQ&_nc_ss=7d6a8&oh=00_Af6Pt6ofOyMjjmTz8I9Jp51xQ2V05t-WVRaS-M4bmdk-iw&oe=6A039416,ernasiregar11,ernasiregar11,FALSE,FALSE,3,3
3.89166969171883E+018,https://www.instagram.com/p/DYB_Pc2DhLC/?utm_source=ig_web_copy_link&igsh=MzRlODBiNWFlZA==,1.58487557588789E+016,https://www.instagram.com/p/DYB_Pc2DhLC/?utm_source=ig_web_copy_link&igsh=MzRlODBiNWFlZA==/c/15848755758878851/,Ngeri briefing? astaga serius?,1778207337,28,848409203198519,gita.wijaya6,Oscar Siregar,https://scontent-iad6-1.cdninstagram.com/v/t51.82787-19/551057952_18479436106074710_8064216012374103146_n.jpg?stp=dst-jpg_s150x150_tt6&_nc_cat=100&ccb=7-5&_nc_sid=f7ccc5&efg=eyJ2ZW5jb2RlX3RhZyI6InByb2ZpbGVfcGljLnd3dy4xMDgwLkMzIn0%3D&_nc_ohc=zisp7lviP2UQ7kNvwGVckTa&_nc_oc=AdrP4WTEinqS-M0c1U5kitNgM9nRMhRgIz15SuIEqB1Icarxkh3GfM2v5jcWXonGHZs&_nc_zt=24&_nc_ht=scontent-iad6-1.cdninstagram.com&_nc_gid=WMI2tPWUAJnlmj3zmmGOgQ&_nc_ss=7d6a8&oh=00_Af6Pt6ofOyMjjmTz8I9Jp51xQ2V05t-WVRaS-M4bmdk-iw&oe=6A039416,gita.wijaya6,gita.wijaya6,FALSE,FALSE,2,2
3.89166969171883E+018,https://www.instagram.com/p/DYB_Pc2DhLC/?utm_source=ig_web_copy_link&igsh=MzRlODBiNWFlZA==,1.67082234199753E+016,https://www.instagram.com/p/DYB_Pc2DhLC/?utm_source=ig_web_copy_link&igsh=MzRlODBiNWFlZA==/c/16708223419975253/,💀 template ya pemerintah 🙌,1778218984,90,649928983504623,indah269,Indah269,https://scontent-iad6-1.cdninstagram.com/v/t51.82787-19/551057952_18479436106074710_8064216012374103146_n.jpg?stp=dst-jpg_s150x150_tt6&_nc_cat=100&ccb=7-5&_nc_sid=f7ccc5&efg=eyJ2ZW5jb2RlX3RhZyI6InByb2ZpbGVfcGljLnd3dy4xMDgwLkMzIn0%3D&_nc_ohc=zisp7lviP2UQ7kNvwGVckTa&_nc_oc=AdrP4WTEinqS-M0c1U5kitNgM9nRMhRgIz15SuIEqB1Icarxkh3GfM2v5jcWXonGHZs&_nc_zt=24&_nc_ht=scontent-iad6-1.cdninstagram.com&_nc_gid=WMI2tPWUAJnlmj3zmmGOgQ&_nc_ss=7d6a8&oh=00_Af6Pt6ofOyMjjmTz8I9Jp51xQ2V05t-WVRaS-M4bmdk-iw&oe=6A039416,indah269,indah269,FALSE,FALSE,0,0
3.89166969171883E+018,https://www.instagram.com/p/DYB_Pc2DhLC/?utm_source=ig_web_copy_link&igsh=MzRlODBiNWFlZA==,1.7552512894693E+016,https://www.instagram.com/p/DYB_Pc2DhLC/?utm_source=ig_web_copy_link&igsh=MzRlODBiNWFlZA==/c/17552512894693036/,Istana briefing beneran? wkwk,1778208293,408,806445494393552,sari940,Sari940,https://scontent-iad6-1.cdninstagram.com/v/t51.82787-19/551057952_18479436106074710_8064216012374103146_n.jpg?stp=dst-jpg_s150x150_tt6&_nc_cat=100&ccb=7-5&_nc_sid=f7ccc5&efg=eyJ2ZW5jb2RlX3RhZyI6InByb2ZpbGVfcGljLnd3dy4xMDgwLkMzIn0%3D&_nc_ohc=zisp7lviP2UQ7kNvwGVckTa&_nc_oc=AdrP4WTEinqS-M0c1U5kitNgM9nRMhRgIz15SuIEqB1Icarxkh3GfM2v5jcWXonGHZs&_nc_zt=24&_nc_ht=scontent-iad6-1.cdninstagram.com&_nc_gid=WMI2tPWUAJnlmj3zmmGOgQ&_nc_ss=7d6a8&oh=00_Af6Pt6ofOyMjjmTz8I9Jp51xQ2V05t-WVRaS-M4bmdk-iw&oe=6A039416,sari940,sari940,FALSE,FALSE,19,19
3.89166969171883E+018,https://www.instagram.com/p/DYB_Pc2DhLC/?utm_source=ig_web_copy_link&igsh=MzRlODBiNWFlZA==,1.62113847703828E+016,https://www.instagram.com/p/DYB_Pc2DhLC/?utm_source=ig_web_copy_link&igsh=MzRlODBiNWFlZA==/c/16211384770382821/,Unfollow dengan istana 🙌 🙌,1778199338,1417,719630063187835,made3,Budi Mulyadi,https://scontent-iad6-1.cdninstagram.com/v/t51.82787-19/551057952_18479436106074710_8064216012374103146_n.jpg?stp=dst-jpg_s150x150_tt6&_nc_cat=100&ccb=7-5&_nc_sid=f7ccc5&efg=eyJ2ZW5jb2RlX3RhZyI6InByb2ZpbGVfcGljLnd3dy4xMDgwLkMzIn0%3D&_nc_ohc=zisp7lviP2UQ7kNvwGVckTa&_nc_oc=AdrP4WTEinqS-M0c1U5kitNgM9nRMhRgIz15SuIEqB1Icarxkh3GfM2v5jcWXonGHZs&_nc_zt=24&_nc_ht=scontent-iad6-1.cdninstagram.com&_nc_gid=WMI2tPWUAJnlmj3zmmGOgQ&_nc_ss=7d6a8&oh=00_Af6Pt6ofOyMjjmTz8I9Jp51xQ2V05t-WVRaS-M4bmdk-iw&oe=6A039416,made3,made3,FALSE,FALSE,39,39
3.89166969171883E+018,https://www.instagram.com/p/DYB_Pc2DhLC/?utm_source=ig_web_copy_link&igsh=MzRlODBiNWFlZA==,1.85805047240055E+016,https://www.instagram.com/p/DYB_Pc2DhLC/?utm_source=ig_web_copy_link&igsh=MzRlODBiNWFlZA==/c/18580504724005478/,Udah dari dulu liat istana astaga hahaha,1778171495,6,554972106063712,yanti_haryanto321,Yanti_haryanto321,https://scontent-iad6-1.cdninstagram.com/v/t51.82787-19/551057952_18479436106074710_8064216012374103146_n.jpg?stp=dst-jpg_s150x150_tt6&_nc_cat=100&ccb=7-5&_nc_sid=f7ccc5&efg=eyJ2ZW5jb2RlX3RhZyI6InByb2ZpbGVfcGljLnd3dy4xMDgwLkMzIn0%3D&_nc_ohc=zisp7lviP2UQ7kNvwGVckTa&_nc_oc=AdrP4WTEinqS-M0c1U5kitNgM9nRMhRgIz15SuIEqB1Icarxkh3GfM2v5jcWXonGHZs&_nc_zt=24&_nc_ht=scontent-iad6-1.cdninstagram.com&_nc_gid=WMI2tPWUAJnlmj3zmmGOgQ&_nc_ss=7d6a8&oh=00_Af6Pt6ofOyMjjmTz8I9Jp51xQ2V05t-WVRaS-M4bmdk-iw&oe=6A039416,yanti_haryanto321,yanti_haryanto321,FALSE,FALSE,1,1
3.89166969171883E+018,https://www.instagram.com/p/DYB_Pc2DhLC/?utm_source=ig_web_copy_link&igsh=MzRlODBiNWFlZA==,1.43833619393029E+016,https://www.instagram.com/p/DYB_Pc2DhLC/?utm_source=ig_web_copy_link&igsh=MzRlODBiNWFlZA==/c/14383361939302893/,Template seragam wkwk 💀,1778171643,492,467224937191252,wehcitra321,Wehcitra321,https://scontent-iad6-1.cdninstagram.com/v/t51.82787-19/551057952_18479436106074710_8064216012374103146_n.jpg?stp=dst-jpg_s150x150_tt6&_nc_cat=100&ccb=7-5&_nc_sid=f7ccc5&efg=eyJ2ZW5jb2RlX3RhZyI6InByb2ZpbGVfcGljLnd3dy4xMDgwLkMzIn0%3D&_nc_ohc=zisp7lviP2UQ7kNvwGVckTa&_nc_oc=AdrP4WTEinqS-M0c1U5kitNgM9nRMhRgIz15SuIEqB1Icarxkh3GfM2v5jcWXonGHZs&_nc_zt=24&_nc_ht=scontent-iad6-1.cdninstagram.com&_nc_gid=WMI2tPWUAJnlmj3zmmGOgQ&_nc_ss=7d6a8&oh=00_Af6Pt6ofOyMjjmTz8I9Jp51xQ2V05t-WVRaS-M4bmdk-iw&oe=6A039416,wehcitra321,wehcitra321,FALSE,FALSE,3,3
3.89166969171883E+018,https://www.instagram.com/p/DYB_Pc2DhLC/?utm_source=ig_web_copy_link&igsh=MzRlODBiNWFlZA==,1.56953129185466E+016,https://www.instagram.com/p/DYB_Pc2DhLC/?utm_source=ig_web_copy_link&igsh=MzRlODBiNWFlZA==/c/15695312918546610/,@folkative tolong dong arahan bank,1778205948,6,664264894403632,rachmanwawan3,Rachmanwawan3,https://scontent-iad6-1.cdninstagram.com/v/t51.82787-19/551057952_18479436106074710_8064216012374103146_n.jpg?stp=dst-jpg_s150x150_tt6&_nc_cat=100&ccb=7-5&_nc_sid=f7ccc5&efg=eyJ2ZW5jb2RlX3RhZyI6InByb2ZpbGVfcGljLnd3dy4xMDgwLkMzIn0%3D&_nc_ohc=zisp7lviP2UQ7kNvwGVckTa&_nc_oc=AdrP4WTEinqS-M0c1U5kitNgM9nRMhRgIz15SuIEqB1Icarxkh3GfM2v5jcWXonGHZs&_nc_zt=24&_nc_ht=scontent-iad6-1.cdninstagram.com&_nc_gid=WMI2tPWUAJnlmj3zmmGOgQ&_nc_ss=7d6a8&oh=00_Af6Pt6ofOyMjjmTz8I9Jp51xQ2V05t-WVRaS-M4bmdk-iw&oe=6A039416,rachmanwawan3,rachmanwawan3,FALSE,FALSE,2,2
3.89166969171883E+018,https://www.instagram.com/p/DYB_Pc2DhLC/?utm_source=ig_web_copy_link&igsh=MzRlODBiNWFlZA==,1.00565853396707E+016,https://www.instagram.com/p/DYB_Pc2DhLC/?utm_source=ig_web_copy_link&igsh=MzRlODBiNWFlZA==/c/10056585339670659/,BNI kasus darimana? 🗿 masa sih,1778202013,43,555936362095117,doni_mulyadi12,Eka Gunawan,https://scontent-iad6-1.cdninstagram.com/v/t51.82787-19/551057952_18479436106074710_8064216012374103146_n.jpg?stp=dst-jpg_s150x150_tt6&_nc_cat=100&ccb=7-5&_nc_sid=f7ccc5&efg=eyJ2ZW5jb2RlX3RhZyI6InByb2ZpbGVfcGljLnd3dy4xMDgwLkMzIn0%3D&_nc_ohc=zisp7lviP2UQ7kNvwGVckTa&_nc_oc=AdrP4WTEinqS-M0c1U5kitNgM9nRMhRgIz15SuIEqB1Icarxkh3GfM2v5jcWXonGHZs&_nc_zt=24&_nc_ht=scontent-iad6-1.cdninstagram.com&_nc_gid=WMI2tPWUAJnlmj3zmmGOgQ&_nc_ss=7d6a8&oh=00_Af6Pt6ofOyMjjmTz8I9Jp51xQ2V05t-WVRaS-M4bmdk-iw&oe=6A039416,doni_mulyadi12,doni_mulyadi12,FALSE,FALSE,7,7
3.89166969171883E+018,https://www.instagram.com/p/DYB_Pc2DhLC/?utm_source=ig_web_copy_link&igsh=MzRlODBiNWFlZA==,1.80964985181162E+016,https://www.instagram.com/p/DYB_Pc2DhLC/?utm_source=ig_web_copy_link&igsh=MzRlODBiNWFlZA==/c/18096498518116165/,Yeee Sepik,1778222728,1,3267637513,daffa_2655,Daffa Rifki,https://scontent-iad3-2.cdninstagram.com/v/t51.2885-19/135780317_2246924055431723_8952464643778865886_n.jpg?stp=dst-jpg_s150x150_tt6&_nc_cat=103&ccb=7-5&_nc_sid=f7ccc5&efg=eyJ2ZW5jb2RlX3RhZyI6InByb2ZpbGVfcGljLnd3dy42MDAuQzMifQ%3D%3D&_nc_ohc=DgDyqOv85NEQ7kNvwEHxXky&_nc_oc=Adpj1NLF0_O8OwEl95LFEw4mJFCUF-mHblU9K3pt5O439IRT2DFqGfl0s_ftuiX4cbM&_nc_zt=24&_nc_ht=scontent-iad3-2.cdninstagram.com&_nc_ss=7d6a8&oh=00_Af6QK8Bf_JmYVcVP7oLLnMeilMIkiRQT0yqBX6qe5tvBng&oe=6A038CC0,daffa_2655,daffa_2655,FALSE,FALSE,1,1
3.89166969171883E+018,https://www.instagram.com/p/DYB_Pc2DhLC/?utm_source=ig_web_copy_link&igsh=MzRlODBiNWFlZA==,1.15157441411936E+016,https://www.instagram.com/p/DYB_Pc2DhLC/?utm_source=ig_web_copy_link&igsh=MzRlODBiNWFlZA==/c/11515744141193622/,Template sama semua gila waduh,1778183006,394,925476317304542,bukanhendra9,Bukanhendra9,https://scontent-iad6-1.cdninstagram.com/v/t51.82787-19/551057952_18479436106074710_8064216012374103146_n.jpg?stp=dst-jpg_s150x150_tt6&_nc_cat=100&ccb=7-5&_nc_sid=f7ccc5&efg=eyJ2ZW5jb2RlX3RhZyI6InByb2ZpbGVfcGljLnd3dy4xMDgwLkMzIn0%3D&_nc_ohc=zisp7lviP2UQ7kNvwGVckTa&_nc_oc=AdrP4WTEinqS-M0c1U5kitNgM9nRMhRgIz15SuIEqB1Icarxkh3GfM2v5jcWXonGHZs&_nc_zt=24&_nc_ht=scontent-iad6-1.cdninstagram.com&_nc_gid=WMI2tPWUAJnlmj3zmmGOgQ&_nc_ss=7d6a8&oh=00_Af6Pt6ofOyMjjmTz8I9Jp51xQ2V05t-WVRaS-M4bmdk-iw&oe=6A039416,bukanhendra9,bukanhendra9,FALSE,FALSE,4,4
3.89166969171883E+018,https://www.instagram.com/p/DYB_Pc2DhLC/?utm_source=ig_web_copy_link&igsh=MzRlODBiNWFlZA==,1.31392382868144E+016,https://www.instagram.com/p/DYB_Pc2DhLC/?utm_source=ig_web_copy_link&igsh=MzRlODBiNWFlZA==/c/13139238286814396/,Template sama semua 🤣,1778145727,25,817339183642230,yantiyah,Citra Saputra,https://scontent-iad6-1.cdninstagram.com/v/t51.82787-19/551057952_18479436106074710_8064216012374103146_n.jpg?stp=dst-jpg_s150x150_tt6&_nc_cat=100&ccb=7-5&_nc_sid=f7ccc5&efg=eyJ2ZW5jb2RlX3RhZyI6InByb2ZpbGVfcGljLnd3dy4xMDgwLkMzIn0%3D&_nc_ohc=zisp7lviP2UQ7kNvwGVckTa&_nc_oc=AdrP4WTEinqS-M0c1U5kitNgM9nRMhRgIz15SuIEqB1Icarxkh3GfM2v5jcWXonGHZs&_nc_zt=24&_nc_ht=scontent-iad6-1.cdninstagram.com&_nc_gid=WMI2tPWUAJnlmj3zmmGOgQ&_nc_ss=7d6a8&oh=00_Af6Pt6ofOyMjjmTz8I9Jp51xQ2V05t-WVRaS-M4bmdk-iw&oe=6A039416,yantiyah,yantiyah,FALSE,FALSE,0,0
3.89166969171883E+018,https://www.instagram.com/p/DYB_Pc2DhLC/?utm_source=ig_web_copy_link&igsh=MzRlODBiNWFlZA==,1.37667504529612E+016,https://www.instagram.com/p/DYB_Pc2DhLC/?utm_source=ig_web_copy_link&igsh=MzRlODBiNWFlZA==/c/13766750452961205/,🗿 pemerintah klarifikasi cuy,1778212274,35,1005181657453817,budi323,Andi Sari,https://scontent-iad6-1.cdninstagram.com/v/t51.82787-19/551057952_18479436106074710_8064216012374103146_n.jpg?stp=dst-jpg_s150x150_tt6&_nc_cat=100&ccb=7-5&_nc_sid=f7ccc5&efg=eyJ2ZW5jb2RlX3RhZyI6InByb2ZpbGVfcGljLnd3dy4xMDgwLkMzIn0%3D&_nc_ohc=zisp7lviP2UQ7kNvwGVckTa&_nc_oc=AdrP4WTEinqS-M0c1U5kitNgM9nRMhRgIz15SuIEqB1Icarxkh3GfM2v5jcWXonGHZs&_nc_zt=24&_nc_ht=scontent-iad6-1.cdninstagram.com&_nc_gid=WMI2tPWUAJnlmj3zmmGOgQ&_nc_ss=7d6a8&oh=00_Af6Pt6ofOyMjjmTz8I9Jp51xQ2V05t-WVRaS-M4bmdk-iw&oe=6A039416,budi323,budi323,FALSE,FALSE,4,4
3.89166969171883E+018,https://www.instagram.com/p/DYB_Pc2DhLC/?utm_source=ig_web_copy_link&igsh=MzRlODBiNWFlZA==,1.39129074168917E+016,https://www.instagram.com/p/DYB_Pc2DhLC/?utm_source=ig_web_copy_link&igsh=MzRlODBiNWFlZA==/c/13912907416891733/,gila copy paste terus pemerintah,1778185459,178,484935354445937,dongeka5,Oscar Wahyuni,https://scontent-iad6-1.cdninstagram.com/v/t51.82787-19/551057952_18479436106074710_8064216012374103146_n.jpg?stp=dst-jpg_s150x150_tt6&_nc_cat=100&ccb=7-5&_nc_sid=f7ccc5&efg=eyJ2ZW5jb2RlX3RhZyI6InByb2ZpbGVfcGljLnd3dy4xMDgwLkMzIn0%3D&_nc_ohc=zisp7lviP2UQ7kNvwGVckTa&_nc_oc=AdrP4WTEinqS-M0c1U5kitNgM9nRMhRgIz15SuIEqB1Icarxkh3GfM2v5jcWXonGHZs&_nc_zt=24&_nc_ht=scontent-iad6-1.cdninstagram.com&_nc_gid=WMI2tPWUAJnlmj3zmmGOgQ&_nc_ss=7d6a8&oh=00_Af6Pt6ofOyMjjmTz8I9Jp51xQ2V05t-WVRaS-M4bmdk-iw&oe=6A039416,dongeka5,dongeka5,FALSE,FALSE,10,10
3.89166969171883E+018,https://www.instagram.com/p/DYB_Pc2DhLC/?utm_source=ig_web_copy_link&igsh=MzRlODBiNWFlZA==,1.54945752972004E+016,https://www.instagram.com/p/DYB_Pc2DhLC/?utm_source=ig_web_copy_link&igsh=MzRlODBiNWFlZA==/c/15494575297200421/,buset arahan terus buzer 🔥,1778234907,18,1032511663325377,zaki.pratama9,Putri Kusuma,https://scontent-iad6-1.cdninstagram.com/v/t51.82787-19/551057952_18479436106074710_8064216012374103146_n.jpg?stp=dst-jpg_s150x150_tt6&_nc_cat=100&ccb=7-5&_nc_sid=f7ccc5&efg=eyJ2ZW5jb2RlX3RhZyI6InByb2ZpbGVfcGljLnd3dy4xMDgwLkMzIn0%3D&_nc_ohc=zisp7lviP2UQ7kNvwGVckTa&_nc_oc=AdrP4WTEinqS-M0c1U5kitNgM9nRMhRgIz15SuIEqB1Icarxkh3GfM2v5jcWXonGHZs&_nc_zt=24&_nc_ht=scontent-iad6-1.cdninstagram.com&_nc_gid=WMI2tPWUAJnlmj3zmmGOgQ&_nc_ss=7d6a8&oh=00_Af6Pt6ofOyMjjmTz8I9Jp51xQ2V05t-WVRaS-M4bmdk-iw&oe=6A039416,zaki.pratama9,zaki.pratama9,FALSE,FALSE,8,8
3.89166969171883E+018,https://www.instagram.com/p/DYB_Pc2DhLC/?utm_source=ig_web_copy_link&igsh=MzRlODBiNWFlZA==,1.29683207757577E+016,https://www.instagram.com/p/DYB_Pc2DhLC/?utm_source=ig_web_copy_link&igsh=MzRlODBiNWFlZA==/c/12968320775757738/,Berarti arahan? hahaha 🙌,1778183910,148,387908790592393,oscarid321,Oscarid321,https://scontent-iad6-1.cdninstagram.com/v/t51.82787-19/551057952_18479436106074710_8064216012374103146_n.jpg?stp=dst-jpg_s150x150_tt6&_nc_cat=100&ccb=7-5&_nc_sid=f7ccc5&efg=eyJ2ZW5jb2RlX3RhZyI6InByb2ZpbGVfcGljLnd3dy4xMDgwLkMzIn0%3D&_nc_ohc=zisp7lviP2UQ7kNvwGVckTa&_nc_oc=AdrP4WTEinqS-M0c1U5kitNgM9nRMhRgIz15SuIEqB1Icarxkh3GfM2v5jcWXonGHZs&_nc_zt=24&_nc_ht=scontent-iad6-1.cdninstagram.com&_nc_gid=WMI2tPWUAJnlmj3zmmGOgQ&_nc_ss=7d6a8&oh=00_Af6Pt6ofOyMjjmTz8I9Jp51xQ2V05t-WVRaS-M4bmdk-iw&oe=6A039416,oscarid321,oscarid321,FALSE,FALSE,15,15
3.89166969171883E+018,https://www.instagram.com/p/DYB_Pc2DhLC/?utm_source=ig_web_copy_link&igsh=MzRlODBiNWFlZA==,1.8118463149711E+016,https://www.instagram.com/p/DYB_Pc2DhLC/?utm_source=ig_web_copy_link&igsh=MzRlODBiNWFlZA==/c/18118463149711037/,bo’ooonnnggg,1778149201,1,5961367163,virdavm,,https://scontent-iad6-1.cdninstagram.com/v/t51.82787-19/671866217_18399768424199164_7940121252250814201_n.jpg?stp=dst-jpg_s150x150_tt6&_nc_cat=102&ccb=7-5&_nc_sid=f7ccc5&efg=eyJ2ZW5jb2RlX3RhZyI6InByb2ZpbGVfcGljLnd3dy45NjAuQzMifQ%3D%3D&_nc_ohc=ozU7hHRhU7EQ7kNvwHlKVEp&_nc_oc=AdrMoLcn6Xb21WholgTgNBx-JXY6-XCwNMDtzw6oA8bBAoBSOk27ojeO_Fsjvm9wfEc&_nc_zt=24&_nc_ht=scontent-iad6-1.cdninstagram.com&_nc_gid=KorXe_l-7gqhAn7_b5B-uQ&_nc_ss=7d6a8&oh=00_Af7ErKdOxB4DE3VQJu3QDYDv2YyBO0cKw4p7R7Kp3BGetQ&oe=6A03AECB,virdavm,virdavm,FALSE,FALSE,0,0
3.89166969171883E+018,https://www.instagram.com/p/DYB_Pc2DhLC/?utm_source=ig_web_copy_link&igsh=MzRlODBiNWFlZA==,1.44397141621599E+016,https://www.instagram.com/p/DYB_Pc2DhLC/?utm_source=ig_web_copy_link&igsh=MzRlODBiNWFlZA==/c/14439714162159911/,Template mirip serius? 🔥,1778152203,39,840703532788514,citra_handayani77,Sari Hidayat,https://scontent-iad6-1.cdninstagram.com/v/t51.82787-19/551057952_18479436106074710_8064216012374103146_n.jpg?stp=dst-jpg_s150x150_tt6&_nc_cat=100&ccb=7-5&_nc_sid=f7ccc5&efg=eyJ2ZW5jb2RlX3RhZyI6InByb2ZpbGVfcGljLnd3dy4xMDgwLkMzIn0%3D&_nc_ohc=zisp7lviP2UQ7kNvwGVckTa&_nc_oc=AdrP4WTEinqS-M0c1U5kitNgM9nRMhRgIz15SuIEqB1Icarxkh3GfM2v5jcWXonGHZs&_nc_zt=24&_nc_ht=scontent-iad6-1.cdninstagram.com&_nc_gid=WMI2tPWUAJnlmj3zmmGOgQ&_nc_ss=7d6a8&oh=00_Af6Pt6ofOyMjjmTz8I9Jp51xQ2V05t-WVRaS-M4bmdk-iw&oe=6A039416,citra_handayani77,citra_handayani77,FALSE,FALSE,5,5
3.89166969171883E+018,https://www.instagram.com/p/DYB_Pc2DhLC/?utm_source=ig_web_copy_link&igsh=MzRlODBiNWFlZA==,1.81015766479542E+016,https://www.instagram.com/p/DYB_Pc2DhLC/?utm_source=ig_web_copy_link&igsh=MzRlODBiNWFlZA==/c/18101576647954215/,Tapi kok berita Bank BNI kemarin gak muncul? Tapi malah post Bank BNI lagi bagi bagi hadiah. Ehhhhh,1778143495,11651,1708501363,thomas_dyp,Thomas Dwi Yananto Putra,https://scontent-iad6-1.cdninstagram.com/v/t51.2885-19/441330365_956097942834876_9220006302506834693_n.jpg?stp=dst-jpg_s150x150_tt6&_nc_cat=106&ccb=7-5&_nc_sid=f7ccc5&efg=eyJ2ZW5jb2RlX3RhZyI6InByb2ZpbGVfcGljLnd3dy44MjguQzMifQ%3D%3D&_nc_ohc=yheEVs6OKR4Q7kNvwFq0LCu&_nc_oc=Adq-1f-JYqGX8FEDwAjPNV-EcT5YG3IzQLR0BfiXHU2NBS4bD2ukpD7MaqZ56zPLAIQ&_nc_zt=24&_nc_ht=scontent-iad6-1.cdninstagram.com&_nc_ss=7d6a8&oh=00_Af4IoLbmCRUjxql6QZyetfS2nlmgpRYJ3CdML_VhHlMiIg&oe=6A03A613,thomas_dyp,thomas_dyp,FALSE,FALSE,71,71
3.89166969171883E+018,https://www.instagram.com/p/DYB_Pc2DhLC/?utm_source=ig_web_copy_link&igsh=MzRlODBiNWFlZA==,1.19654414660764E+016,https://www.instagram.com/p/DYB_Pc2DhLC/?utm_source=ig_web_copy_link&igsh=MzRlODBiNWFlZA==/c/11965441466076444/,salfok plat merah arahan cuy 💀,1778207413,7,864427088920788,joko316,Joko316,https://scontent-iad6-1.cdninstagram.com/v/t51.82787-19/551057952_18479436106074710_8064216012374103146_n.jpg?stp=dst-jpg_s150x150_tt6&_nc_cat=100&ccb=7-5&_nc_sid=f7ccc5&efg=eyJ2ZW5jb2RlX3RhZyI6InByb2ZpbGVfcGljLnd3dy4xMDgwLkMzIn0%3D&_nc_ohc=zisp7lviP2UQ7kNvwGVckTa&_nc_oc=AdrP4WTEinqS-M0c1U5kitNgM9nRMhRgIz15SuIEqB1Icarxkh3GfM2v5jcWXonGHZs&_nc_zt=24&_nc_ht=scontent-iad6-1.cdninstagram.com&_nc_gid=WMI2tPWUAJnlmj3zmmGOgQ&_nc_ss=7d6a8&oh=00_Af6Pt6ofOyMjjmTz8I9Jp51xQ2V05t-WVRaS-M4bmdk-iw&oe=6A039416,joko316,joko316,FALSE,FALSE,1,1
3.89166969171883E+018,https://www.instagram.com/p/DYB_Pc2DhLC/?utm_source=ig_web_copy_link&igsh=MzRlODBiNWFlZA==,1.25610433213273E+016,https://www.instagram.com/p/DYB_Pc2DhLC/?utm_source=ig_web_copy_link&igsh=MzRlODBiNWFlZA==/c/12561043321327337/,BNI kasus beneran? hahaha salfok,1778155385,9,382396757466120,kartikazz99,Kartikazz99,https://scontent-iad6-1.cdninstagram.com/v/t51.82787-19/551057952_18479436106074710_8064216012374103146_n.jpg?stp=dst-jpg_s150x150_tt6&_nc_cat=100&ccb=7-5&_nc_sid=f7ccc5&efg=eyJ2ZW5jb2RlX3RhZyI6InByb2ZpbGVfcGljLnd3dy4xMDgwLkMzIn0%3D&_nc_ohc=zisp7lviP2UQ7kNvwGVckTa&_nc_oc=AdrP4WTEinqS-M0c1U5kitNgM9nRMhRgIz15SuIEqB1Icarxkh3GfM2v5jcWXonGHZs&_nc_zt=24&_nc_ht=scontent-iad6-1.cdninstagram.com&_nc_gid=WMI2tPWUAJnlmj3zmmGOgQ&_nc_ss=7d6a8&oh=00_Af6Pt6ofOyMjjmTz8I9Jp51xQ2V05t-WVRaS-M4bmdk-iw&oe=6A039416,kartikazz99,kartikazz99,FALSE,FALSE,2,2
3.89166969171883E+018,https://www.instagram.com/p/DYB_Pc2DhLC/?utm_source=ig_web_copy_link&igsh=MzRlODBiNWFlZA==,1.809434382819E+016,https://www.instagram.com/p/DYB_Pc2DhLC/?utm_source=ig_web_copy_link&igsh=MzRlODBiNWFlZA==/c/18094343828189955/,Next nya kalo ada informasi yg valid dan transparansi. Biar ga muncul spekulasi negatif dari masyarakat😂,1778144267,293,2532498474,ramdhan0297,Ramdhan,https://scontent-iad3-2.cdninstagram.com/v/t51.82787-19/671150219_18390454915082475_5238689346052990507_n.jpg?stp=dst-jpg_s150x150_tt6&_nc_cat=105&ccb=7-5&_nc_sid=f7ccc5&efg=eyJ2ZW5jb2RlX3RhZyI6InByb2ZpbGVfcGljLnd3dy4xMDgwLkMzIn0%3D&_nc_ohc=olCSeXOxDqQQ7kNvwG25wKC&_nc_oc=AdoWqdDuayWHeHOCKavLO5Nzn2_927gV0quzZ54IdylY5T5YFKF_hnfRD2RmVpxpJMU&_nc_zt=24&_nc_ht=scontent-iad3-2.cdninstagram.com&_nc_gid=OPk-UPwzzI7cD03qvCgHGQ&_nc_ss=7d6a8&oh=00_Af5fjmhiXwuofqp5ZPm7SfIREwLVx3VuNfE-o4nAAT-P8g&oe=6A03AF50,ramdhan0297,ramdhan0297,FALSE,FALSE,0,0
3.89166969171883E+018,https://www.instagram.com/p/DYB_Pc2DhLC/?utm_source=ig_web_copy_link&igsh=MzRlODBiNWFlZA==,1.39736546798399E+016,https://www.instagram.com/p/DYB_Pc2DhLC/?utm_source=ig_web_copy_link&igsh=MzRlODBiNWFlZA==/c/13973654679839903/,Seharusnya kasus kok ga 🙌,1778235981,25,779012097698035,rina_nugroho7,Rina_nugroho7,https://scontent-iad6-1.cdninstagram.com/v/t51.82787-19/551057952_18479436106074710_8064216012374103146_n.jpg?stp=dst-jpg_s150x150_tt6&_nc_cat=100&ccb=7-5&_nc_sid=f7ccc5&efg=eyJ2ZW5jb2RlX3RhZyI6InByb2ZpbGVfcGljLnd3dy4xMDgwLkMzIn0%3D&_nc_ohc=zisp7lviP2UQ7kNvwGVckTa&_nc_oc=AdrP4WTEinqS-M0c1U5kitNgM9nRMhRgIz15SuIEqB1Icarxkh3GfM2v5jcWXonGHZs&_nc_zt=24&_nc_ht=scontent-iad6-1.cdninstagram.com&_nc_gid=WMI2tPWUAJnlmj3zmmGOgQ&_nc_ss=7d6a8&oh=00_Af6Pt6ofOyMjjmTz8I9Jp51xQ2V05t-WVRaS-M4bmdk-iw&oe=6A039416,rina_nugroho7,rina_nugroho7,FALSE,FALSE,6,6
3.89166969171883E+018,https://www.instagram.com/p/DYB_Pc2DhLC/?utm_source=ig_web_copy_link&igsh=MzRlODBiNWFlZA==,1.79262810783034E+016,https://www.instagram.com/p/DYB_Pc2DhLC/?utm_source=ig_web_copy_link&igsh=MzRlODBiNWFlZA==/c/17926281078303396/,ketinggalan berita guee 🫵😭,1778144922,2,55215269237,fkrmddn,,https://scontent-iad6-1.cdninstagram.com/v/t51.82787-19/549037320_17990755493845238_6586773303901181292_n.jpg?stp=dst-jpg_s150x150_tt6&_nc_cat=100&ccb=7-5&_nc_sid=f7ccc5&efg=eyJ2ZW5jb2RlX3RhZyI6InByb2ZpbGVfcGljLnd3dy4xMDgwLkMzIn0%3D&_nc_ohc=a9HfsUvXXZQQ7kNvwH9H-Ox&_nc_oc=Adp81pq2_XhSft5c5IguHXiRtRcMAcsVjwgmqqwlK45i_XCj0xLqPV9-IzfpJP4JknE&_nc_zt=24&_nc_ht=scontent-iad6-1.cdninstagram.com&_nc_gid=p5o2IttGHgoFURt34Q3SGg&_nc_ss=7d6a8&oh=00_Af4C_XFQsoGcIpWbeYfnjTd_NLo3ZENWDZngwlavi5Or5g&oe=6A03A162,fkrmddn,fkrmddn,FALSE,FALSE,0,0
3.89166969171883E+018,https://www.instagram.com/p/DYB_Pc2DhLC/?utm_source=ig_web_copy_link&igsh=MzRlODBiNWFlZA==,1.19038053512086E+016,https://www.instagram.com/p/DYB_Pc2DhLC/?utm_source=ig_web_copy_link&igsh=MzRlODBiNWFlZA==/c/11903805351208600/,Qodari bilang data? 💀,1778207341,214,1023614134983806,eka703,Eka703,https://scontent-iad6-1.cdninstagram.com/v/t51.82787-19/551057952_18479436106074710_8064216012374103146_n.jpg?stp=dst-jpg_s150x150_tt6&_nc_cat=100&ccb=7-5&_nc_sid=f7ccc5&efg=eyJ2ZW5jb2RlX3RhZyI6InByb2ZpbGVfcGljLnd3dy4xMDgwLkMzIn0%3D&_nc_ohc=zisp7lviP2UQ7kNvwGVckTa&_nc_oc=AdrP4WTEinqS-M0c1U5kitNgM9nRMhRgIz15SuIEqB1Icarxkh3GfM2v5jcWXonGHZs&_nc_zt=24&_nc_ht=scontent-iad6-1.cdninstagram.com&_nc_gid=WMI2tPWUAJnlmj3zmmGOgQ&_nc_ss=7d6a8&oh=00_Af6Pt6ofOyMjjmTz8I9Jp51xQ2V05t-WVRaS-M4bmdk-iw&oe=6A039416,eka703,eka703,FALSE,FALSE,8,8
3.89166969171883E+018,https://www.instagram.com/p/DYB_Pc2DhLC/?utm_source=ig_web_copy_link&igsh=MzRlODBiNWFlZA==,1.83899456050824E+016,https://www.instagram.com/p/DYB_Pc2DhLC/?utm_source=ig_web_copy_link&igsh=MzRlODBiNWFlZA==/c/18389945605082364/,🤣,1778168678,5,3054530254,adeliaxsp,adelvsp,https://scontent-iad3-1.cdninstagram.com/v/t51.82787-19/617797805_18445736161098255_5413762336043905268_n.jpg?stp=dst-jpg_s150x150_tt6&_nc_cat=101&ccb=7-5&_nc_sid=f7ccc5&efg=eyJ2ZW5jb2RlX3RhZyI6InByb2ZpbGVfcGljLnd3dy4xMDgwLkMzIn0%3D&_nc_ohc=ARsdu_3hMQ4Q7kNvwE68MYr&_nc_oc=Adq3o55HLQreMPqhlvisrbZkBOj4nbrl1wYbqVdbin6MQmFgfZQ-IBHvOiVLVYN1XY8&_nc_zt=24&_nc_ht=scontent-iad3-1.cdninstagram.com&_nc_gid=cVlGf0MZ106mW3dL54x9tA&_nc_ss=7d6a8&oh=00_Af7yiGqYcyCHqn7tAQ6PFKDIJdb82JjSecQTK3x7B0rkZA&oe=6A039B57,adeliaxsp,adeliaxsp,FALSE,FALSE,0,0
3.89166969171883E+018,https://www.instagram.com/p/DYB_Pc2DhLC/?utm_source=ig_web_copy_link&igsh=MzRlODBiNWFlZA==,1.44604586567754E+016,https://www.instagram.com/p/DYB_Pc2DhLC/?utm_source=ig_web_copy_link&igsh=MzRlODBiNWFlZA==/c/14460458656775421/,@folkative tolong dong klarifikasi swasembada,1778174088,2086,903382637409775,idcitra99,Idcitra99,https://scontent-iad6-1.cdninstagram.com/v/t51.82787-19/551057952_18479436106074710_8064216012374103146_n.jpg?stp=dst-jpg_s150x150_tt6&_nc_cat=100&ccb=7-5&_nc_sid=f7ccc5&efg=eyJ2ZW5jb2RlX3RhZyI6InByb2ZpbGVfcGljLnd3dy4xMDgwLkMzIn0%3D&_nc_ohc=zisp7lviP2UQ7kNvwGVckTa&_nc_oc=AdrP4WTEinqS-M0c1U5kitNgM9nRMhRgIz15SuIEqB1Icarxkh3GfM2v5jcWXonGHZs&_nc_zt=24&_nc_ht=scontent-iad6-1.cdninstagram.com&_nc_gid=WMI2tPWUAJnlmj3zmmGOgQ&_nc_ss=7d6a8&oh=00_Af6Pt6ofOyMjjmTz8I9Jp51xQ2V05t-WVRaS-M4bmdk-iw&oe=6A039416,idcitra99,idcitra99,FALSE,FALSE,5,5
3.89166969171883E+018,https://www.instagram.com/p/DYB_Pc2DhLC/?utm_source=ig_web_copy_link&igsh=MzRlODBiNWFlZA==,1.49348853424991E+016,https://www.instagram.com/p/DYB_Pc2DhLC/?utm_source=ig_web_copy_link&igsh=MzRlODBiNWFlZA==/c/14934885342499066/,@folkative tolong dong briefing pangan,1778188851,25,208727771192879,dewidong6,Andi Lestari,https://scontent-iad6-1.cdninstagram.com/v/t51.82787-19/551057952_18479436106074710_8064216012374103146_n.jpg?stp=dst-jpg_s150x150_tt6&_nc_cat=100&ccb=7-5&_nc_sid=f7ccc5&efg=eyJ2ZW5jb2RlX3RhZyI6InByb2ZpbGVfcGljLnd3dy4xMDgwLkMzIn0%3D&_nc_ohc=zisp7lviP2UQ7kNvwGVckTa&_nc_oc=AdrP4WTEinqS-M0c1U5kitNgM9nRMhRgIz15SuIEqB1Icarxkh3GfM2v5jcWXonGHZs&_nc_zt=24&_nc_ht=scontent-iad6-1.cdninstagram.com&_nc_gid=WMI2tPWUAJnlmj3zmmGOgQ&_nc_ss=7d6a8&oh=00_Af6Pt6ofOyMjjmTz8I9Jp51xQ2V05t-WVRaS-M4bmdk-iw&oe=6A039416,dewidong6,dewidong6,FALSE,FALSE,6,6
3.89166969171883E+018,https://www.instagram.com/p/DYB_Pc2DhLC/?utm_source=ig_web_copy_link&igsh=MzRlODBiNWFlZA==,1.50830501942595E+016,https://www.instagram.com/p/DYB_Pc2DhLC/?utm_source=ig_web_copy_link&igsh=MzRlODBiNWFlZA==/c/15083050194259510/,Istana briefing beneran? buset salfok,1778176869,48,1059261334007346,si_tono11,Leni Gunawan,https://scontent-iad6-1.cdninstagram.com/v/t51.82787-19/551057952_18479436106074710_8064216012374103146_n.jpg?stp=dst-jpg_s150x150_tt6&_nc_cat=100&ccb=7-5&_nc_sid=f7ccc5&efg=eyJ2ZW5jb2RlX3RhZyI6InByb2ZpbGVfcGljLnd3dy4xMDgwLkMzIn0%3D&_nc_ohc=zisp7lviP2UQ7kNvwGVckTa&_nc_oc=AdrP4WTEinqS-M0c1U5kitNgM9nRMhRgIz15SuIEqB1Icarxkh3GfM2v5jcWXonGHZs&_nc_zt=24&_nc_ht=scontent-iad6-1.cdninstagram.com&_nc_gid=WMI2tPWUAJnlmj3zmmGOgQ&_nc_ss=7d6a8&oh=00_Af6Pt6ofOyMjjmTz8I9Jp51xQ2V05t-WVRaS-M4bmdk-iw&oe=6A039416,si_tono11,si_tono11,FALSE,FALSE,6,6
3.89166969171883E+018,https://www.instagram.com/p/DYB_Pc2DhLC/?utm_source=ig_web_copy_link&igsh=MzRlODBiNWFlZA==,1.84584438761098E+016,https://www.instagram.com/p/DYB_Pc2DhLC/?utm_source=ig_web_copy_link&igsh=MzRlODBiNWFlZA==/c/18458443876109747/,Kami udah tau kok kalo lu buzzer plat merah dari dulu kocak🤪🤪,1778239779,0,33183457184,pra_wira46,,https://scontent-iad3-1.cdninstagram.com/v/t51.82787-19/658871408_18081344852105185_214777981525581317_n.jpg?stp=dst-jpg_s150x150_tt6&_nc_cat=101&ccb=7-5&_nc_sid=f7ccc5&efg=eyJ2ZW5jb2RlX3RhZyI6InByb2ZpbGVfcGljLnd3dy40MDAuQzMifQ%3D%3D&_nc_ohc=6tD2Z6McrVoQ7kNvwFHU4fM&_nc_oc=AdoSnT726eDEPQ99WCmINvv7iSmF2yLhfuQPunSvy465_XzipTSOj1rGG_VgsT2jNAI&_nc_zt=24&_nc_ht=scontent-iad3-1.cdninstagram.com&_nc_gid=Dfd6CmdWbXJuUiahTF5IFA&_nc_ss=7d6a8&oh=00_Af6PaQwVhC91hnXj7e7kYzzZ_TEzFuuFaIuLRS0CKacVEQ&oe=6A038F92,pra_wira46,pra_wira46,FALSE,FALSE,0,0
3.89166969171883E+018,https://www.instagram.com/p/DYB_Pc2DhLC/?utm_source=ig_web_copy_link&igsh=MzRlODBiNWFlZA==,1.64449193130544E+016,https://www.instagram.com/p/DYB_Pc2DhLC/?utm_source=ig_web_copy_link&igsh=MzRlODBiNWFlZA==/c/16444919313054400/,🗿 buzer kritik bro 💀,1778150275,185,132088262506857,kartikaningsih5,Kartikaningsih5,https://scontent-iad6-1.cdninstagram.com/v/t51.82787-19/551057952_18479436106074710_8064216012374103146_n.jpg?stp=dst-jpg_s150x150_tt6&_nc_cat=100&ccb=7-5&_nc_sid=f7ccc5&efg=eyJ2ZW5jb2RlX3RhZyI6InByb2ZpbGVfcGljLnd3dy4xMDgwLkMzIn0%3D&_nc_ohc=zisp7lviP2UQ7kNvwGVckTa&_nc_oc=AdrP4WTEinqS-M0c1U5kitNgM9nRMhRgIz15SuIEqB1Icarxkh3GfM2v5jcWXonGHZs&_nc_zt=24&_nc_ht=scontent-iad6-1.cdninstagram.com&_nc_gid=WMI2tPWUAJnlmj3zmmGOgQ&_nc_ss=7d6a8&oh=00_Af6Pt6ofOyMjjmTz8I9Jp51xQ2V05t-WVRaS-M4bmdk-iw&oe=6A039416,kartikaningsih5,kartikaningsih5,FALSE,FALSE,1,1
3.89166969171883E+018,https://www.instagram.com/p/DYB_Pc2DhLC/?utm_source=ig_web_copy_link&igsh=MzRlODBiNWFlZA==,1.70742727641407E+016,https://www.instagram.com/p/DYB_Pc2DhLC/?utm_source=ig_web_copy_link&igsh=MzRlODBiNWFlZA==/c/17074272764140714/,BNI kasus darimana? salfok,1778203438,333,378032548903406,indahwahyuni123,Indahwahyuni123,https://scontent-iad6-1.cdninstagram.com/v/t51.82787-19/551057952_18479436106074710_8064216012374103146_n.jpg?stp=dst-jpg_s150x150_tt6&_nc_cat=100&ccb=7-5&_nc_sid=f7ccc5&efg=eyJ2ZW5jb2RlX3RhZyI6InByb2ZpbGVfcGljLnd3dy4xMDgwLkMzIn0%3D&_nc_ohc=zisp7lviP2UQ7kNvwGVckTa&_nc_oc=AdrP4WTEinqS-M0c1U5kitNgM9nRMhRgIz15SuIEqB1Icarxkh3GfM2v5jcWXonGHZs&_nc_zt=24&_nc_ht=scontent-iad6-1.cdninstagram.com&_nc_gid=WMI2tPWUAJnlmj3zmmGOgQ&_nc_ss=7d6a8&oh=00_Af6Pt6ofOyMjjmTz8I9Jp51xQ2V05t-WVRaS-M4bmdk-iw&oe=6A039416,indahwahyuni123,indahwahyuni123,FALSE,FALSE,7,7
3.89166969171883E+018,https://www.instagram.com/p/DYB_Pc2DhLC/?utm_source=ig_web_copy_link&igsh=MzRlODBiNWFlZA==,1.80087754107121E+016,https://www.instagram.com/p/DYB_Pc2DhLC/?utm_source=ig_web_copy_link&igsh=MzRlODBiNWFlZA==/c/18008775410712102/,"Mau post ginian juga kan dari dulu postingan lu isinya nimpa doang, gak ada mutu sama bobotnya, yaudah si",1778230039,1,23467132561,nattagonist,𝐖𝐢𝐭𝐜𝐡,https://scontent-iad6-1.cdninstagram.com/v/t51.82787-19/670892599_18115386322780562_9154767623646717465_n.jpg?stp=dst-jpg_s150x150_tt6&_nc_cat=100&ccb=7-5&_nc_sid=f7ccc5&efg=eyJ2ZW5jb2RlX3RhZyI6InByb2ZpbGVfcGljLnd3dy43MTIuQzMifQ%3D%3D&_nc_ohc=fnFWucCkLDEQ7kNvwF1KBfj&_nc_oc=Adr0PwvtBLpPOF8lDPfUM5LxbixPvDHzcIxLti8raeIf7BHaacXG9pNJcsppGDUBLe4&_nc_zt=24&_nc_ht=scontent-iad6-1.cdninstagram.com&_nc_gid=KorXe_l-7gqhAn7_b5B-uQ&_nc_ss=7d6a8&oh=00_Af4jZRBtZeXXE7tvuurP2fBlrQ8ZqYsSy7A5kU1MqTMYgg&oe=6A0387FC,nattagonist,nattagonist,FALSE,FALSE,0,0
3.89166969171883E+018,https://www.instagram.com/p/DYB_Pc2DhLC/?utm_source=ig_web_copy_link&igsh=MzRlODBiNWFlZA==,1.11161442537781E+016,https://www.instagram.com/p/DYB_Pc2DhLC/?utm_source=ig_web_copy_link&igsh=MzRlODBiNWFlZA==/c/11116144253778076/,@folkative coba jawab klarifikasi BNI,1778221782,37,489658814697094,indah.hidayat2,Indah.hidayat2,https://scontent-iad6-1.cdninstagram.com/v/t51.82787-19/551057952_18479436106074710_8064216012374103146_n.jpg?stp=dst-jpg_s150x150_tt6&_nc_cat=100&ccb=7-5&_nc_sid=f7ccc5&efg=eyJ2ZW5jb2RlX3RhZyI6InByb2ZpbGVfcGljLnd3dy4xMDgwLkMzIn0%3D&_nc_ohc=zisp7lviP2UQ7kNvwGVckTa&_nc_oc=AdrP4WTEinqS-M0c1U5kitNgM9nRMhRgIz15SuIEqB1Icarxkh3GfM2v5jcWXonGHZs&_nc_zt=24&_nc_ht=scontent-iad6-1.cdninstagram.com&_nc_gid=WMI2tPWUAJnlmj3zmmGOgQ&_nc_ss=7d6a8&oh=00_Af6Pt6ofOyMjjmTz8I9Jp51xQ2V05t-WVRaS-M4bmdk-iw&oe=6A039416,indah.hidayat2,indah.hidayat2,FALSE,FALSE,6,6
3.89166969171883E+018,https://www.instagram.com/p/DYB_Pc2DhLC/?utm_source=ig_web_copy_link&igsh=MzRlODBiNWFlZA==,1.12655113518426E+016,https://www.instagram.com/p/DYB_Pc2DhLC/?utm_source=ig_web_copy_link&igsh=MzRlODBiNWFlZA==/c/11265511351842621/,Tapi MBG masa serius? 🗿,1778231917,30,148505119836810,fajar9,Rina Wahyuni,https://scontent-iad6-1.cdninstagram.com/v/t51.82787-19/551057952_18479436106074710_8064216012374103146_n.jpg?stp=dst-jpg_s150x150_tt6&_nc_cat=100&ccb=7-5&_nc_sid=f7ccc5&efg=eyJ2ZW5jb2RlX3RhZyI6InByb2ZpbGVfcGljLnd3dy4xMDgwLkMzIn0%3D&_nc_ohc=zisp7lviP2UQ7kNvwGVckTa&_nc_oc=AdrP4WTEinqS-M0c1U5kitNgM9nRMhRgIz15SuIEqB1Icarxkh3GfM2v5jcWXonGHZs&_nc_zt=24&_nc_ht=scontent-iad6-1.cdninstagram.com&_nc_gid=WMI2tPWUAJnlmj3zmmGOgQ&_nc_ss=7d6a8&oh=00_Af6Pt6ofOyMjjmTz8I9Jp51xQ2V05t-WVRaS-M4bmdk-iw&oe=6A039416,fajar9,fajar9,FALSE,FALSE,3,3
3.89166969171883E+018,https://www.instagram.com/p/DYB_Pc2DhLC/?utm_source=ig_web_copy_link&igsh=MzRlODBiNWFlZA==,1.15392282086803E+016,https://www.instagram.com/p/DYB_Pc2DhLC/?utm_source=ig_web_copy_link&igsh=MzRlODBiNWFlZA==/c/11539228208680324/,🔥 arahan terus istana,1778160419,246,751457492792580,bukanmaya99,Bukanmaya99,https://scontent-iad6-1.cdninstagram.com/v/t51.82787-19/551057952_18479436106074710_8064216012374103146_n.jpg?stp=dst-jpg_s150x150_tt6&_nc_cat=100&ccb=7-5&_nc_sid=f7ccc5&efg=eyJ2ZW5jb2RlX3RhZyI6InByb2ZpbGVfcGljLnd3dy4xMDgwLkMzIn0%3D&_nc_ohc=zisp7lviP2UQ7kNvwGVckTa&_nc_oc=AdrP4WTEinqS-M0c1U5kitNgM9nRMhRgIz15SuIEqB1Icarxkh3GfM2v5jcWXonGHZs&_nc_zt=24&_nc_ht=scontent-iad6-1.cdninstagram.com&_nc_gid=WMI2tPWUAJnlmj3zmmGOgQ&_nc_ss=7d6a8&oh=00_Af6Pt6ofOyMjjmTz8I9Jp51xQ2V05t-WVRaS-M4bmdk-iw&oe=6A039416,bukanmaya99,bukanmaya99,FALSE,FALSE,4,4
3.89166969171883E+018,https://www.instagram.com/p/DYB_Pc2DhLC/?utm_source=ig_web_copy_link&igsh=MzRlODBiNWFlZA==,1.80822615112703E+016,https://www.instagram.com/p/DYB_Pc2DhLC/?utm_source=ig_web_copy_link&igsh=MzRlODBiNWFlZA==/c/18082261511270330/,"GUE DOAIN LO SEMUA JALANNYA DIMUDAHKAN, KARIRNYA DISUKSESKAN, REZEKINYA DILANCARKAN DAN DOA-DOA BAIKNYA DIKABULKAN🤲🏻🤲🏻🤲🏻",1778145535,51,6848819783,helga_ikko,Helga Ikko Agatha,https://scontent-iad3-1.cdninstagram.com/v/t51.82787-19/629264618_18351080077227784_12552729370536415_n.jpg?stp=dst-jpg_s150x150_tt6&_nc_cat=1&ccb=7-5&_nc_sid=f7ccc5&efg=eyJ2ZW5jb2RlX3RhZyI6InByb2ZpbGVfcGljLnd3dy43NTQuQzMifQ%3D%3D&_nc_ohc=7sdKupa8eHIQ7kNvwGz-SNa&_nc_oc=AdrjYcpzLsxH9FgDLOGmFlgFEnne4HQj0HHepiroX0YLjOyAhy_jSWT-dL6oG3r4GrA&_nc_zt=24&_nc_ht=scontent-iad3-1.cdninstagram.com&_nc_gid=WMI2tPWUAJnlmj3zmmGOgQ&_nc_ss=7d6a8&oh=00_Af7KdNBwVCVVshJxFqy6z6cV-RQtweM_gPG4hMWDqlS_PA&oe=6A03BC52,helga_ikko,helga_ikko,FALSE,FALSE,0,0
3.89166969171883E+018,https://www.instagram.com/p/DYB_Pc2DhLC/?utm_source=ig_web_copy_link&igsh=MzRlODBiNWFlZA==,1.03304754113614E+016,https://www.instagram.com/p/DYB_Pc2DhLC/?utm_source=ig_web_copy_link&igsh=MzRlODBiNWFlZA==/c/10330475411361389/,Unfollow dengan buzzer wkwk,1778202050,23,887827585575384,rina165,Rina165,https://scontent-iad6-1.cdninstagram.com/v/t51.82787-19/551057952_18479436106074710_8064216012374103146_n.jpg?stp=dst-jpg_s150x150_tt6&_nc_cat=100&ccb=7-5&_nc_sid=f7ccc5&efg=eyJ2ZW5jb2RlX3RhZyI6InByb2ZpbGVfcGljLnd3dy4xMDgwLkMzIn0%3D&_nc_ohc=zisp7lviP2UQ7kNvwGVckTa&_nc_oc=AdrP4WTEinqS-M0c1U5kitNgM9nRMhRgIz15SuIEqB1Icarxkh3GfM2v5jcWXonGHZs&_nc_zt=24&_nc_ht=scontent-iad6-1.cdninstagram.com&_nc_gid=WMI2tPWUAJnlmj3zmmGOgQ&_nc_ss=7d6a8&oh=00_Af6Pt6ofOyMjjmTz8I9Jp51xQ2V05t-WVRaS-M4bmdk-iw&oe=6A039416,rina165,rina165,FALSE,FALSE,1,1
3.89166969171883E+018,https://www.instagram.com/p/DYB_Pc2DhLC/?utm_source=ig_web_copy_link&igsh=MzRlODBiNWFlZA==,1.80232190698279E+016,https://www.instagram.com/p/DYB_Pc2DhLC/?utm_source=ig_web_copy_link&igsh=MzRlODBiNWFlZA==/c/18023219069827859/,cuci tangan terus🙌,1778240234,0,49468497060,seada_adanya__,Allan Setyo Purwoko,https://scontent-iad3-1.cdninstagram.com/v/t51.89012-19/573323465_1219825463302212_7278921664109726296_n.jpg?stp=dst-jpg_s150x150_tt6&_nc_cat=1&ccb=7-5&_nc_sid=f7ccc5&efg=eyJ2ZW5jb2RlX3RhZyI6InByb2ZpbGVfcGljLnd3dy5DMyJ9&_nc_ohc=Pji814fEPTcQ7kNvwEQfzBU&_nc_oc=AdrbXG0C2zsHFHFt2tWdYZtbrjrVXViuXMoqPhNRKh66FGDq_rXi8c4VHgae9tGS6IE&_nc_zt=24&_nc_ht=scontent-iad3-1.cdninstagram.com&_nc_gid=Dfd6CmdWbXJuUiahTF5IFA&_nc_ss=7d6a8&oh=00_Af6-MOeBKqM9_DGYPMUXsQDQ2ji1uz9xIh--biAG5rRJSw&oe=6A0395A2,seada_adanya__,seada_adanya__,FALSE,FALSE,0,0
3.89166969171883E+018,https://www.instagram.com/p/DYB_Pc2DhLC/?utm_source=ig_web_copy_link&igsh=MzRlODBiNWFlZA==,1.62645167518114E+016,https://www.instagram.com/p/DYB_Pc2DhLC/?utm_source=ig_web_copy_link&igsh=MzRlODBiNWFlZA==/c/16264516751811379/,Katanya klarifikasi? waduh gila,1778237524,31,937009224858554,erna947,Erna947,https://scontent-iad6-1.cdninstagram.com/v/t51.82787-19/551057952_18479436106074710_8064216012374103146_n.jpg?stp=dst-jpg_s150x150_tt6&_nc_cat=100&ccb=7-5&_nc_sid=f7ccc5&efg=eyJ2ZW5jb2RlX3RhZyI6InByb2ZpbGVfcGljLnd3dy4xMDgwLkMzIn0%3D&_nc_ohc=zisp7lviP2UQ7kNvwGVckTa&_nc_oc=AdrP4WTEinqS-M0c1U5kitNgM9nRMhRgIz15SuIEqB1Icarxkh3GfM2v5jcWXonGHZs&_nc_zt=24&_nc_ht=scontent-iad6-1.cdninstagram.com&_nc_gid=WMI2tPWUAJnlmj3zmmGOgQ&_nc_ss=7d6a8&oh=00_Af6Pt6ofOyMjjmTz8I9Jp51xQ2V05t-WVRaS-M4bmdk-iw&oe=6A039416,erna947,erna947,FALSE,FALSE,2,2
3.89166969171883E+018,https://www.instagram.com/p/DYB_Pc2DhLC/?utm_source=ig_web_copy_link&igsh=MzRlODBiNWFlZA==,1.77597683998319E+016,https://www.instagram.com/p/DYB_Pc2DhLC/?utm_source=ig_web_copy_link&igsh=MzRlODBiNWFlZA==/c/17759768399831945/,Template mirip 🗿 astaga,1778229617,831,1042293891273467,rina890,Rina890,https://scontent-iad6-1.cdninstagram.com/v/t51.82787-19/551057952_18479436106074710_8064216012374103146_n.jpg?stp=dst-jpg_s150x150_tt6&_nc_cat=100&ccb=7-5&_nc_sid=f7ccc5&efg=eyJ2ZW5jb2RlX3RhZyI6InByb2ZpbGVfcGljLnd3dy4xMDgwLkMzIn0%3D&_nc_ohc=zisp7lviP2UQ7kNvwGVckTa&_nc_oc=AdrP4WTEinqS-M0c1U5kitNgM9nRMhRgIz15SuIEqB1Icarxkh3GfM2v5jcWXonGHZs&_nc_zt=24&_nc_ht=scontent-iad6-1.cdninstagram.com&_nc_gid=WMI2tPWUAJnlmj3zmmGOgQ&_nc_ss=7d6a8&oh=00_Af6Pt6ofOyMjjmTz8I9Jp51xQ2V05t-WVRaS-M4bmdk-iw&oe=6A039416,rina890,rina890,FALSE,FALSE,34,34
3.89166969171883E+018,https://www.instagram.com/p/DYB_Pc2DhLC/?utm_source=ig_web_copy_link&igsh=MzRlODBiNWFlZA==,1.78684098552144E+016,https://www.instagram.com/p/DYB_Pc2DhLC/?utm_source=ig_web_copy_link&igsh=MzRlODBiNWFlZA==/c/17868409855214397/,Tapi kasus gimana sih buset 🙌,1778228488,62,743404940676422,nugrohohendra4,Maya Anggraini,https://scontent-iad6-1.cdninstagram.com/v/t51.82787-19/551057952_18479436106074710_8064216012374103146_n.jpg?stp=dst-jpg_s150x150_tt6&_nc_cat=100&ccb=7-5&_nc_sid=f7ccc5&efg=eyJ2ZW5jb2RlX3RhZyI6InByb2ZpbGVfcGljLnd3dy4xMDgwLkMzIn0%3D&_nc_ohc=zisp7lviP2UQ7kNvwGVckTa&_nc_oc=AdrP4WTEinqS-M0c1U5kitNgM9nRMhRgIz15SuIEqB1Icarxkh3GfM2v5jcWXonGHZs&_nc_zt=24&_nc_ht=scontent-iad6-1.cdninstagram.com&_nc_gid=WMI2tPWUAJnlmj3zmmGOgQ&_nc_ss=7d6a8&oh=00_Af6Pt6ofOyMjjmTz8I9Jp51xQ2V05t-WVRaS-M4bmdk-iw&oe=6A039416,nugrohohendra4,nugrohohendra4,FALSE,FALSE,3,3
3.89166969171883E+018,https://www.instagram.com/p/DYB_Pc2DhLC/?utm_source=ig_web_copy_link&igsh=MzRlODBiNWFlZA==,1.10161055958619E+016,https://www.instagram.com/p/DYB_Pc2DhLC/?utm_source=ig_web_copy_link&igsh=MzRlODBiNWFlZA==/c/11016105595861877/,Berarti klarifikasi? astaga waduh,1778152388,189,599620617827179,bukanrina9,Nina Pratama,https://scontent-iad6-1.cdninstagram.com/v/t51.82787-19/551057952_18479436106074710_8064216012374103146_n.jpg?stp=dst-jpg_s150x150_tt6&_nc_cat=100&ccb=7-5&_nc_sid=f7ccc5&efg=eyJ2ZW5jb2RlX3RhZyI6InByb2ZpbGVfcGljLnd3dy4xMDgwLkMzIn0%3D&_nc_ohc=zisp7lviP2UQ7kNvwGVckTa&_nc_oc=AdrP4WTEinqS-M0c1U5kitNgM9nRMhRgIz15SuIEqB1Icarxkh3GfM2v5jcWXonGHZs&_nc_zt=24&_nc_ht=scontent-iad6-1.cdninstagram.com&_nc_gid=WMI2tPWUAJnlmj3zmmGOgQ&_nc_ss=7d6a8&oh=00_Af6Pt6ofOyMjjmTz8I9Jp51xQ2V05t-WVRaS-M4bmdk-iw&oe=6A039416,bukanrina9,bukanrina9,FALSE,FALSE,1,1
3.89166969171883E+018,https://www.instagram.com/p/DYB_Pc2DhLC/?utm_source=ig_web_copy_link&igsh=MzRlODBiNWFlZA==,1.36690782391286E+016,https://www.instagram.com/p/DYB_Pc2DhLC/?utm_source=ig_web_copy_link&igsh=MzRlODBiNWFlZA==/c/13669078239128588/,Qodari bilang beneran? serius? gila,1778149310,8,763863393952731,zzlia77,Nina Lestari,https://scontent-iad6-1.cdninstagram.com/v/t51.82787-19/551057952_18479436106074710_8064216012374103146_n.jpg?stp=dst-jpg_s150x150_tt6&_nc_cat=100&ccb=7-5&_nc_sid=f7ccc5&efg=eyJ2ZW5jb2RlX3RhZyI6InByb2ZpbGVfcGljLnd3dy4xMDgwLkMzIn0%3D&_nc_ohc=zisp7lviP2UQ7kNvwGVckTa&_nc_oc=AdrP4WTEinqS-M0c1U5kitNgM9nRMhRgIz15SuIEqB1Icarxkh3GfM2v5jcWXonGHZs&_nc_zt=24&_nc_ht=scontent-iad6-1.cdninstagram.com&_nc_gid=WMI2tPWUAJnlmj3zmmGOgQ&_nc_ss=7d6a8&oh=00_Af6Pt6ofOyMjjmTz8I9Jp51xQ2V05t-WVRaS-M4bmdk-iw&oe=6A039416,zzlia77,zzlia77,FALSE,FALSE,0,0
3.89166969171883E+018,https://www.instagram.com/p/DYB_Pc2DhLC/?utm_source=ig_web_copy_link&igsh=MzRlODBiNWFlZA==,1.75283510450388E+016,https://www.instagram.com/p/DYB_Pc2DhLC/?utm_source=ig_web_copy_link&igsh=MzRlODBiNWFlZA==/c/17528351045038821/,Baru tau dengan aparat 🤣,1778236498,321,122969256423179,lia962,Lia962,https://scontent-iad6-1.cdninstagram.com/v/t51.82787-19/551057952_18479436106074710_8064216012374103146_n.jpg?stp=dst-jpg_s150x150_tt6&_nc_cat=100&ccb=7-5&_nc_sid=f7ccc5&efg=eyJ2ZW5jb2RlX3RhZyI6InByb2ZpbGVfcGljLnd3dy4xMDgwLkMzIn0%3D&_nc_ohc=zisp7lviP2UQ7kNvwGVckTa&_nc_oc=AdrP4WTEinqS-M0c1U5kitNgM9nRMhRgIz15SuIEqB1Icarxkh3GfM2v5jcWXonGHZs&_nc_zt=24&_nc_ht=scontent-iad6-1.cdninstagram.com&_nc_gid=WMI2tPWUAJnlmj3zmmGOgQ&_nc_ss=7d6a8&oh=00_Af6Pt6ofOyMjjmTz8I9Jp51xQ2V05t-WVRaS-M4bmdk-iw&oe=6A039416,lia962,lia962,FALSE,FALSE,6,6
3.89166969171883E+018,https://www.instagram.com/p/DYB_Pc2DhLC/?utm_source=ig_web_copy_link&igsh=MzRlODBiNWFlZA==,1.32224197903185E+016,https://www.instagram.com/p/DYB_Pc2DhLC/?utm_source=ig_web_copy_link&igsh=MzRlODBiNWFlZA==/c/13222419790318490/,salfok kritik terus istana astaga,1778195038,393,554935975792474,joko.mulyadi77,Putri Purnomo,https://scontent-iad6-1.cdninstagram.com/v/t51.82787-19/551057952_18479436106074710_8064216012374103146_n.jpg?stp=dst-jpg_s150x150_tt6&_nc_cat=100&ccb=7-5&_nc_sid=f7ccc5&efg=eyJ2ZW5jb2RlX3RhZyI6InByb2ZpbGVfcGljLnd3dy4xMDgwLkMzIn0%3D&_nc_ohc=zisp7lviP2UQ7kNvwGVckTa&_nc_oc=AdrP4WTEinqS-M0c1U5kitNgM9nRMhRgIz15SuIEqB1Icarxkh3GfM2v5jcWXonGHZs&_nc_zt=24&_nc_ht=scontent-iad6-1.cdninstagram.com&_nc_gid=WMI2tPWUAJnlmj3zmmGOgQ&_nc_ss=7d6a8&oh=00_Af6Pt6ofOyMjjmTz8I9Jp51xQ2V05t-WVRaS-M4bmdk-iw&oe=6A039416,joko.mulyadi77,joko.mulyadi77,FALSE,FALSE,14,14
3.89166969171883E+018,https://www.instagram.com/p/DYB_Pc2DhLC/?utm_source=ig_web_copy_link&igsh=MzRlODBiNWFlZA==,1.60265094116218E+016,https://www.instagram.com/p/DYB_Pc2DhLC/?utm_source=ig_web_copy_link&igsh=MzRlODBiNWFlZA==/c/16026509411621818/,Kemarin bank beneran? wkwk,1778160672,6,542959453974246,bukantono,Bukantono,https://scontent-iad6-1.cdninstagram.com/v/t51.82787-19/551057952_18479436106074710_8064216012374103146_n.jpg?stp=dst-jpg_s150x150_tt6&_nc_cat=100&ccb=7-5&_nc_sid=f7ccc5&efg=eyJ2ZW5jb2RlX3RhZyI6InByb2ZpbGVfcGljLnd3dy4xMDgwLkMzIn0%3D&_nc_ohc=zisp7lviP2UQ7kNvwGVckTa&_nc_oc=AdrP4WTEinqS-M0c1U5kitNgM9nRMhRgIz15SuIEqB1Icarxkh3GfM2v5jcWXonGHZs&_nc_zt=24&_nc_ht=scontent-iad6-1.cdninstagram.com&_nc_gid=WMI2tPWUAJnlmj3zmmGOgQ&_nc_ss=7d6a8&oh=00_Af6Pt6ofOyMjjmTz8I9Jp51xQ2V05t-WVRaS-M4bmdk-iw&oe=6A039416,bukantono,bukantono,FALSE,FALSE,2,2
3.89166969171883E+018,https://www.instagram.com/p/DYB_Pc2DhLC/?utm_source=ig_web_copy_link&igsh=MzRlODBiNWFlZA==,1.69783901515733E+016,https://www.instagram.com/p/DYB_Pc2DhLC/?utm_source=ig_web_copy_link&igsh=MzRlODBiNWFlZA==/c/16978390151573306/,Baru tau dengan rezim astaga astaga,1778194367,22,1097234509874269,si_agung4,Fajar Kusuma,https://scontent-iad6-1.cdninstagram.com/v/t51.82787-19/551057952_18479436106074710_8064216012374103146_n.jpg?stp=dst-jpg_s150x150_tt6&_nc_cat=100&ccb=7-5&_nc_sid=f7ccc5&efg=eyJ2ZW5jb2RlX3RhZyI6InByb2ZpbGVfcGljLnd3dy4xMDgwLkMzIn0%3D&_nc_ohc=zisp7lviP2UQ7kNvwGVckTa&_nc_oc=AdrP4WTEinqS-M0c1U5kitNgM9nRMhRgIz15SuIEqB1Icarxkh3GfM2v5jcWXonGHZs&_nc_zt=24&_nc_ht=scontent-iad6-1.cdninstagram.com&_nc_gid=WMI2tPWUAJnlmj3zmmGOgQ&_nc_ss=7d6a8&oh=00_Af6Pt6ofOyMjjmTz8I9Jp51xQ2V05t-WVRaS-M4bmdk-iw&oe=6A039416,si_agung4,si_agung4,FALSE,FALSE,6,6
3.89166969171883E+018,https://www.instagram.com/p/DYB_Pc2DhLC/?utm_source=ig_web_copy_link&igsh=MzRlODBiNWFlZA==,1.22713746904331E+016,https://www.instagram.com/p/DYB_Pc2DhLC/?utm_source=ig_web_copy_link&igsh=MzRlODBiNWFlZA==/c/12271374690433077/,Qodari bilang hoax? masa sih,1778227861,11,925762505420786,ningsihhadi6,Ningsihhadi6,https://scontent-iad6-1.cdninstagram.com/v/t51.82787-19/551057952_18479436106074710_8064216012374103146_n.jpg?stp=dst-jpg_s150x150_tt6&_nc_cat=100&ccb=7-5&_nc_sid=f7ccc5&efg=eyJ2ZW5jb2RlX3RhZyI6InByb2ZpbGVfcGljLnd3dy4xMDgwLkMzIn0%3D&_nc_ohc=zisp7lviP2UQ7kNvwGVckTa&_nc_oc=AdrP4WTEinqS-M0c1U5kitNgM9nRMhRgIz15SuIEqB1Icarxkh3GfM2v5jcWXonGHZs&_nc_zt=24&_nc_ht=scontent-iad6-1.cdninstagram.com&_nc_gid=WMI2tPWUAJnlmj3zmmGOgQ&_nc_ss=7d6a8&oh=00_Af6Pt6ofOyMjjmTz8I9Jp51xQ2V05t-WVRaS-M4bmdk-iw&oe=6A039416,ningsihhadi6,ningsihhadi6,FALSE,FALSE,5,5
3.89166969171883E+018,https://www.instagram.com/p/DYB_Pc2DhLC/?utm_source=ig_web_copy_link&igsh=MzRlODBiNWFlZA==,1.81273820925903E+016,https://www.instagram.com/p/DYB_Pc2DhLC/?utm_source=ig_web_copy_link&igsh=MzRlODBiNWFlZA==/c/18127382092590254/,wkwk,1778158057,10,9463867773,curhatanmahasiswa.id,MAHASISWA | CURHATAN | INFO,https://scontent-iad3-1.cdninstagram.com/v/t51.2885-19/46074238_331071514386581_6882639157164769280_n.jpg?stp=dst-jpg_s150x150_tt6&_nc_cat=1&ccb=7-5&_nc_sid=f7ccc5&efg=eyJ2ZW5jb2RlX3RhZyI6InByb2ZpbGVfcGljLnd3dy4xMDgwLkMzIn0%3D&_nc_ohc=FY4ugH1L4osQ7kNvwGeH_ll&_nc_oc=AdqdPrdhp65nYk7mzaahb8uNg7TbtyZPYTDXS4guVHjNvWKqbHLYq62M5g5Q02GO56k&_nc_zt=24&_nc_ht=scontent-iad3-1.cdninstagram.com&_nc_ss=7d6a8&oh=00_Af7hDrMh7-mEm83Cv7YDnYc7ZBF8kRB5Nd6Of8kbC36UEw&oe=6A038CC9,curhatanmahasiswa.id,curhatanmahasiswa.id,TRUE,FALSE,0,0
3.89166969171883E+018,https://www.instagram.com/p/DYB_Pc2DhLC/?utm_source=ig_web_copy_link&igsh=MzRlODBiNWFlZA==,1.57357123955527E+016,https://www.instagram.com/p/DYB_Pc2DhLC/?utm_source=ig_web_copy_link&igsh=MzRlODBiNWFlZA==/c/15735712395552705/,😂 pemerintah cuci tangan cuy,1778178488,811,648327729989097,lia123,Budi Lestari,https://scontent-iad6-1.cdninstagram.com/v/t51.82787-19/551057952_18479436106074710_8064216012374103146_n.jpg?stp=dst-jpg_s150x150_tt6&_nc_cat=100&ccb=7-5&_nc_sid=f7ccc5&efg=eyJ2ZW5jb2RlX3RhZyI6InByb2ZpbGVfcGljLnd3dy4xMDgwLkMzIn0%3D&_nc_ohc=zisp7lviP2UQ7kNvwGVckTa&_nc_oc=AdrP4WTEinqS-M0c1U5kitNgM9nRMhRgIz15SuIEqB1Icarxkh3GfM2v5jcWXonGHZs&_nc_zt=24&_nc_ht=scontent-iad6-1.cdninstagram.com&_nc_gid=WMI2tPWUAJnlmj3zmmGOgQ&_nc_ss=7d6a8&oh=00_Af6Pt6ofOyMjjmTz8I9Jp51xQ2V05t-WVRaS-M4bmdk-iw&oe=6A039416,lia123,lia123,FALSE,FALSE,21,21
3.89166969171883E+018,https://www.instagram.com/p/DYB_Pc2DhLC/?utm_source=ig_web_copy_link&igsh=MzRlODBiNWFlZA==,1.80899242220079E+016,https://www.instagram.com/p/DYB_Pc2DhLC/?utm_source=ig_web_copy_link&igsh=MzRlODBiNWFlZA==/c/18089924222007856/,prettt,1778230506,1,21922068188,oten_oten_oten_oten_oten,OTEN OH OTEN OH OTEN,https://scontent-iad6-1.cdninstagram.com/v/t51.82787-19/686494677_18107891959732189_1344033525442068639_n.jpg?stp=dst-jpg_s150x150_tt6&_nc_cat=106&ccb=7-5&_nc_sid=f7ccc5&efg=eyJ2ZW5jb2RlX3RhZyI6InByb2ZpbGVfcGljLnd3dy4xMDgwLkMzIn0%3D&_nc_ohc=EuXG4jrQvkUQ7kNvwG6DrMv&_nc_oc=AdoUiWuFpG3vfSCg2Q1ZUP2yEz3ZorqslCSr7_UO2VXU8KTkA6lwplLVxySnlvqI-xQ&_nc_zt=24&_nc_ht=scontent-iad6-1.cdninstagram.com&_nc_gid=OPk-UPwzzI7cD03qvCgHGQ&_nc_ss=7d6a8&oh=00_Af6tlRZ4iVwn173KiecJMqKbh6mYozgS8MP1ee3HQvVmJg&oe=6A039BCB,oten_oten_oten_oten_oten,oten_oten_oten_oten_oten,FALSE,FALSE,0,0
3.89166969171883E+018,https://www.instagram.com/p/DYB_Pc2DhLC/?utm_source=ig_web_copy_link&igsh=MzRlODBiNWFlZA==,1.86845600130259E+016,https://www.instagram.com/p/DYB_Pc2DhLC/?utm_source=ig_web_copy_link&igsh=MzRlODBiNWFlZA==/c/18684560013025903/,Kemarin BNI kok ga astaga masa sih,1778238131,1842,416017269427921,anggrainilia77,Nina Wibowo,https://scontent-iad6-1.cdninstagram.com/v/t51.82787-19/551057952_18479436106074710_8064216012374103146_n.jpg?stp=dst-jpg_s150x150_tt6&_nc_cat=100&ccb=7-5&_nc_sid=f7ccc5&efg=eyJ2ZW5jb2RlX3RhZyI6InByb2ZpbGVfcGljLnd3dy4xMDgwLkMzIn0%3D&_nc_ohc=zisp7lviP2UQ7kNvwGVckTa&_nc_oc=AdrP4WTEinqS-M0c1U5kitNgM9nRMhRgIz15SuIEqB1Icarxkh3GfM2v5jcWXonGHZs&_nc_zt=24&_nc_ht=scontent-iad6-1.cdninstagram.com&_nc_gid=WMI2tPWUAJnlmj3zmmGOgQ&_nc_ss=7d6a8&oh=00_Af6Pt6ofOyMjjmTz8I9Jp51xQ2V05t-WVRaS-M4bmdk-iw&oe=6A039416,anggrainilia77,anggrainilia77,FALSE,FALSE,25,25
3.89166969171883E+018,https://www.instagram.com/p/DYB_Pc2DhLC/?utm_source=ig_web_copy_link&igsh=MzRlODBiNWFlZA==,1.54079904459798E+016,https://www.instagram.com/p/DYB_Pc2DhLC/?utm_source=ig_web_copy_link&igsh=MzRlODBiNWFlZA==/c/15407990445979781/,🤣 plat merah klarifikasi kak,1778216905,43,307000169157115,si_bella2,Si_bella2,https://scontent-iad6-1.cdninstagram.com/v/t51.82787-19/551057952_18479436106074710_8064216012374103146_n.jpg?stp=dst-jpg_s150x150_tt6&_nc_cat=100&ccb=7-5&_nc_sid=f7ccc5&efg=eyJ2ZW5jb2RlX3RhZyI6InByb2ZpbGVfcGljLnd3dy4xMDgwLkMzIn0%3D&_nc_ohc=zisp7lviP2UQ7kNvwGVckTa&_nc_oc=AdrP4WTEinqS-M0c1U5kitNgM9nRMhRgIz15SuIEqB1Icarxkh3GfM2v5jcWXonGHZs&_nc_zt=24&_nc_ht=scontent-iad6-1.cdninstagram.com&_nc_gid=WMI2tPWUAJnlmj3zmmGOgQ&_nc_ss=7d6a8&oh=00_Af6Pt6ofOyMjjmTz8I9Jp51xQ2V05t-WVRaS-M4bmdk-iw&oe=6A039416,si_bella2,si_bella2,FALSE,FALSE,1,1
3.89166969171883E+018,https://www.instagram.com/p/DYB_Pc2DhLC/?utm_source=ig_web_copy_link&igsh=MzRlODBiNWFlZA==,1.92121142061857E+016,https://www.instagram.com/p/DYB_Pc2DhLC/?utm_source=ig_web_copy_link&igsh=MzRlODBiNWFlZA==/c/19212114206185689/,@folkative coba jawab briefing swasembada 🗿,1778162863,309,252454322970657,si_oscar11,Cahya Nugroho,https://scontent-iad6-1.cdninstagram.com/v/t51.82787-19/551057952_18479436106074710_8064216012374103146_n.jpg?stp=dst-jpg_s150x150_tt6&_nc_cat=100&ccb=7-5&_nc_sid=f7ccc5&efg=eyJ2ZW5jb2RlX3RhZyI6InByb2ZpbGVfcGljLnd3dy4xMDgwLkMzIn0%3D&_nc_ohc=zisp7lviP2UQ7kNvwGVckTa&_nc_oc=AdrP4WTEinqS-M0c1U5kitNgM9nRMhRgIz15SuIEqB1Icarxkh3GfM2v5jcWXonGHZs&_nc_zt=24&_nc_ht=scontent-iad6-1.cdninstagram.com&_nc_gid=WMI2tPWUAJnlmj3zmmGOgQ&_nc_ss=7d6a8&oh=00_Af6Pt6ofOyMjjmTz8I9Jp51xQ2V05t-WVRaS-M4bmdk-iw&oe=6A039416,si_oscar11,si_oscar11,FALSE,FALSE,20,20
3.89166969171883E+018,https://www.instagram.com/p/DYB_Pc2DhLC/?utm_source=ig_web_copy_link&igsh=MzRlODBiNWFlZA==,1.13694635223093E+016,https://www.instagram.com/p/DYB_Pc2DhLC/?utm_source=ig_web_copy_link&igsh=MzRlODBiNWFlZA==/c/11369463522309337/,Bukannya cuci tangan? 😂 hahaha,1778214028,24,800681296992527,sihlia8,Sihlia8,https://scontent-iad6-1.cdninstagram.com/v/t51.82787-19/551057952_18479436106074710_8064216012374103146_n.jpg?stp=dst-jpg_s150x150_tt6&_nc_cat=100&ccb=7-5&_nc_sid=f7ccc5&efg=eyJ2ZW5jb2RlX3RhZyI6InByb2ZpbGVfcGljLnd3dy4xMDgwLkMzIn0%3D&_nc_ohc=zisp7lviP2UQ7kNvwGVckTa&_nc_oc=AdrP4WTEinqS-M0c1U5kitNgM9nRMhRgIz15SuIEqB1Icarxkh3GfM2v5jcWXonGHZs&_nc_zt=24&_nc_ht=scontent-iad6-1.cdninstagram.com&_nc_gid=WMI2tPWUAJnlmj3zmmGOgQ&_nc_ss=7d6a8&oh=00_Af6Pt6ofOyMjjmTz8I9Jp51xQ2V05t-WVRaS-M4bmdk-iw&oe=6A039416,sihlia8,sihlia8,FALSE,FALSE,6,6
3.89166969171883E+018,https://www.instagram.com/p/DYB_Pc2DhLC/?utm_source=ig_web_copy_link&igsh=MzRlODBiNWFlZA==,1.71841750676708E+016,https://www.instagram.com/p/DYB_Pc2DhLC/?utm_source=ig_web_copy_link&igsh=MzRlODBiNWFlZA==/c/17184175067670755/,astaga panik nih buzer hahaha,1778217347,182,892473600752136,bukankevin10,Bukankevin10,https://scontent-iad6-1.cdninstagram.com/v/t51.82787-19/551057952_18479436106074710_8064216012374103146_n.jpg?stp=dst-jpg_s150x150_tt6&_nc_cat=100&ccb=7-5&_nc_sid=f7ccc5&efg=eyJ2ZW5jb2RlX3RhZyI6InByb2ZpbGVfcGljLnd3dy4xMDgwLkMzIn0%3D&_nc_ohc=zisp7lviP2UQ7kNvwGVckTa&_nc_oc=AdrP4WTEinqS-M0c1U5kitNgM9nRMhRgIz15SuIEqB1Icarxkh3GfM2v5jcWXonGHZs&_nc_zt=24&_nc_ht=scontent-iad6-1.cdninstagram.com&_nc_gid=WMI2tPWUAJnlmj3zmmGOgQ&_nc_ss=7d6a8&oh=00_Af6Pt6ofOyMjjmTz8I9Jp51xQ2V05t-WVRaS-M4bmdk-iw&oe=6A039416,bukankevin10,bukankevin10,FALSE,FALSE,8,8
3.89166969171883E+018,https://www.instagram.com/p/DYB_Pc2DhLC/?utm_source=ig_web_copy_link&igsh=MzRlODBiNWFlZA==,1.74391109949089E+016,https://www.instagram.com/p/DYB_Pc2DhLC/?utm_source=ig_web_copy_link&igsh=MzRlODBiNWFlZA==/c/17439110994908900/,@folkative serius nih panik swasembada,1778175819,145,780694688598850,bukanfajar123,Bukanfajar123,https://scontent-iad6-1.cdninstagram.com/v/t51.82787-19/551057952_18479436106074710_8064216012374103146_n.jpg?stp=dst-jpg_s150x150_tt6&_nc_cat=100&ccb=7-5&_nc_sid=f7ccc5&efg=eyJ2ZW5jb2RlX3RhZyI6InByb2ZpbGVfcGljLnd3dy4xMDgwLkMzIn0%3D&_nc_ohc=zisp7lviP2UQ7kNvwGVckTa&_nc_oc=AdrP4WTEinqS-M0c1U5kitNgM9nRMhRgIz15SuIEqB1Icarxkh3GfM2v5jcWXonGHZs&_nc_zt=24&_nc_ht=scontent-iad6-1.cdninstagram.com&_nc_gid=WMI2tPWUAJnlmj3zmmGOgQ&_nc_ss=7d6a8&oh=00_Af6Pt6ofOyMjjmTz8I9Jp51xQ2V05t-WVRaS-M4bmdk-iw&oe=6A039416,bukanfajar123,bukanfajar123,FALSE,FALSE,19,19
3.89166969171883E+018,https://www.instagram.com/p/DYB_Pc2DhLC/?utm_source=ig_web_copy_link&igsh=MzRlODBiNWFlZA==,1.47335415900506E+016,https://www.instagram.com/p/DYB_Pc2DhLC/?utm_source=ig_web_copy_link&igsh=MzRlODBiNWFlZA==/c/14733541590050573/,🙌 kritik dong buzer masa sih,1778230014,4,888149844466406,leni.saputra1,Leni.saputra1,https://scontent-iad6-1.cdninstagram.com/v/t51.82787-19/551057952_18479436106074710_8064216012374103146_n.jpg?stp=dst-jpg_s150x150_tt6&_nc_cat=100&ccb=7-5&_nc_sid=f7ccc5&efg=eyJ2ZW5jb2RlX3RhZyI6InByb2ZpbGVfcGljLnd3dy4xMDgwLkMzIn0%3D&_nc_ohc=zisp7lviP2UQ7kNvwGVckTa&_nc_oc=AdrP4WTEinqS-M0c1U5kitNgM9nRMhRgIz15SuIEqB1Icarxkh3GfM2v5jcWXonGHZs&_nc_zt=24&_nc_ht=scontent-iad6-1.cdninstagram.com&_nc_gid=WMI2tPWUAJnlmj3zmmGOgQ&_nc_ss=7d6a8&oh=00_Af6Pt6ofOyMjjmTz8I9Jp51xQ2V05t-WVRaS-M4bmdk-iw&oe=6A039416,leni.saputra1,leni.saputra1,FALSE,FALSE,0,0
3.89166969171883E+018,https://www.instagram.com/p/DYB_Pc2DhLC/?utm_source=ig_web_copy_link&igsh=MzRlODBiNWFlZA==,1.80993726052807E+016,https://www.instagram.com/p/DYB_Pc2DhLC/?utm_source=ig_web_copy_link&igsh=MzRlODBiNWFlZA==/c/18099372605280653/,Ga jadi unfoll,1778144896,0,415382576,kadafimoch,Dafi,https://scontent-iad3-1.cdninstagram.com/v/t51.82787-19/546496274_18527925904022577_1104970637910812931_n.jpg?stp=dst-jpg_s150x150_tt6&_nc_cat=101&ccb=7-5&_nc_sid=f7ccc5&efg=eyJ2ZW5jb2RlX3RhZyI6InByb2ZpbGVfcGljLnd3dy4xMDgwLkMzIn0%3D&_nc_ohc=qniU9RGdxloQ7kNvwFvUOYa&_nc_oc=AdoL9Ed3r6t9JrZUhG7CuJO9yNJCBP9fkmgX1Dqe15NSCHqhyg4erI7JpwPihQCUE9k&_nc_zt=24&_nc_ht=scontent-iad3-1.cdninstagram.com&_nc_gid=KorXe_l-7gqhAn7_b5B-uQ&_nc_ss=7d6a8&oh=00_Af66N-5ahkoXrRCyZOH9TLIw2d8JHvk4fEKWPvZWMhjgcQ&oe=6A039ACA,kadafimoch,kadafimoch,FALSE,FALSE,1,1
3.89166969171883E+018,https://www.instagram.com/p/DYB_Pc2DhLC/?utm_source=ig_web_copy_link&igsh=MzRlODBiNWFlZA==,1.80788227825666E+016,https://www.instagram.com/p/DYB_Pc2DhLC/?utm_source=ig_web_copy_link&igsh=MzRlODBiNWFlZA==/c/18078822782566639/,😂,1778150393,13,1432327491,sepiahara_,Sepiahara_,https://scontent-iad3-1.cdninstagram.com/v/t51.2885-19/402082743_207270569070698_5440876570341525002_n.jpg?stp=dst-jpg_s150x150_tt6&_nc_cat=101&ccb=7-5&_nc_sid=f7ccc5&efg=eyJ2ZW5jb2RlX3RhZyI6InByb2ZpbGVfcGljLnd3dy45NTQuQzMifQ%3D%3D&_nc_ohc=5kuyLFmFzjUQ7kNvwFZ0e1o&_nc_oc=AdqHKDKVID8f4oJ6-_-8evul1qj9TOc6xBDRU7q4rSJRes8YkwG5HyVa7572ah1Olz0&_nc_zt=24&_nc_ht=scontent-iad3-1.cdninstagram.com&_nc_ss=7d6a8&oh=00_Af66CvtvyACNSCcPoCR3D0EsMn2qZ9IQ-ywkE4_lXyN5Uw&oe=6A03B13B,sepiahara_,sepiahara_,TRUE,FALSE,0,0
3.89166969171883E+018,https://www.instagram.com/p/DYB_Pc2DhLC/?utm_source=ig_web_copy_link&igsh=MzRlODBiNWFlZA==,1.73907411473772E+016,https://www.instagram.com/p/DYB_Pc2DhLC/?utm_source=ig_web_copy_link&igsh=MzRlODBiNWFlZA==/c/17390741147377205/,Template copas serius?,1778238136,52,229116728642470,saridewi12,Saridewi12,https://scontent-iad6-1.cdninstagram.com/v/t51.82787-19/551057952_18479436106074710_8064216012374103146_n.jpg?stp=dst-jpg_s150x150_tt6&_nc_cat=100&ccb=7-5&_nc_sid=f7ccc5&efg=eyJ2ZW5jb2RlX3RhZyI6InByb2ZpbGVfcGljLnd3dy4xMDgwLkMzIn0%3D&_nc_ohc=zisp7lviP2UQ7kNvwGVckTa&_nc_oc=AdrP4WTEinqS-M0c1U5kitNgM9nRMhRgIz15SuIEqB1Icarxkh3GfM2v5jcWXonGHZs&_nc_zt=24&_nc_ht=scontent-iad6-1.cdninstagram.com&_nc_gid=WMI2tPWUAJnlmj3zmmGOgQ&_nc_ss=7d6a8&oh=00_Af6Pt6ofOyMjjmTz8I9Jp51xQ2V05t-WVRaS-M4bmdk-iw&oe=6A039416,saridewi12,saridewi12,TRUE,FALSE,0,0
3.89166969171883E+018,https://www.instagram.com/p/DYB_Pc2DhLC/?utm_source=ig_web_copy_link&igsh=MzRlODBiNWFlZA==,1.92967333247262E+016,https://www.instagram.com/p/DYB_Pc2DhLC/?utm_source=ig_web_copy_link&igsh=MzRlODBiNWFlZA==/c/19296733324726223/,buset arahan terus buzzer masa sih,1778144459,1,385962174168217,si_bella321,Nina Pratama,https://scontent-iad6-1.cdninstagram.com/v/t51.82787-19/551057952_18479436106074710_8064216012374103146_n.jpg?stp=dst-jpg_s150x150_tt6&_nc_cat=100&ccb=7-5&_nc_sid=f7ccc5&efg=eyJ2ZW5jb2RlX3RhZyI6InByb2ZpbGVfcGljLnd3dy4xMDgwLkMzIn0%3D&_nc_ohc=zisp7lviP2UQ7kNvwGVckTa&_nc_oc=AdrP4WTEinqS-M0c1U5kitNgM9nRMhRgIz15SuIEqB1Icarxkh3GfM2v5jcWXonGHZs&_nc_zt=24&_nc_ht=scontent-iad6-1.cdninstagram.com&_nc_gid=WMI2tPWUAJnlmj3zmmGOgQ&_nc_ss=7d6a8&oh=00_Af6Pt6ofOyMjjmTz8I9Jp51xQ2V05t-WVRaS-M4bmdk-iw&oe=6A039416,si_bella321,si_bella321,FALSE,FALSE,2,2
3.89166969171883E+018,https://www.instagram.com/p/DYB_Pc2DhLC/?utm_source=ig_web_copy_link&igsh=MzRlODBiNWFlZA==,1.88405293575041E+016,https://www.instagram.com/p/DYB_Pc2DhLC/?utm_source=ig_web_copy_link&igsh=MzRlODBiNWFlZA==/c/18840529357504076/,buset copy paste nih qodari,1778216868,30,724413945433276,bukanxena6,Bukanxena6,https://scontent-iad6-1.cdninstagram.com/v/t51.82787-19/551057952_18479436106074710_8064216012374103146_n.jpg?stp=dst-jpg_s150x150_tt6&_nc_cat=100&ccb=7-5&_nc_sid=f7ccc5&efg=eyJ2ZW5jb2RlX3RhZyI6InByb2ZpbGVfcGljLnd3dy4xMDgwLkMzIn0%3D&_nc_ohc=zisp7lviP2UQ7kNvwGVckTa&_nc_oc=AdrP4WTEinqS-M0c1U5kitNgM9nRMhRgIz15SuIEqB1Icarxkh3GfM2v5jcWXonGHZs&_nc_zt=24&_nc_ht=scontent-iad6-1.cdninstagram.com&_nc_gid=WMI2tPWUAJnlmj3zmmGOgQ&_nc_ss=7d6a8&oh=00_Af6Pt6ofOyMjjmTz8I9Jp51xQ2V05t-WVRaS-M4bmdk-iw&oe=6A039416,bukanxena6,bukanxena6,FALSE,FALSE,3,3
3.89166969171883E+018,https://www.instagram.com/p/DYB_Pc2DhLC/?utm_source=ig_web_copy_link&igsh=MzRlODBiNWFlZA==,1.80929338042723E+016,https://www.instagram.com/p/DYB_Pc2DhLC/?utm_source=ig_web_copy_link&igsh=MzRlODBiNWFlZA==/c/18092933804272331/,APAANIH KOK KETINGGALAN SIH?? 😭,1778143293,605,4908523843,achmadramadhan05_,Achmad Ramadhan,https://scontent-iad6-1.cdninstagram.com/v/t51.2885-19/470731640_839087208223820_4597397778494042734_n.jpg?stp=dst-jpg_s150x150_tt6&_nc_cat=106&ccb=7-5&_nc_sid=f7ccc5&efg=eyJ2ZW5jb2RlX3RhZyI6InByb2ZpbGVfcGljLnd3dy41MjYuQzMifQ%3D%3D&_nc_ohc=VB717xeUTD4Q7kNvwGXwGHB&_nc_oc=Ado6C2M8isiVFUQ0_1GL18pOunMhuZUadUZN2dWVwuKTae8B-DbARReggGv6HqZySlE&_nc_zt=24&_nc_ht=scontent-iad6-1.cdninstagram.com&_nc_ss=7d6a8&oh=00_Af60GXta59PttAhJDxE3Tstz9SnJqLXLP2doeUX_46OenQ&oe=6A03A2C8,achmadramadhan05_,achmadramadhan05_,FALSE,FALSE,5,5
3.89166969171883E+018,https://www.instagram.com/p/DYB_Pc2DhLC/?utm_source=ig_web_copy_link&igsh=MzRlODBiNWFlZA==,1.46089322056785E+016,https://www.instagram.com/p/DYB_Pc2DhLC/?utm_source=ig_web_copy_link&igsh=MzRlODBiNWFlZA==/c/14608932205678525/,waduh klarifikasi terus buzer wkwk,1778191493,45,681860242986156,cuyzaki12,Cuyzaki12,https://scontent-iad6-1.cdninstagram.com/v/t51.82787-19/551057952_18479436106074710_8064216012374103146_n.jpg?stp=dst-jpg_s150x150_tt6&_nc_cat=100&ccb=7-5&_nc_sid=f7ccc5&efg=eyJ2ZW5jb2RlX3RhZyI6InByb2ZpbGVfcGljLnd3dy4xMDgwLkMzIn0%3D&_nc_ohc=zisp7lviP2UQ7kNvwGVckTa&_nc_oc=AdrP4WTEinqS-M0c1U5kitNgM9nRMhRgIz15SuIEqB1Icarxkh3GfM2v5jcWXonGHZs&_nc_zt=24&_nc_ht=scontent-iad6-1.cdninstagram.com&_nc_gid=WMI2tPWUAJnlmj3zmmGOgQ&_nc_ss=7d6a8&oh=00_Af6Pt6ofOyMjjmTz8I9Jp51xQ2V05t-WVRaS-M4bmdk-iw&oe=6A039416,cuyzaki12,cuyzaki12,FALSE,FALSE,6,6
3.89166969171883E+018,https://www.instagram.com/p/DYB_Pc2DhLC/?utm_source=ig_web_copy_link&igsh=MzRlODBiNWFlZA==,1.42123488724706E+016,https://www.instagram.com/p/DYB_Pc2DhLC/?utm_source=ig_web_copy_link&igsh=MzRlODBiNWFlZA==/c/14212348872470549/,Ga jadi unfollow dengan buzzer 🔥 astaga,1778175412,41,818590264417878,rina11,Rina11,https://scontent-iad6-1.cdninstagram.com/v/t51.82787-19/551057952_18479436106074710_8064216012374103146_n.jpg?stp=dst-jpg_s150x150_tt6&_nc_cat=100&ccb=7-5&_nc_sid=f7ccc5&efg=eyJ2ZW5jb2RlX3RhZyI6InByb2ZpbGVfcGljLnd3dy4xMDgwLkMzIn0%3D&_nc_ohc=zisp7lviP2UQ7kNvwGVckTa&_nc_oc=AdrP4WTEinqS-M0c1U5kitNgM9nRMhRgIz15SuIEqB1Icarxkh3GfM2v5jcWXonGHZs&_nc_zt=24&_nc_ht=scontent-iad6-1.cdninstagram.com&_nc_gid=WMI2tPWUAJnlmj3zmmGOgQ&_nc_ss=7d6a8&oh=00_Af6Pt6ofOyMjjmTz8I9Jp51xQ2V05t-WVRaS-M4bmdk-iw&oe=6A039416,rina11,rina11,FALSE,FALSE,4,4
3.89166969171883E+018,https://www.instagram.com/p/DYB_Pc2DhLC/?utm_source=ig_web_copy_link&igsh=MzRlODBiNWFlZA==,1.20988109056673E+016,https://www.instagram.com/p/DYB_Pc2DhLC/?utm_source=ig_web_copy_link&igsh=MzRlODBiNWFlZA==/c/12098810905667272/,Qodari bilang darimana? wkwk,1778173968,2142,520017772555376,dailygendis77,Dailygendis77,https://scontent-iad6-1.cdninstagram.com/v/t51.82787-19/551057952_18479436106074710_8064216012374103146_n.jpg?stp=dst-jpg_s150x150_tt6&_nc_cat=100&ccb=7-5&_nc_sid=f7ccc5&efg=eyJ2ZW5jb2RlX3RhZyI6InByb2ZpbGVfcGljLnd3dy4xMDgwLkMzIn0%3D&_nc_ohc=zisp7lviP2UQ7kNvwGVckTa&_nc_oc=AdrP4WTEinqS-M0c1U5kitNgM9nRMhRgIz15SuIEqB1Icarxkh3GfM2v5jcWXonGHZs&_nc_zt=24&_nc_ht=scontent-iad6-1.cdninstagram.com&_nc_gid=WMI2tPWUAJnlmj3zmmGOgQ&_nc_ss=7d6a8&oh=00_Af6Pt6ofOyMjjmTz8I9Jp51xQ2V05t-WVRaS-M4bmdk-iw&oe=6A039416,dailygendis77,dailygendis77,FALSE,FALSE,38,38
3.89166969171883E+018,https://www.instagram.com/p/DYB_Pc2DhLC/?utm_source=ig_web_copy_link&igsh=MzRlODBiNWFlZA==,1.61037201353169E+016,https://www.instagram.com/p/DYB_Pc2DhLC/?utm_source=ig_web_copy_link&igsh=MzRlODBiNWFlZA==/c/16103720135316926/,Padahal swasembada gimana sih waduh,1778195204,389,371597834962926,rina88,Umar Saputra,https://scontent-iad6-1.cdninstagram.com/v/t51.82787-19/551057952_18479436106074710_8064216012374103146_n.jpg?stp=dst-jpg_s150x150_tt6&_nc_cat=100&ccb=7-5&_nc_sid=f7ccc5&efg=eyJ2ZW5jb2RlX3RhZyI6InByb2ZpbGVfcGljLnd3dy4xMDgwLkMzIn0%3D&_nc_ohc=zisp7lviP2UQ7kNvwGVckTa&_nc_oc=AdrP4WTEinqS-M0c1U5kitNgM9nRMhRgIz15SuIEqB1Icarxkh3GfM2v5jcWXonGHZs&_nc_zt=24&_nc_ht=scontent-iad6-1.cdninstagram.com&_nc_gid=WMI2tPWUAJnlmj3zmmGOgQ&_nc_ss=7d6a8&oh=00_Af6Pt6ofOyMjjmTz8I9Jp51xQ2V05t-WVRaS-M4bmdk-iw&oe=6A039416,rina88,rina88,FALSE,FALSE,16,16
3.89166969171883E+018,https://www.instagram.com/p/DYB_Pc2DhLC/?utm_source=ig_web_copy_link&igsh=MzRlODBiNWFlZA==,1.24354051101245E+016,https://www.instagram.com/p/DYB_Pc2DhLC/?utm_source=ig_web_copy_link&igsh=MzRlODBiNWFlZA==/c/12435405110124475/,buset aparat briefing bro,1778169783,1,817984825953372,bella1,Zaki Hidayat,https://scontent-iad6-1.cdninstagram.com/v/t51.82787-19/551057952_18479436106074710_8064216012374103146_n.jpg?stp=dst-jpg_s150x150_tt6&_nc_cat=100&ccb=7-5&_nc_sid=f7ccc5&efg=eyJ2ZW5jb2RlX3RhZyI6InByb2ZpbGVfcGljLnd3dy4xMDgwLkMzIn0%3D&_nc_ohc=zisp7lviP2UQ7kNvwGVckTa&_nc_oc=AdrP4WTEinqS-M0c1U5kitNgM9nRMhRgIz15SuIEqB1Icarxkh3GfM2v5jcWXonGHZs&_nc_zt=24&_nc_ht=scontent-iad6-1.cdninstagram.com&_nc_gid=WMI2tPWUAJnlmj3zmmGOgQ&_nc_ss=7d6a8&oh=00_Af6Pt6ofOyMjjmTz8I9Jp51xQ2V05t-WVRaS-M4bmdk-iw&oe=6A039416,bella1,bella1,FALSE,FALSE,2,2
3.89166969171883E+018,https://www.instagram.com/p/DYB_Pc2DhLC/?utm_source=ig_web_copy_link&igsh=MzRlODBiNWFlZA==,1.32408035208086E+016,https://www.instagram.com/p/DYB_Pc2DhLC/?utm_source=ig_web_copy_link&igsh=MzRlODBiNWFlZA==/c/13240803520808595/,Tapi pangan kok ga gila,1778223762,6,390483145605702,vina12,Oscar Anggraini,https://scontent-iad6-1.cdninstagram.com/v/t51.82787-19/551057952_18479436106074710_8064216012374103146_n.jpg?stp=dst-jpg_s150x150_tt6&_nc_cat=100&ccb=7-5&_nc_sid=f7ccc5&efg=eyJ2ZW5jb2RlX3RhZyI6InByb2ZpbGVfcGljLnd3dy4xMDgwLkMzIn0%3D&_nc_ohc=zisp7lviP2UQ7kNvwGVckTa&_nc_oc=AdrP4WTEinqS-M0c1U5kitNgM9nRMhRgIz15SuIEqB1Icarxkh3GfM2v5jcWXonGHZs&_nc_zt=24&_nc_ht=scontent-iad6-1.cdninstagram.com&_nc_gid=WMI2tPWUAJnlmj3zmmGOgQ&_nc_ss=7d6a8&oh=00_Af6Pt6ofOyMjjmTz8I9Jp51xQ2V05t-WVRaS-M4bmdk-iw&oe=6A039416,vina12,vina12,FALSE,FALSE,0,0
3.89166969171883E+018,https://www.instagram.com/p/DYB_Pc2DhLC/?utm_source=ig_web_copy_link&igsh=MzRlODBiNWFlZA==,1.77097594858669E+016,https://www.instagram.com/p/DYB_Pc2DhLC/?utm_source=ig_web_copy_link&igsh=MzRlODBiNWFlZA==/c/17709759485866943/,Ga jadi unfollow liat buzer astaga 🗿,1778207846,43,167554476506730,budi.wijaya2,Kartika Lestari,https://scontent-iad6-1.cdninstagram.com/v/t51.82787-19/551057952_18479436106074710_8064216012374103146_n.jpg?stp=dst-jpg_s150x150_tt6&_nc_cat=100&ccb=7-5&_nc_sid=f7ccc5&efg=eyJ2ZW5jb2RlX3RhZyI6InByb2ZpbGVfcGljLnd3dy4xMDgwLkMzIn0%3D&_nc_ohc=zisp7lviP2UQ7kNvwGVckTa&_nc_oc=AdrP4WTEinqS-M0c1U5kitNgM9nRMhRgIz15SuIEqB1Icarxkh3GfM2v5jcWXonGHZs&_nc_zt=24&_nc_ht=scontent-iad6-1.cdninstagram.com&_nc_gid=WMI2tPWUAJnlmj3zmmGOgQ&_nc_ss=7d6a8&oh=00_Af6Pt6ofOyMjjmTz8I9Jp51xQ2V05t-WVRaS-M4bmdk-iw&oe=6A039416,budi.wijaya2,budi.wijaya2,FALSE,FALSE,7,7
3.89166969171883E+018,https://www.instagram.com/p/DYB_Pc2DhLC/?utm_source=ig_web_copy_link&igsh=MzRlODBiNWFlZA==,1.42917950860784E+016,https://www.instagram.com/p/DYB_Pc2DhLC/?utm_source=ig_web_copy_link&igsh=MzRlODBiNWFlZA==/c/14291795086078404/,serius? template nih qodari 🔥,1778164298,9,459422064842641,hadi702,Eka Gunawan,https://scontent-iad6-1.cdninstagram.com/v/t51.82787-19/551057952_18479436106074710_8064216012374103146_n.jpg?stp=dst-jpg_s150x150_tt6&_nc_cat=100&ccb=7-5&_nc_sid=f7ccc5&efg=eyJ2ZW5jb2RlX3RhZyI6InByb2ZpbGVfcGljLnd3dy4xMDgwLkMzIn0%3D&_nc_ohc=zisp7lviP2UQ7kNvwGVckTa&_nc_oc=AdrP4WTEinqS-M0c1U5kitNgM9nRMhRgIz15SuIEqB1Icarxkh3GfM2v5jcWXonGHZs&_nc_zt=24&_nc_ht=scontent-iad6-1.cdninstagram.com&_nc_gid=WMI2tPWUAJnlmj3zmmGOgQ&_nc_ss=7d6a8&oh=00_Af6Pt6ofOyMjjmTz8I9Jp51xQ2V05t-WVRaS-M4bmdk-iw&oe=6A039416,hadi702,hadi702,FALSE,FALSE,1,1
3.89166969171883E+018,https://www.instagram.com/p/DYB_Pc2DhLC/?utm_source=ig_web_copy_link&igsh=MzRlODBiNWFlZA==,1.43316530185492E+016,https://www.instagram.com/p/DYB_Pc2DhLC/?utm_source=ig_web_copy_link&igsh=MzRlODBiNWFlZA==/c/14331653018549216/,🔥 arahan dong istana 😂,1778208659,69,517446837974673,nina341,Nina341,https://scontent-iad6-1.cdninstagram.com/v/t51.82787-19/551057952_18479436106074710_8064216012374103146_n.jpg?stp=dst-jpg_s150x150_tt6&_nc_cat=100&ccb=7-5&_nc_sid=f7ccc5&efg=eyJ2ZW5jb2RlX3RhZyI6InByb2ZpbGVfcGljLnd3dy4xMDgwLkMzIn0%3D&_nc_ohc=zisp7lviP2UQ7kNvwGVckTa&_nc_oc=AdrP4WTEinqS-M0c1U5kitNgM9nRMhRgIz15SuIEqB1Icarxkh3GfM2v5jcWXonGHZs&_nc_zt=24&_nc_ht=scontent-iad6-1.cdninstagram.com&_nc_gid=WMI2tPWUAJnlmj3zmmGOgQ&_nc_ss=7d6a8&oh=00_Af6Pt6ofOyMjjmTz8I9Jp51xQ2V05t-WVRaS-M4bmdk-iw&oe=6A039416,nina341,nina341,FALSE,FALSE,8,8
3.89166969171883E+018,https://www.instagram.com/p/DYB_Pc2DhLC/?utm_source=ig_web_copy_link&igsh=MzRlODBiNWFlZA==,1.79436646880234E+016,https://www.instagram.com/p/DYB_Pc2DhLC/?utm_source=ig_web_copy_link&igsh=MzRlODBiNWFlZA==/c/17943664688023403/,Unfollow sama istana wkwk,1778152072,46,451841541499956,gita5,Gita5,https://scontent-iad6-1.cdninstagram.com/v/t51.82787-19/551057952_18479436106074710_8064216012374103146_n.jpg?stp=dst-jpg_s150x150_tt6&_nc_cat=100&ccb=7-5&_nc_sid=f7ccc5&efg=eyJ2ZW5jb2RlX3RhZyI6InByb2ZpbGVfcGljLnd3dy4xMDgwLkMzIn0%3D&_nc_ohc=zisp7lviP2UQ7kNvwGVckTa&_nc_oc=AdrP4WTEinqS-M0c1U5kitNgM9nRMhRgIz15SuIEqB1Icarxkh3GfM2v5jcWXonGHZs&_nc_zt=24&_nc_ht=scontent-iad6-1.cdninstagram.com&_nc_gid=WMI2tPWUAJnlmj3zmmGOgQ&_nc_ss=7d6a8&oh=00_Af6Pt6ofOyMjjmTz8I9Jp51xQ2V05t-WVRaS-M4bmdk-iw&oe=6A039416,gita5,gita5,FALSE,FALSE,0,0
3.89166969171883E+018,https://www.instagram.com/p/DYB_Pc2DhLC/?utm_source=ig_web_copy_link&igsh=MzRlODBiNWFlZA==,1.94549272759234E+016,https://www.instagram.com/p/DYB_Pc2DhLC/?utm_source=ig_web_copy_link&igsh=MzRlODBiNWFlZA==/c/19454927275923401/,Tapi bank gimana sih serius? 😂,1778229082,13,724568111371245,indah3,Budi Lestari,https://scontent-iad6-1.cdninstagram.com/v/t51.82787-19/551057952_18479436106074710_8064216012374103146_n.jpg?stp=dst-jpg_s150x150_tt6&_nc_cat=100&ccb=7-5&_nc_sid=f7ccc5&efg=eyJ2ZW5jb2RlX3RhZyI6InByb2ZpbGVfcGljLnd3dy4xMDgwLkMzIn0%3D&_nc_ohc=zisp7lviP2UQ7kNvwGVckTa&_nc_oc=AdrP4WTEinqS-M0c1U5kitNgM9nRMhRgIz15SuIEqB1Icarxkh3GfM2v5jcWXonGHZs&_nc_zt=24&_nc_ht=scontent-iad6-1.cdninstagram.com&_nc_gid=WMI2tPWUAJnlmj3zmmGOgQ&_nc_ss=7d6a8&oh=00_Af6Pt6ofOyMjjmTz8I9Jp51xQ2V05t-WVRaS-M4bmdk-iw&oe=6A039416,indah3,indah3,FALSE,FALSE,3,3
3.89166969171883E+018,https://www.instagram.com/p/DYB_Pc2DhLC/?utm_source=ig_web_copy_link&igsh=MzRlODBiNWFlZA==,1.67211470593415E+016,https://www.instagram.com/p/DYB_Pc2DhLC/?utm_source=ig_web_copy_link&igsh=MzRlODBiNWFlZA==/c/16721147059341468/,Seharusnya pangan masa salfok masa sih,1778177331,45,209766381818363,si_nina11,Yanti Wibowo,https://scontent-iad6-1.cdninstagram.com/v/t51.82787-19/551057952_18479436106074710_8064216012374103146_n.jpg?stp=dst-jpg_s150x150_tt6&_nc_cat=100&ccb=7-5&_nc_sid=f7ccc5&efg=eyJ2ZW5jb2RlX3RhZyI6InByb2ZpbGVfcGljLnd3dy4xMDgwLkMzIn0%3D&_nc_ohc=zisp7lviP2UQ7kNvwGVckTa&_nc_oc=AdrP4WTEinqS-M0c1U5kitNgM9nRMhRgIz15SuIEqB1Icarxkh3GfM2v5jcWXonGHZs&_nc_zt=24&_nc_ht=scontent-iad6-1.cdninstagram.com&_nc_gid=WMI2tPWUAJnlmj3zmmGOgQ&_nc_ss=7d6a8&oh=00_Af6Pt6ofOyMjjmTz8I9Jp51xQ2V05t-WVRaS-M4bmdk-iw&oe=6A039416,si_nina11,si_nina11,FALSE,FALSE,6,6
3.89166969171883E+018,https://www.instagram.com/p/DYB_Pc2DhLC/?utm_source=ig_web_copy_link&igsh=MzRlODBiNWFlZA==,1.82232055509441E+016,https://www.instagram.com/p/DYB_Pc2DhLC/?utm_source=ig_web_copy_link&igsh=MzRlODBiNWFlZA==/c/18223205550944127/,Seharusnya BNI gimana sih 🗿 masa sih,1778150040,4,831664652542873,bukanvina,Bukanvina,https://scontent-iad6-1.cdninstagram.com/v/t51.82787-19/551057952_18479436106074710_8064216012374103146_n.jpg?stp=dst-jpg_s150x150_tt6&_nc_cat=100&ccb=7-5&_nc_sid=f7ccc5&efg=eyJ2ZW5jb2RlX3RhZyI6InByb2ZpbGVfcGljLnd3dy4xMDgwLkMzIn0%3D&_nc_ohc=zisp7lviP2UQ7kNvwGVckTa&_nc_oc=AdrP4WTEinqS-M0c1U5kitNgM9nRMhRgIz15SuIEqB1Icarxkh3GfM2v5jcWXonGHZs&_nc_zt=24&_nc_ht=scontent-iad6-1.cdninstagram.com&_nc_gid=WMI2tPWUAJnlmj3zmmGOgQ&_nc_ss=7d6a8&oh=00_Af6Pt6ofOyMjjmTz8I9Jp51xQ2V05t-WVRaS-M4bmdk-iw&oe=6A039416,bukanvina,bukanvina,FALSE,FALSE,1,1
3.89166969171883E+018,https://www.instagram.com/p/DYB_Pc2DhLC/?utm_source=ig_web_copy_link&igsh=MzRlODBiNWFlZA==,1.03184248545332E+016,https://www.instagram.com/p/DYB_Pc2DhLC/?utm_source=ig_web_copy_link&igsh=MzRlODBiNWFlZA==/c/10318424854533165/,serius? arahan terus rezim 🙌,1778200150,157,1044906738333865,oscar694,Oscar694,https://scontent-iad6-1.cdninstagram.com/v/t51.82787-19/551057952_18479436106074710_8064216012374103146_n.jpg?stp=dst-jpg_s150x150_tt6&_nc_cat=100&ccb=7-5&_nc_sid=f7ccc5&efg=eyJ2ZW5jb2RlX3RhZyI6InByb2ZpbGVfcGljLnd3dy4xMDgwLkMzIn0%3D&_nc_ohc=zisp7lviP2UQ7kNvwGVckTa&_nc_oc=AdrP4WTEinqS-M0c1U5kitNgM9nRMhRgIz15SuIEqB1Icarxkh3GfM2v5jcWXonGHZs&_nc_zt=24&_nc_ht=scontent-iad6-1.cdninstagram.com&_nc_gid=WMI2tPWUAJnlmj3zmmGOgQ&_nc_ss=7d6a8&oh=00_Af6Pt6ofOyMjjmTz8I9Jp51xQ2V05t-WVRaS-M4bmdk-iw&oe=6A039416,oscar694,oscar694,FALSE,FALSE,8,8
3.89166969171883E+018,https://www.instagram.com/p/DYB_Pc2DhLC/?utm_source=ig_web_copy_link&igsh=MzRlODBiNWFlZA==,1.38792059102971E+016,https://www.instagram.com/p/DYB_Pc2DhLC/?utm_source=ig_web_copy_link&igsh=MzRlODBiNWFlZA==/c/13879205910297051/,hahaha plat merah template bro wkwk,1778149921,31,430118898217953,nandadaily,Nandadaily,https://scontent-iad6-1.cdninstagram.com/v/t51.82787-19/551057952_18479436106074710_8064216012374103146_n.jpg?stp=dst-jpg_s150x150_tt6&_nc_cat=100&ccb=7-5&_nc_sid=f7ccc5&efg=eyJ2ZW5jb2RlX3RhZyI6InByb2ZpbGVfcGljLnd3dy4xMDgwLkMzIn0%3D&_nc_ohc=zisp7lviP2UQ7kNvwGVckTa&_nc_oc=AdrP4WTEinqS-M0c1U5kitNgM9nRMhRgIz15SuIEqB1Icarxkh3GfM2v5jcWXonGHZs&_nc_zt=24&_nc_ht=scontent-iad6-1.cdninstagram.com&_nc_gid=WMI2tPWUAJnlmj3zmmGOgQ&_nc_ss=7d6a8&oh=00_Af6Pt6ofOyMjjmTz8I9Jp51xQ2V05t-WVRaS-M4bmdk-iw&oe=6A039416,nandadaily,nandadaily,FALSE,FALSE,5,5
3.89166969171883E+018,https://www.instagram.com/p/DYB_Pc2DhLC/?utm_source=ig_web_copy_link&igsh=MzRlODBiNWFlZA==,1.57121283588045E+016,https://www.instagram.com/p/DYB_Pc2DhLC/?utm_source=ig_web_copy_link&igsh=MzRlODBiNWFlZA==/c/15712128358804483/,Template sama semua 🗿,1778155194,22,1026591609794315,ningsihmade88,Dewi Nugroho,https://scontent-iad6-1.cdninstagram.com/v/t51.82787-19/551057952_18479436106074710_8064216012374103146_n.jpg?stp=dst-jpg_s150x150_tt6&_nc_cat=100&ccb=7-5&_nc_sid=f7ccc5&efg=eyJ2ZW5jb2RlX3RhZyI6InByb2ZpbGVfcGljLnd3dy4xMDgwLkMzIn0%3D&_nc_ohc=zisp7lviP2UQ7kNvwGVckTa&_nc_oc=AdrP4WTEinqS-M0c1U5kitNgM9nRMhRgIz15SuIEqB1Icarxkh3GfM2v5jcWXonGHZs&_nc_zt=24&_nc_ht=scontent-iad6-1.cdninstagram.com&_nc_gid=WMI2tPWUAJnlmj3zmmGOgQ&_nc_ss=7d6a8&oh=00_Af6Pt6ofOyMjjmTz8I9Jp51xQ2V05t-WVRaS-M4bmdk-iw&oe=6A039416,ningsihmade88,ningsihmade88,FALSE,FALSE,1,1
3.89166969171883E+018,https://www.instagram.com/p/DYB_Pc2DhLC/?utm_source=ig_web_copy_link&igsh=MzRlODBiNWFlZA==,1.80948455753342E+016,https://www.instagram.com/p/DYB_Pc2DhLC/?utm_source=ig_web_copy_link&igsh=MzRlODBiNWFlZA==/c/18094845575334178/,aaah yg beneyyy,1778238868,0,54152124367,rzqichaniago_,ce.,https://scontent-iad3-2.cdninstagram.com/v/t51.2885-19/294575724_712151049883630_6746526868746872720_n.jpg?stp=dst-jpg_s150x150_tt6&_nc_cat=111&ccb=7-5&_nc_sid=f7ccc5&efg=eyJ2ZW5jb2RlX3RhZyI6InByb2ZpbGVfcGljLnd3dy4xMDgwLkMzIn0%3D&_nc_ohc=D5g6pHwBvzQQ7kNvwFaUz4v&_nc_oc=AdrkjmJlfZI8IVeyGSmT5lsQxR844xt8NXgqZJKZgOUXd50tjChZLwYNTUD2kIHud-8&_nc_zt=24&_nc_ht=scontent-iad3-2.cdninstagram.com&_nc_ss=7d6a8&oh=00_Af7NyqvXlfA8F9jeAnFJIjYzu9u_N-hNrr0_ZwDkQqtjBA&oe=6A0387C4,rzqichaniago_,rzqichaniago_,FALSE,FALSE,0,0
3.89166969171883E+018,https://www.instagram.com/p/DYB_Pc2DhLC/?utm_source=ig_web_copy_link&igsh=MzRlODBiNWFlZA==,1.3310301957527E+016,https://www.instagram.com/p/DYB_Pc2DhLC/?utm_source=ig_web_copy_link&igsh=MzRlODBiNWFlZA==/c/13310301957526962/,Qodari bilang hoax? 💀,1778235105,17,309457627847446,nandasyahputra11,Andi Pratama,https://scontent-iad6-1.cdninstagram.com/v/t51.82787-19/551057952_18479436106074710_8064216012374103146_n.jpg?stp=dst-jpg_s150x150_tt6&_nc_cat=100&ccb=7-5&_nc_sid=f7ccc5&efg=eyJ2ZW5jb2RlX3RhZyI6InByb2ZpbGVfcGljLnd3dy4xMDgwLkMzIn0%3D&_nc_ohc=zisp7lviP2UQ7kNvwGVckTa&_nc_oc=AdrP4WTEinqS-M0c1U5kitNgM9nRMhRgIz15SuIEqB1Icarxkh3GfM2v5jcWXonGHZs&_nc_zt=24&_nc_ht=scontent-iad6-1.cdninstagram.com&_nc_gid=WMI2tPWUAJnlmj3zmmGOgQ&_nc_ss=7d6a8&oh=00_Af6Pt6ofOyMjjmTz8I9Jp51xQ2V05t-WVRaS-M4bmdk-iw&oe=6A039416,nandasyahputra11,nandasyahputra11,FALSE,FALSE,4,4
3.89166969171883E+018,https://www.instagram.com/p/DYB_Pc2DhLC/?utm_source=ig_web_copy_link&igsh=MzRlODBiNWFlZA==,1.83137024772754E+016,https://www.instagram.com/p/DYB_Pc2DhLC/?utm_source=ig_web_copy_link&igsh=MzRlODBiNWFlZA==/c/18313702477275386/,"@folkative Tuntut balik dong klo merasa di rugikan !, jangan cuma statement aja !",1778240345,0,1452827030,ollesomeone,olle,https://scontent-iad3-2.cdninstagram.com/v/t51.2885-19/10584736_848138548567417_389484744_a.jpg?_nc_cat=111&ccb=7-5&_nc_sid=f7ccc5&efg=eyJ2ZW5jb2RlX3RhZyI6InByb2ZpbGVfcGljLnd3dy4xNTAuQzMifQ%3D%3D&_nc_ohc=mLXYp8mgAogQ7kNvwGui-ut&_nc_oc=AdqVgXWgG_CUu5hICl0rzoif9JYJrsmZrw9UQPT_t6S6c75FaxLrlvGjOeZ-TIATPgE&_nc_zt=24&_nc_ht=scontent-iad3-2.cdninstagram.com&_nc_ss=7d6a8&oh=00_Af7YLY3nn53Aso2R5YOJpH230LuVcUh0DiVap9IhphiE2w&oe=6A03AC45,ollesomeone,ollesomeone,FALSE,FALSE,0,0
3.89166969171883E+018,https://www.instagram.com/p/DYB_Pc2DhLC/?utm_source=ig_web_copy_link&igsh=MzRlODBiNWFlZA==,1.53728760558789E+016,https://www.instagram.com/p/DYB_Pc2DhLC/?utm_source=ig_web_copy_link&igsh=MzRlODBiNWFlZA==/c/15372876055878916/,Kemarin makan bergizi masa 💀,1778231236,69,379969079909584,umar_sari5,Umar_sari5,https://scontent-iad6-1.cdninstagram.com/v/t51.82787-19/551057952_18479436106074710_8064216012374103146_n.jpg?stp=dst-jpg_s150x150_tt6&_nc_cat=100&ccb=7-5&_nc_sid=f7ccc5&efg=eyJ2ZW5jb2RlX3RhZyI6InByb2ZpbGVfcGljLnd3dy4xMDgwLkMzIn0%3D&_nc_ohc=zisp7lviP2UQ7kNvwGVckTa&_nc_oc=AdrP4WTEinqS-M0c1U5kitNgM9nRMhRgIz15SuIEqB1Icarxkh3GfM2v5jcWXonGHZs&_nc_zt=24&_nc_ht=scontent-iad6-1.cdninstagram.com&_nc_gid=WMI2tPWUAJnlmj3zmmGOgQ&_nc_ss=7d6a8&oh=00_Af6Pt6ofOyMjjmTz8I9Jp51xQ2V05t-WVRaS-M4bmdk-iw&oe=6A039416,umar_sari5,umar_sari5,FALSE,FALSE,3,3
3.89166969171883E+018,https://www.instagram.com/p/DYB_Pc2DhLC/?utm_source=ig_web_copy_link&igsh=MzRlODBiNWFlZA==,1.70453431030598E+016,https://www.instagram.com/p/DYB_Pc2DhLC/?utm_source=ig_web_copy_link&igsh=MzRlODBiNWFlZA==/c/17045343103059789/,Istana briefing data? salfok,1778231855,18,399945708429070,bella_rachman77,Bella_rachman77,https://scontent-iad6-1.cdninstagram.com/v/t51.82787-19/551057952_18479436106074710_8064216012374103146_n.jpg?stp=dst-jpg_s150x150_tt6&_nc_cat=100&ccb=7-5&_nc_sid=f7ccc5&efg=eyJ2ZW5jb2RlX3RhZyI6InByb2ZpbGVfcGljLnd3dy4xMDgwLkMzIn0%3D&_nc_ohc=zisp7lviP2UQ7kNvwGVckTa&_nc_oc=AdrP4WTEinqS-M0c1U5kitNgM9nRMhRgIz15SuIEqB1Icarxkh3GfM2v5jcWXonGHZs&_nc_zt=24&_nc_ht=scontent-iad6-1.cdninstagram.com&_nc_gid=WMI2tPWUAJnlmj3zmmGOgQ&_nc_ss=7d6a8&oh=00_Af6Pt6ofOyMjjmTz8I9Jp51xQ2V05t-WVRaS-M4bmdk-iw&oe=6A039416,bella_rachman77,bella_rachman77,FALSE,FALSE,6,6
3.89166969171883E+018,https://www.instagram.com/p/DYB_Pc2DhLC/?utm_source=ig_web_copy_link&igsh=MzRlODBiNWFlZA==,1.62143100148532E+016,https://www.instagram.com/p/DYB_Pc2DhLC/?utm_source=ig_web_copy_link&igsh=MzRlODBiNWFlZA==/c/16214310014853213/,Emang briefing? 🙌 🤣,1778174387,157,1046396088148698,doni707,Doni707,https://scontent-iad6-1.cdninstagram.com/v/t51.82787-19/551057952_18479436106074710_8064216012374103146_n.jpg?stp=dst-jpg_s150x150_tt6&_nc_cat=100&ccb=7-5&_nc_sid=f7ccc5&efg=eyJ2ZW5jb2RlX3RhZyI6InByb2ZpbGVfcGljLnd3dy4xMDgwLkMzIn0%3D&_nc_ohc=zisp7lviP2UQ7kNvwGVckTa&_nc_oc=AdrP4WTEinqS-M0c1U5kitNgM9nRMhRgIz15SuIEqB1Icarxkh3GfM2v5jcWXonGHZs&_nc_zt=24&_nc_ht=scontent-iad6-1.cdninstagram.com&_nc_gid=WMI2tPWUAJnlmj3zmmGOgQ&_nc_ss=7d6a8&oh=00_Af6Pt6ofOyMjjmTz8I9Jp51xQ2V05t-WVRaS-M4bmdk-iw&oe=6A039416,doni707,doni707,FALSE,FALSE,15,15
3.89166969171883E+018,https://www.instagram.com/p/DYB_Pc2DhLC/?utm_source=ig_web_copy_link&igsh=MzRlODBiNWFlZA==,1.19518197965312E+016,https://www.instagram.com/p/DYB_Pc2DhLC/?utm_source=ig_web_copy_link&igsh=MzRlODBiNWFlZA==/c/11951819796531178/,Baru tau sama buzer serius?,1778197170,24,243890177049879,fajar190,Bella Wahyuni,https://scontent-iad6-1.cdninstagram.com/v/t51.82787-19/551057952_18479436106074710_8064216012374103146_n.jpg?stp=dst-jpg_s150x150_tt6&_nc_cat=100&ccb=7-5&_nc_sid=f7ccc5&efg=eyJ2ZW5jb2RlX3RhZyI6InByb2ZpbGVfcGljLnd3dy4xMDgwLkMzIn0%3D&_nc_ohc=zisp7lviP2UQ7kNvwGVckTa&_nc_oc=AdrP4WTEinqS-M0c1U5kitNgM9nRMhRgIz15SuIEqB1Icarxkh3GfM2v5jcWXonGHZs&_nc_zt=24&_nc_ht=scontent-iad6-1.cdninstagram.com&_nc_gid=WMI2tPWUAJnlmj3zmmGOgQ&_nc_ss=7d6a8&oh=00_Af6Pt6ofOyMjjmTz8I9Jp51xQ2V05t-WVRaS-M4bmdk-iw&oe=6A039416,fajar190,fajar190,FALSE,FALSE,2,2
3.89166969171883E+018,https://www.instagram.com/p/DYB_Pc2DhLC/?utm_source=ig_web_copy_link&igsh=MzRlODBiNWFlZA==,1.84825258310351E+016,https://www.instagram.com/p/DYB_Pc2DhLC/?utm_source=ig_web_copy_link&igsh=MzRlODBiNWFlZA==/c/18482525831035092/,Kemarin kasus kok ga 🤣,1778197495,3,169601159039175,aisyahandi2,Fajar Hakim,https://scontent-iad6-1.cdninstagram.com/v/t51.82787-19/551057952_18479436106074710_8064216012374103146_n.jpg?stp=dst-jpg_s150x150_tt6&_nc_cat=100&ccb=7-5&_nc_sid=f7ccc5&efg=eyJ2ZW5jb2RlX3RhZyI6InByb2ZpbGVfcGljLnd3dy4xMDgwLkMzIn0%3D&_nc_ohc=zisp7lviP2UQ7kNvwGVckTa&_nc_oc=AdrP4WTEinqS-M0c1U5kitNgM9nRMhRgIz15SuIEqB1Icarxkh3GfM2v5jcWXonGHZs&_nc_zt=24&_nc_ht=scontent-iad6-1.cdninstagram.com&_nc_gid=WMI2tPWUAJnlmj3zmmGOgQ&_nc_ss=7d6a8&oh=00_Af6Pt6ofOyMjjmTz8I9Jp51xQ2V05t-WVRaS-M4bmdk-iw&oe=6A039416,aisyahandi2,aisyahandi2,FALSE,FALSE,0,0
3.89166969171883E+018,https://www.instagram.com/p/DYB_Pc2DhLC/?utm_source=ig_web_copy_link&igsh=MzRlODBiNWFlZA==,1.60775192502316E+016,https://www.instagram.com/p/DYB_Pc2DhLC/?utm_source=ig_web_copy_link&igsh=MzRlODBiNWFlZA==/c/16077519250231623/,Unfollow sama buzer 🤣,1778229106,4,858236213662977,andisaputra10,Fajar Gunawan,https://scontent-iad6-1.cdninstagram.com/v/t51.82787-19/551057952_18479436106074710_8064216012374103146_n.jpg?stp=dst-jpg_s150x150_tt6&_nc_cat=100&ccb=7-5&_nc_sid=f7ccc5&efg=eyJ2ZW5jb2RlX3RhZyI6InByb2ZpbGVfcGljLnd3dy4xMDgwLkMzIn0%3D&_nc_ohc=zisp7lviP2UQ7kNvwGVckTa&_nc_oc=AdrP4WTEinqS-M0c1U5kitNgM9nRMhRgIz15SuIEqB1Icarxkh3GfM2v5jcWXonGHZs&_nc_zt=24&_nc_ht=scontent-iad6-1.cdninstagram.com&_nc_gid=WMI2tPWUAJnlmj3zmmGOgQ&_nc_ss=7d6a8&oh=00_Af6Pt6ofOyMjjmTz8I9Jp51xQ2V05t-WVRaS-M4bmdk-iw&oe=6A039416,andisaputra10,andisaputra10,FALSE,FALSE,2,2
3.89166969171883E+018,https://www.instagram.com/p/DYB_Pc2DhLC/?utm_source=ig_web_copy_link&igsh=MzRlODBiNWFlZA==,1.80007675107495E+016,https://www.instagram.com/p/DYB_Pc2DhLC/?utm_source=ig_web_copy_link&igsh=MzRlODBiNWFlZA==/c/18000767510749505/,Tumben captionnya kosongan? Biasanya 😭😭😭😭😭😭😭😭🫵🫵🫵🫵🫵🫵🫵😭😭😭😭😭😭😭😭😭😭😭😭😭😭😭🫵🫵🫵🫵😭😭😭😭😭😭😭🫵🫵🫵🫵🫵🫵🫵🫵🫵🫵🫵🫵🫵😭😭😭😭😭😭😭😭😭😭😭😭😭😭😭😭😭😭🫵🫵🫵🫵🫵🫵🫵🫵😭😭😭😭🫵🫵🫵🫵🫵🫵🫵😭😭😭😭😭😭🫵🫵😭😭😭😭😭😭😭😭😭😭😭🫵🫵🫵🫵🫵🫵🫵🫵🫵🫵🫵,1778159417,56,1387643579,dilovprisca,ปริสก้า,https://scontent-iad6-1.cdninstagram.com/v/t51.82787-19/685842985_18597131278059580_979098570535369581_n.jpg?stp=dst-jpg_s150x150_tt6&_nc_cat=106&ccb=7-5&_nc_sid=f7ccc5&efg=eyJ2ZW5jb2RlX3RhZyI6InByb2ZpbGVfcGljLnd3dy4xMDgwLkMzIn0%3D&_nc_ohc=s697YGsdvwkQ7kNvwGJLzNL&_nc_oc=Adoswf8MlJllzx9BkPOcQ40K0AWGpm-1mpqGBjkzD2AWxuun3GYIunx6x75oZBxtwHk&_nc_zt=24&_nc_ht=scontent-iad6-1.cdninstagram.com&_nc_gid=YVzTi_7OXT0eF77y3gncMg&_nc_ss=7d6a8&oh=00_Af6NAAaGGpcoP7s5kuEmfe-Hti75ir8NqRjgIBGeHUNfOQ&oe=6A03A219,dilovprisca,dilovprisca,FALSE,FALSE,0,0
3.89166969171883E+018,https://www.instagram.com/p/DYB_Pc2DhLC/?utm_source=ig_web_copy_link&igsh=MzRlODBiNWFlZA==,1.98320239037752E+016,https://www.instagram.com/p/DYB_Pc2DhLC/?utm_source=ig_web_copy_link&igsh=MzRlODBiNWFlZA==/c/19832023903775194/,serius? arahan terus pemerintah,1778188310,16,912701703603224,bella693,Putri Sari,https://scontent-iad6-1.cdninstagram.com/v/t51.82787-19/551057952_18479436106074710_8064216012374103146_n.jpg?stp=dst-jpg_s150x150_tt6&_nc_cat=100&ccb=7-5&_nc_sid=f7ccc5&efg=eyJ2ZW5jb2RlX3RhZyI6InByb2ZpbGVfcGljLnd3dy4xMDgwLkMzIn0%3D&_nc_ohc=zisp7lviP2UQ7kNvwGVckTa&_nc_oc=AdrP4WTEinqS-M0c1U5kitNgM9nRMhRgIz15SuIEqB1Icarxkh3GfM2v5jcWXonGHZs&_nc_zt=24&_nc_ht=scontent-iad6-1.cdninstagram.com&_nc_gid=WMI2tPWUAJnlmj3zmmGOgQ&_nc_ss=7d6a8&oh=00_Af6Pt6ofOyMjjmTz8I9Jp51xQ2V05t-WVRaS-M4bmdk-iw&oe=6A039416,bella693,bella693,FALSE,FALSE,0,0
3.89166969171883E+018,https://www.instagram.com/p/DYB_Pc2DhLC/?utm_source=ig_web_copy_link&igsh=MzRlODBiNWFlZA==,1.81296824565116E+016,https://www.instagram.com/p/DYB_Pc2DhLC/?utm_source=ig_web_copy_link&igsh=MzRlODBiNWFlZA==/c/18129682456511628/,Klarifikasi nya SAMA SMUAAAAA 😂 COPY PASTE ATAU PEMERINTAH YV PEGANG SKRNG 😭😭,1778215360,0,1698844625,bndvadams,🦖,https://scontent-iad6-1.cdninstagram.com/v/t51.82787-19/660425656_18583426921028626_8653722064318935288_n.jpg?stp=dst-jpg_s150x150_tt6&_nc_cat=107&ccb=7-5&_nc_sid=f7ccc5&efg=eyJ2ZW5jb2RlX3RhZyI6InByb2ZpbGVfcGljLnd3dy4xMDgwLkMzIn0%3D&_nc_ohc=rZy8uWkNK_wQ7kNvwF0JK8r&_nc_oc=AdqSfYhhB__RNTJpsUDzazSSButa5uh6xcTkqFBIo_V2KlN9o3NAu9eytXoxYD7FS9g&_nc_zt=24&_nc_ht=scontent-iad6-1.cdninstagram.com&_nc_gid=YMPpvY4wT3w-fWrbEdZEIA&_nc_ss=7d6a8&oh=00_Af5RNQ7LFx4VGlKZ7XiG6IL4RZ2aheS5uxU-pLXOeyXhuA&oe=6A039398,bndvadams,bndvadams,FALSE,FALSE,1,1
3.89166969171883E+018,https://www.instagram.com/p/DYB_Pc2DhLC/?utm_source=ig_web_copy_link&igsh=MzRlODBiNWFlZA==,1.43784794004217E+016,https://www.instagram.com/p/DYB_Pc2DhLC/?utm_source=ig_web_copy_link&igsh=MzRlODBiNWFlZA==/c/14378479400421679/,buset copy paste dong pemerintah hahaha,1778217029,37,1030211996665963,yahnina77,Tono Santoso,https://scontent-iad6-1.cdninstagram.com/v/t51.82787-19/551057952_18479436106074710_8064216012374103146_n.jpg?stp=dst-jpg_s150x150_tt6&_nc_cat=100&ccb=7-5&_nc_sid=f7ccc5&efg=eyJ2ZW5jb2RlX3RhZyI6InByb2ZpbGVfcGljLnd3dy4xMDgwLkMzIn0%3D&_nc_ohc=zisp7lviP2UQ7kNvwGVckTa&_nc_oc=AdrP4WTEinqS-M0c1U5kitNgM9nRMhRgIz15SuIEqB1Icarxkh3GfM2v5jcWXonGHZs&_nc_zt=24&_nc_ht=scontent-iad6-1.cdninstagram.com&_nc_gid=WMI2tPWUAJnlmj3zmmGOgQ&_nc_ss=7d6a8&oh=00_Af6Pt6ofOyMjjmTz8I9Jp51xQ2V05t-WVRaS-M4bmdk-iw&oe=6A039416,yahnina77,yahnina77,FALSE,FALSE,0,0
3.89166969171883E+018,https://www.instagram.com/p/DYB_Pc2DhLC/?utm_source=ig_web_copy_link&igsh=MzRlODBiNWFlZA==,1.70435719756585E+016,https://www.instagram.com/p/DYB_Pc2DhLC/?utm_source=ig_web_copy_link&igsh=MzRlODBiNWFlZA==/c/17043571975658536/,Jadi cuci tangan? 🗿 🙌,1778198103,15,431069959292414,jihan9,Jihan9,https://scontent-iad6-1.cdninstagram.com/v/t51.82787-19/551057952_18479436106074710_8064216012374103146_n.jpg?stp=dst-jpg_s150x150_tt6&_nc_cat=100&ccb=7-5&_nc_sid=f7ccc5&efg=eyJ2ZW5jb2RlX3RhZyI6InByb2ZpbGVfcGljLnd3dy4xMDgwLkMzIn0%3D&_nc_ohc=zisp7lviP2UQ7kNvwGVckTa&_nc_oc=AdrP4WTEinqS-M0c1U5kitNgM9nRMhRgIz15SuIEqB1Icarxkh3GfM2v5jcWXonGHZs&_nc_zt=24&_nc_ht=scontent-iad6-1.cdninstagram.com&_nc_gid=WMI2tPWUAJnlmj3zmmGOgQ&_nc_ss=7d6a8&oh=00_Af6Pt6ofOyMjjmTz8I9Jp51xQ2V05t-WVRaS-M4bmdk-iw&oe=6A039416,jihan9,jihan9,FALSE,FALSE,2,2
3.89166969171883E+018,https://www.instagram.com/p/DYB_Pc2DhLC/?utm_source=ig_web_copy_link&igsh=MzRlODBiNWFlZA==,1.47685823912321E+016,https://www.instagram.com/p/DYB_Pc2DhLC/?utm_source=ig_web_copy_link&igsh=MzRlODBiNWFlZA==/c/14768582391232140/,Seharusnya BNI masa salfok 🤣,1778195688,30,312898619656656,farhaninfo77,Putri Nugroho,https://scontent-iad6-1.cdninstagram.com/v/t51.82787-19/551057952_18479436106074710_8064216012374103146_n.jpg?stp=dst-jpg_s150x150_tt6&_nc_cat=100&ccb=7-5&_nc_sid=f7ccc5&efg=eyJ2ZW5jb2RlX3RhZyI6InByb2ZpbGVfcGljLnd3dy4xMDgwLkMzIn0%3D&_nc_ohc=zisp7lviP2UQ7kNvwGVckTa&_nc_oc=AdrP4WTEinqS-M0c1U5kitNgM9nRMhRgIz15SuIEqB1Icarxkh3GfM2v5jcWXonGHZs&_nc_zt=24&_nc_ht=scontent-iad6-1.cdninstagram.com&_nc_gid=WMI2tPWUAJnlmj3zmmGOgQ&_nc_ss=7d6a8&oh=00_Af6Pt6ofOyMjjmTz8I9Jp51xQ2V05t-WVRaS-M4bmdk-iw&oe=6A039416,farhaninfo77,farhaninfo77,FALSE,FALSE,7,7
3.89166969171883E+018,https://www.instagram.com/p/DYB_Pc2DhLC/?utm_source=ig_web_copy_link&igsh=MzRlODBiNWFlZA==,1.06623751067329E+016,https://www.instagram.com/p/DYB_Pc2DhLC/?utm_source=ig_web_copy_link&igsh=MzRlODBiNWFlZA==/c/10662375106732894/,Emang kritik? 💀,1778179292,247,1089922695688720,dewi_hakim3,Dewi_hakim3,https://scontent-iad6-1.cdninstagram.com/v/t51.82787-19/551057952_18479436106074710_8064216012374103146_n.jpg?stp=dst-jpg_s150x150_tt6&_nc_cat=100&ccb=7-5&_nc_sid=f7ccc5&efg=eyJ2ZW5jb2RlX3RhZyI6InByb2ZpbGVfcGljLnd3dy4xMDgwLkMzIn0%3D&_nc_ohc=zisp7lviP2UQ7kNvwGVckTa&_nc_oc=AdrP4WTEinqS-M0c1U5kitNgM9nRMhRgIz15SuIEqB1Icarxkh3GfM2v5jcWXonGHZs&_nc_zt=24&_nc_ht=scontent-iad6-1.cdninstagram.com&_nc_gid=WMI2tPWUAJnlmj3zmmGOgQ&_nc_ss=7d6a8&oh=00_Af6Pt6ofOyMjjmTz8I9Jp51xQ2V05t-WVRaS-M4bmdk-iw&oe=6A039416,dewi_hakim3,dewi_hakim3,FALSE,FALSE,14,14
3.89166969171883E+018,https://www.instagram.com/p/DYB_Pc2DhLC/?utm_source=ig_web_copy_link&igsh=MzRlODBiNWFlZA==,1.83986550932303E+016,https://www.instagram.com/p/DYB_Pc2DhLC/?utm_source=ig_web_copy_link&igsh=MzRlODBiNWFlZA==/c/18398655093230277/,Katanya template? salfok,1778241288,186,108446420483617,putri88,Yanti Utami,https://scontent-iad6-1.cdninstagram.com/v/t51.82787-19/551057952_18479436106074710_8064216012374103146_n.jpg?stp=dst-jpg_s150x150_tt6&_nc_cat=100&ccb=7-5&_nc_sid=f7ccc5&efg=eyJ2ZW5jb2RlX3RhZyI6InByb2ZpbGVfcGljLnd3dy4xMDgwLkMzIn0%3D&_nc_ohc=zisp7lviP2UQ7kNvwGVckTa&_nc_oc=AdrP4WTEinqS-M0c1U5kitNgM9nRMhRgIz15SuIEqB1Icarxkh3GfM2v5jcWXonGHZs&_nc_zt=24&_nc_ht=scontent-iad6-1.cdninstagram.com&_nc_gid=WMI2tPWUAJnlmj3zmmGOgQ&_nc_ss=7d6a8&oh=00_Af6Pt6ofOyMjjmTz8I9Jp51xQ2V05t-WVRaS-M4bmdk-iw&oe=6A039416,putri88,putri88,FALSE,FALSE,6,6
